[2026-05-02 18:59:23] Plugin watcher started. PollSeconds=30; IntervalSeconds=300
[2026-05-02 18:59:23] Running installer: C:\Users\18826\Documents\work_doc_ob\Telpo\scripts\obsidian-claudian-auto\Install-ClaudianToObsidianVaults.ps1
[2026-05-02 18:59:24] [2026-05-02 18:59:24] Plugins already installed/enabled for vault: C:\Users\18826\Documents\work_doc_ob\Telpo; installed=22; enabledTotal=24
[2026-05-02 18:59:24] [2026-05-02 18:59:24] Finished. Plugins=22; processed vaults=1; skipped entries=0.
[2026-05-02 18:59:24] Installer finished.
[2026-05-02 19:04:24] Running installer: C:\Users\18826\Documents\work_doc_ob\Telpo\scripts\obsidian-claudian-auto\Install-ClaudianToObsidianVaults.ps1
[2026-05-02 19:04:24] [2026-05-02 19:04:24] Plugins already installed/enabled for vault: C:\Users\18826\Documents\work_doc_ob\Telpo; installed=22; enabledTotal=24
[2026-05-02 19:04:24] [2026-05-02 19:04:24] Finished. Plugins=22; processed vaults=1; skipped entries=0.
[2026-05-02 19:04:24] Installer finished.
[2026-05-02 19:09:24] Running installer: C:\Users\18826\Documents\work_doc_ob\Telpo\scripts\obsidian-claudian-auto\Install-ClaudianToObsidianVaults.ps1
[2026-05-02 19:09:24] [2026-05-02 19:09:24] Plugins already installed/enabled for vault: C:\Users\18826\Documents\work_doc_ob\Telpo; installed=22; enabledTotal=24
[2026-05-02 19:09:24] [2026-05-02 19:09:24] Finished. Plugins=22; processed vaults=1; skipped entries=0.
[2026-05-02 19:09:24] Installer finished.
[2026-05-02 19:14:24] Running installer: C:\Users\18826\Documents\work_doc_ob\Telpo\scripts\obsidian-claudian-auto\Install-ClaudianToObsidianVaults.ps1
[2026-05-02 19:14:24] [2026-05-02 19:14:24] Plugins already installed/enabled for vault: C:\Users\18826\Documents\work_doc_ob\Telpo; installed=22; enabledTotal=24
[2026-05-02 19:14:24] [2026-05-02 19:14:24] Finished. Plugins=22; processed vaults=1; skipped entries=0.
[2026-05-02 19:14:24] Installer finished.
[2026-05-02 19:19:24] Running installer: C:\Users\18826\Documents\work_doc_ob\Telpo\scripts\obsidian-claudian-auto\Install-ClaudianToObsidianVaults.ps1
[2026-05-02 19:19:25] [2026-05-02 19:19:25] Plugins already installed/enabled for vault: C:\Users\18826\Documents\work_doc_ob\Telpo; installed=22; enabledTotal=24
[2026-05-02 19:19:25] [2026-05-02 19:19:25] Finished. Plugins=22; processed vaults=1; skipped entries=0.
[2026-05-02 19:19:25] Installer finished.
[2026-05-02 19:24:25] Running installer: C:\Users\18826\Documents\work_doc_ob\Telpo\scripts\obsidian-claudian-auto\Install-ClaudianToObsidianVaults.ps1
[2026-05-02 19:24:25] [2026-05-02 19:24:25] Plugins already installed/enabled for vault: C:\Users\18826\Documents\work_doc_ob\Telpo; installed=22; enabledTotal=24
[2026-05-02 19:24:25] [2026-05-02 19:24:25] Finished. Plugins=22; processed vaults=1; skipped entries=0.
[2026-05-02 19:24:25] Installer finished.
[2026-05-02 19:29:25] Running installer: C:\Users\18826\Documents\work_doc_ob\Telpo\scripts\obsidian-claudian-auto\Install-ClaudianToObsidianVaults.ps1
[2026-05-02 19:29:25] [2026-05-02 19:29:25] Plugins already installed/enabled for vault: C:\Users\18826\Documents\work_doc_ob\Telpo; installed=22; enabledTotal=24
[2026-05-02 19:29:25] [2026-05-02 19:29:25] Finished. Plugins=22; processed vaults=1; skipped entries=0.
[2026-05-02 19:29:25] Installer finished.
[2026-05-02 19:34:25] Running installer: C:\Users\18826\Documents\work_doc_ob\Telpo\scripts\obsidian-claudian-auto\Install-ClaudianToObsidianVaults.ps1
[2026-05-02 19:34:25] [2026-05-02 19:34:25] Plugins already installed/enabled for vault: C:\Users\18826\Documents\work_doc_ob\Telpo; installed=22; enabledTotal=24
[2026-05-02 19:34:25] [2026-05-02 19:34:25] Finished. Plugins=22; processed vaults=1; skipped entries=0.
[2026-05-02 19:34:25] Installer finished.
[2026-05-02 19:39:25] Running installer: C:\Users\18826\Documents\work_doc_ob\Telpo\scripts\obsidian-claudian-auto\Install-ClaudianToObsidianVaults.ps1
[2026-05-02 19:39:26] [2026-05-02 19:39:26] Plugins already installed/enabled for vault: C:\Users\18826\Documents\work_doc_ob\Telpo; installed=22; enabledTotal=24
[2026-05-02 19:39:26] [2026-05-02 19:39:26] Finished. Plugins=22; processed vaults=1; skipped entries=0.
[2026-05-02 19:39:26] Installer finished.
[2026-05-02 19:44:26] Running installer: C:\Users\18826\Documents\work_doc_ob\Telpo\scripts\obsidian-claudian-auto\Install-ClaudianToObsidianVaults.ps1
[2026-05-02 19:44:26] [2026-05-02 19:44:26] Plugins already installed/enabled for vault: C:\Users\18826\Documents\work_doc_ob\Telpo; installed=22; enabledTotal=24
[2026-05-02 19:44:26] [2026-05-02 19:44:26] Finished. Plugins=22; processed vaults=1; skipped entries=0.
[2026-05-02 19:44:26] Installer finished.
[2026-05-02 19:49:26] Running installer: C:\Users\18826\Documents\work_doc_ob\Telpo\scripts\obsidian-claudian-auto\Install-ClaudianToObsidianVaults.ps1
[2026-05-02 19:49:26] [2026-05-02 19:49:26] Plugins already installed/enabled for vault: C:\Users\18826\Documents\work_doc_ob\Telpo; installed=22; enabledTotal=24
[2026-05-02 19:49:26] [2026-05-02 19:49:26] Finished. Plugins=22; processed vaults=1; skipped entries=0.
[2026-05-02 19:49:26] Installer finished.
[2026-05-02 19:54:26] Running installer: C:\Users\18826\Documents\work_doc_ob\Telpo\scripts\obsidian-claudian-auto\Install-ClaudianToObsidianVaults.ps1
[2026-05-02 19:54:26] [2026-05-02 19:54:26] Plugins already installed/enabled for vault: C:\Users\18826\Documents\work_doc_ob\Telpo; installed=22; enabledTotal=24
[2026-05-02 19:54:26] [2026-05-02 19:54:26] Finished. Plugins=22; processed vaults=1; skipped entries=0.
[2026-05-02 19:54:26] Installer finished.
[2026-05-02 19:59:26] Running installer: C:\Users\18826\Documents\work_doc_ob\Telpo\scripts\obsidian-claudian-auto\Install-ClaudianToObsidianVaults.ps1
[2026-05-02 19:59:27] [2026-05-02 19:59:27] Plugins already installed/enabled for vault: C:\Users\18826\Documents\work_doc_ob\Telpo; installed=22; enabledTotal=24
[2026-05-02 19:59:27] [2026-05-02 19:59:27] Finished. Plugins=22; processed vaults=1; skipped entries=0.
[2026-05-02 19:59:27] Installer finished.
[2026-05-02 20:04:27] Running installer: C:\Users\18826\Documents\work_doc_ob\Telpo\scripts\obsidian-claudian-auto\Install-ClaudianToObsidianVaults.ps1
[2026-05-02 20:04:27] [2026-05-02 20:04:27] Plugins already installed/enabled for vault: C:\Users\18826\Documents\work_doc_ob\Telpo; installed=22; enabledTotal=24
[2026-05-02 20:04:27] [2026-05-02 20:04:27] Finished. Plugins=22; processed vaults=1; skipped entries=0.
[2026-05-02 20:04:27] Installer finished.
[2026-05-02 20:09:27] Running installer: C:\Users\18826\Documents\work_doc_ob\Telpo\scripts\obsidian-claudian-auto\Install-ClaudianToObsidianVaults.ps1
[2026-05-02 20:09:27] [2026-05-02 20:09:27] Plugins already installed/enabled for vault: C:\Users\18826\Documents\work_doc_ob\Telpo; installed=22; enabledTotal=24
[2026-05-02 20:09:27] [2026-05-02 20:09:27] Finished. Plugins=22; processed vaults=1; skipped entries=0.
[2026-05-02 20:09:27] Installer finished.
[2026-05-02 20:14:27] Running installer: C:\Users\18826\Documents\work_doc_ob\Telpo\scripts\obsidian-claudian-auto\Install-ClaudianToObsidianVaults.ps1
[2026-05-02 20:14:27] [2026-05-02 20:14:27] Plugins already installed/enabled for vault: C:\Users\18826\Documents\work_doc_ob\Telpo; installed=22; enabledTotal=24
[2026-05-02 20:14:27] [2026-05-02 20:14:27] Finished. Plugins=22; processed vaults=1; skipped entries=0.
[2026-05-02 20:14:27] Installer finished.
[2026-05-02 20:19:28] Running installer: C:\Users\18826\Documents\work_doc_ob\Telpo\scripts\obsidian-claudian-auto\Install-ClaudianToObsidianVaults.ps1
[2026-05-02 20:19:28] [2026-05-02 20:19:28] Plugins already installed/enabled for vault: C:\Users\18826\Documents\work_doc_ob\Telpo; installed=22; enabledTotal=24
[2026-05-02 20:19:28] [2026-05-02 20:19:28] Finished. Plugins=22; processed vaults=1; skipped entries=0.
[2026-05-02 20:19:28] Installer finished.
[2026-05-02 20:24:28] Running installer: C:\Users\18826\Documents\work_doc_ob\Telpo\scripts\obsidian-claudian-auto\Install-ClaudianToObsidianVaults.ps1
[2026-05-02 20:24:28] [2026-05-02 20:24:28] Plugins already installed/enabled for vault: C:\Users\18826\Documents\work_doc_ob\Telpo; installed=22; enabledTotal=24
[2026-05-02 20:24:28] [2026-05-02 20:24:28] Finished. Plugins=22; processed vaults=1; skipped entries=0.
[2026-05-02 20:24:28] Installer finished.
[2026-05-02 20:29:28] Running installer: C:\Users\18826\Documents\work_doc_ob\Telpo\scripts\obsidian-claudian-auto\Install-ClaudianToObsidianVaults.ps1
[2026-05-02 20:29:28] [2026-05-02 20:29:28] Plugins already installed/enabled for vault: C:\Users\18826\Documents\work_doc_ob\Telpo; installed=22; enabledTotal=24
[2026-05-02 20:29:28] [2026-05-02 20:29:28] Finished. Plugins=22; processed vaults=1; skipped entries=0.
[2026-05-02 20:29:28] Installer finished.
[2026-05-02 20:34:28] Running installer: C:\Users\18826\Documents\work_doc_ob\Telpo\scripts\obsidian-claudian-auto\Install-ClaudianToObsidianVaults.ps1
[2026-05-02 20:34:28] [2026-05-02 20:34:28] Plugins already installed/enabled for vault: C:\Users\18826\Documents\work_doc_ob\Telpo; installed=22; enabledTotal=24
[2026-05-02 20:34:28] [2026-05-02 20:34:28] Finished. Plugins=22; processed vaults=1; skipped entries=0.
[2026-05-02 20:34:28] Installer finished.
[2026-05-02 20:39:29] Running installer: C:\Users\18826\Documents\work_doc_ob\Telpo\scripts\obsidian-claudian-auto\Install-ClaudianToObsidianVaults.ps1
[2026-05-02 20:39:29] [2026-05-02 20:39:29] Plugins already installed/enabled for vault: C:\Users\18826\Documents\work_doc_ob\Telpo; installed=22; enabledTotal=24
[2026-05-02 20:39:29] [2026-05-02 20:39:29] Finished. Plugins=22; processed vaults=1; skipped entries=0.
[2026-05-02 20:39:29] Installer finished.
[2026-05-02 20:44:29] Running installer: C:\Users\18826\Documents\work_doc_ob\Telpo\scripts\obsidian-claudian-auto\Install-ClaudianToObsidianVaults.ps1
[2026-05-02 20:44:29] [2026-05-02 20:44:29] Plugins already installed/enabled for vault: C:\Users\18826\Documents\work_doc_ob\Telpo; installed=22; enabledTotal=24
[2026-05-02 20:44:29] [2026-05-02 20:44:29] Finished. Plugins=22; processed vaults=1; skipped entries=0.
[2026-05-02 20:44:29] Installer finished.
[2026-05-02 20:49:29] Running installer: C:\Users\18826\Documents\work_doc_ob\Telpo\scripts\obsidian-claudian-auto\Install-ClaudianToObsidianVaults.ps1
[2026-05-02 20:49:29] [2026-05-02 20:49:29] Plugins already installed/enabled for vault: C:\Users\18826\Documents\work_doc_ob\Telpo; installed=22; enabledTotal=24
[2026-05-02 20:49:29] [2026-05-02 20:49:29] Finished. Plugins=22; processed vaults=1; skipped entries=0.
[2026-05-02 20:49:29] Installer finished.
[2026-05-02 20:54:29] Running installer: C:\Users\18826\Documents\work_doc_ob\Telpo\scripts\obsidian-claudian-auto\Install-ClaudianToObsidianVaults.ps1
[2026-05-02 20:54:30] [2026-05-02 20:54:30] Plugins already installed/enabled for vault: C:\Users\18826\Documents\work_doc_ob\Telpo; installed=22; enabledTotal=24
[2026-05-02 20:54:30] [2026-05-02 20:54:30] Finished. Plugins=22; processed vaults=1; skipped entries=0.
[2026-05-02 20:54:30] Installer finished.
[2026-05-02 20:59:30] Running installer: C:\Users\18826\Documents\work_doc_ob\Telpo\scripts\obsidian-claudian-auto\Install-ClaudianToObsidianVaults.ps1
[2026-05-02 20:59:30] [2026-05-02 20:59:30] Plugins already installed/enabled for vault: C:\Users\18826\Documents\work_doc_ob\Telpo; installed=22; enabledTotal=24
[2026-05-02 20:59:30] [2026-05-02 20:59:30] Finished. Plugins=22; processed vaults=1; skipped entries=0.
[2026-05-02 20:59:30] Installer finished.
[2026-05-02 21:04:30] Running installer: C:\Users\18826\Documents\work_doc_ob\Telpo\scripts\obsidian-claudian-auto\Install-ClaudianToObsidianVaults.ps1
[2026-05-02 21:04:30] [2026-05-02 21:04:30] Plugins already installed/enabled for vault: C:\Users\18826\Documents\work_doc_ob\Telpo; installed=22; enabledTotal=24
[2026-05-02 21:04:30] [2026-05-02 21:04:30] Finished. Plugins=22; processed vaults=1; skipped entries=0.
[2026-05-02 21:04:30] Installer finished.
[2026-05-02 21:09:30] Running installer: C:\Users\18826\Documents\work_doc_ob\Telpo\scripts\obsidian-claudian-auto\Install-ClaudianToObsidianVaults.ps1
[2026-05-02 21:09:31] [2026-05-02 21:09:31] Plugins already installed/enabled for vault: C:\Users\18826\Documents\work_doc_ob\Telpo; installed=22; enabledTotal=24
[2026-05-02 21:09:31] [2026-05-02 21:09:31] Finished. Plugins=22; processed vaults=1; skipped entries=0.
[2026-05-02 21:09:31] Installer finished.
[2026-05-02 21:14:31] Running installer: C:\Users\18826\Documents\work_doc_ob\Telpo\scripts\obsidian-claudian-auto\Install-ClaudianToObsidianVaults.ps1
[2026-05-02 21:14:31] [2026-05-02 21:14:31] Plugins already installed/enabled for vault: C:\Users\18826\Documents\work_doc_ob\Telpo; installed=22; enabledTotal=24
[2026-05-02 21:14:31] [2026-05-02 21:14:31] Finished. Plugins=22; processed vaults=1; skipped entries=0.
[2026-05-02 21:14:31] Installer finished.
[2026-05-02 21:19:31] Running installer: C:\Users\18826\Documents\work_doc_ob\Telpo\scripts\obsidian-claudian-auto\Install-ClaudianToObsidianVaults.ps1
[2026-05-02 21:19:31] [2026-05-02 21:19:31] Plugins already installed/enabled for vault: C:\Users\18826\Documents\work_doc_ob\Telpo; installed=22; enabledTotal=24
[2026-05-02 21:19:31] [2026-05-02 21:19:31] Finished. Plugins=22; processed vaults=1; skipped entries=0.
[2026-05-02 21:19:31] Installer finished.
[2026-05-02 21:24:31] Running installer: C:\Users\18826\Documents\work_doc_ob\Telpo\scripts\obsidian-claudian-auto\Install-ClaudianToObsidianVaults.ps1
[2026-05-02 21:24:31] [2026-05-02 21:24:31] Plugins already installed/enabled for vault: C:\Users\18826\Documents\work_doc_ob\Telpo; installed=22; enabledTotal=24
[2026-05-02 21:24:31] [2026-05-02 21:24:31] Finished. Plugins=22; processed vaults=1; skipped entries=0.
[2026-05-02 21:24:31] Installer finished.
[2026-05-02 21:29:31] Running installer: C:\Users\18826\Documents\work_doc_ob\Telpo\scripts\obsidian-claudian-auto\Install-ClaudianToObsidianVaults.ps1
[2026-05-02 21:29:32] [2026-05-02 21:29:32] Plugins already installed/enabled for vault: C:\Users\18826\Documents\work_doc_ob\Telpo; installed=22; enabledTotal=24
[2026-05-02 21:29:32] [2026-05-02 21:29:32] Finished. Plugins=22; processed vaults=1; skipped entries=0.
[2026-05-02 21:29:32] Installer finished.
[2026-05-02 21:34:32] Running installer: C:\Users\18826\Documents\work_doc_ob\Telpo\scripts\obsidian-claudian-auto\Install-ClaudianToObsidianVaults.ps1
[2026-05-02 21:34:32] [2026-05-02 21:34:32] Plugins already installed/enabled for vault: C:\Users\18826\Documents\work_doc_ob\Telpo; installed=22; enabledTotal=24
[2026-05-02 21:34:32] [2026-05-02 21:34:32] Finished. Plugins=22; processed vaults=1; skipped entries=0.
[2026-05-02 21:34:32] Installer finished.
[2026-05-02 21:39:32] Running installer: C:\Users\18826\Documents\work_doc_ob\Telpo\scripts\obsidian-claudian-auto\Install-ClaudianToObsidianVaults.ps1
[2026-05-02 21:39:32] [2026-05-02 21:39:32] Plugins already installed/enabled for vault: C:\Users\18826\Documents\work_doc_ob\Telpo; installed=22; enabledTotal=24
[2026-05-02 21:39:32] [2026-05-02 21:39:32] Finished. Plugins=22; processed vaults=1; skipped entries=0.
[2026-05-02 21:39:32] Installer finished.
[2026-05-02 21:44:32] Running installer: C:\Users\18826\Documents\work_doc_ob\Telpo\scripts\obsidian-claudian-auto\Install-ClaudianToObsidianVaults.ps1
[2026-05-02 21:44:32] [2026-05-02 21:44:32] Plugins already installed/enabled for vault: C:\Users\18826\Documents\work_doc_ob\Telpo; installed=22; enabledTotal=24
[2026-05-02 21:44:32] [2026-05-02 21:44:32] Finished. Plugins=22; processed vaults=1; skipped entries=0.
[2026-05-02 21:44:32] Installer finished.
[2026-05-02 21:49:32] Running installer: C:\Users\18826\Documents\work_doc_ob\Telpo\scripts\obsidian-claudian-auto\Install-ClaudianToObsidianVaults.ps1
[2026-05-02 21:49:33] [2026-05-02 21:49:33] Plugins already installed/enabled for vault: C:\Users\18826\Documents\work_doc_ob\Telpo; installed=22; enabledTotal=24
[2026-05-02 21:49:33] [2026-05-02 21:49:33] Finished. Plugins=22; processed vaults=1; skipped entries=0.
[2026-05-02 21:49:33] Installer finished.
[2026-05-02 21:54:33] Running installer: C:\Users\18826\Documents\work_doc_ob\Telpo\scripts\obsidian-claudian-auto\Install-ClaudianToObsidianVaults.ps1
[2026-05-02 21:54:33] [2026-05-02 21:54:33] Plugins already installed/enabled for vault: C:\Users\18826\Documents\work_doc_ob\Telpo; installed=22; enabledTotal=24
[2026-05-02 21:54:33] [2026-05-02 21:54:33] Finished. Plugins=22; processed vaults=1; skipped entries=0.
[2026-05-02 21:54:33] Installer finished.
[2026-05-02 21:59:33] Running installer: C:\Users\18826\Documents\work_doc_ob\Telpo\scripts\obsidian-claudian-auto\Install-ClaudianToObsidianVaults.ps1
[2026-05-02 21:59:33] [2026-05-02 21:59:33] Plugins already installed/enabled for vault: C:\Users\18826\Documents\work_doc_ob\Telpo; installed=22; enabledTotal=24
[2026-05-02 21:59:33] [2026-05-02 21:59:33] Finished. Plugins=22; processed vaults=1; skipped entries=0.
[2026-05-02 21:59:33] Installer finished.
[2026-05-02 22:04:33] Running installer: C:\Users\18826\Documents\work_doc_ob\Telpo\scripts\obsidian-claudian-auto\Install-ClaudianToObsidianVaults.ps1
[2026-05-02 22:04:33] [2026-05-02 22:04:33] Plugins already installed/enabled for vault: C:\Users\18826\Documents\work_doc_ob\Telpo; installed=22; enabledTotal=24
[2026-05-02 22:04:33] [2026-05-02 22:04:33] Finished. Plugins=22; processed vaults=1; skipped entries=0.
[2026-05-02 22:04:33] Installer finished.
[2026-05-02 22:09:33] Running installer: C:\Users\18826\Documents\work_doc_ob\Telpo\scripts\obsidian-claudian-auto\Install-ClaudianToObsidianVaults.ps1
[2026-05-02 22:09:34] [2026-05-02 22:09:34] Plugins already installed/enabled for vault: C:\Users\18826\Documents\work_doc_ob\Telpo; installed=22; enabledTotal=24
[2026-05-02 22:09:34] [2026-05-02 22:09:34] Finished. Plugins=22; processed vaults=1; skipped entries=0.
[2026-05-02 22:09:34] Installer finished.
[2026-05-02 22:14:34] Running installer: C:\Users\18826\Documents\work_doc_ob\Telpo\scripts\obsidian-claudian-auto\Install-ClaudianToObsidianVaults.ps1
[2026-05-02 22:14:34] [2026-05-02 22:14:34] Plugins already installed/enabled for vault: C:\Users\18826\Documents\work_doc_ob\Telpo; installed=22; enabledTotal=24
[2026-05-02 22:14:34] [2026-05-02 22:14:34] Finished. Plugins=22; processed vaults=1; skipped entries=0.
[2026-05-02 22:14:34] Installer finished.
[2026-05-02 22:19:34] Running installer: C:\Users\18826\Documents\work_doc_ob\Telpo\scripts\obsidian-claudian-auto\Install-ClaudianToObsidianVaults.ps1
[2026-05-02 22:19:34] [2026-05-02 22:19:34] Plugins already installed/enabled for vault: C:\Users\18826\Documents\work_doc_ob\Telpo; installed=22; enabledTotal=24
[2026-05-02 22:19:34] [2026-05-02 22:19:34] Finished. Plugins=22; processed vaults=1; skipped entries=0.
[2026-05-02 22:19:34] Installer finished.
[2026-05-02 22:24:34] Running installer: C:\Users\18826\Documents\work_doc_ob\Telpo\scripts\obsidian-claudian-auto\Install-ClaudianToObsidianVaults.ps1
[2026-05-02 22:24:34] [2026-05-02 22:24:34] Plugins already installed/enabled for vault: C:\Users\18826\Documents\work_doc_ob\Telpo; installed=22; enabledTotal=24
[2026-05-02 22:24:34] [2026-05-02 22:24:34] Finished. Plugins=22; processed vaults=1; skipped entries=0.
[2026-05-02 22:24:34] Installer finished.
[2026-05-02 22:29:35] Running installer: C:\Users\18826\Documents\work_doc_ob\Telpo\scripts\obsidian-claudian-auto\Install-ClaudianToObsidianVaults.ps1
[2026-05-02 22:29:35] [2026-05-02 22:29:35] Plugins already installed/enabled for vault: C:\Users\18826\Documents\work_doc_ob\Telpo; installed=22; enabledTotal=24
[2026-05-02 22:29:35] [2026-05-02 22:29:35] Finished. Plugins=22; processed vaults=1; skipped entries=0.
[2026-05-02 22:29:35] Installer finished.
[2026-05-02 22:34:35] Running installer: C:\Users\18826\Documents\work_doc_ob\Telpo\scripts\obsidian-claudian-auto\Install-ClaudianToObsidianVaults.ps1
[2026-05-02 22:34:35] [2026-05-02 22:34:35] Plugins already installed/enabled for vault: C:\Users\18826\Documents\work_doc_ob\Telpo; installed=22; enabledTotal=24
[2026-05-02 22:34:35] [2026-05-02 22:34:35] Finished. Plugins=22; processed vaults=1; skipped entries=0.
[2026-05-02 22:34:35] Installer finished.
[2026-05-02 22:39:35] Running installer: C:\Users\18826\Documents\work_doc_ob\Telpo\scripts\obsidian-claudian-auto\Install-ClaudianToObsidianVaults.ps1
[2026-05-02 22:39:35] [2026-05-02 22:39:35] Plugins already installed/enabled for vault: C:\Users\18826\Documents\work_doc_ob\Telpo; installed=22; enabledTotal=24
[2026-05-02 22:39:35] [2026-05-02 22:39:35] Finished. Plugins=22; processed vaults=1; skipped entries=0.
[2026-05-02 22:39:35] Installer finished.
[2026-05-02 22:44:35] Running installer: C:\Users\18826\Documents\work_doc_ob\Telpo\scripts\obsidian-claudian-auto\Install-ClaudianToObsidianVaults.ps1
[2026-05-02 22:44:36] [2026-05-02 22:44:36] Plugins already installed/enabled for vault: C:\Users\18826\Documents\work_doc_ob\Telpo; installed=22; enabledTotal=24
[2026-05-02 22:44:36] [2026-05-02 22:44:36] Finished. Plugins=22; processed vaults=1; skipped entries=0.
[2026-05-02 22:44:36] Installer finished.
[2026-05-02 22:49:36] Running installer: C:\Users\18826\Documents\work_doc_ob\Telpo\scripts\obsidian-claudian-auto\Install-ClaudianToObsidianVaults.ps1
[2026-05-02 22:49:36] [2026-05-02 22:49:36] Plugins already installed/enabled for vault: C:\Users\18826\Documents\work_doc_ob\Telpo; installed=22; enabledTotal=24
[2026-05-02 22:49:36] [2026-05-02 22:49:36] Finished. Plugins=22; processed vaults=1; skipped entries=0.
[2026-05-02 22:49:36] Installer finished.
[2026-05-02 22:54:36] Running installer: C:\Users\18826\Documents\work_doc_ob\Telpo\scripts\obsidian-claudian-auto\Install-ClaudianToObsidianVaults.ps1
[2026-05-02 22:54:36] [2026-05-02 22:54:36] Plugins already installed/enabled for vault: C:\Users\18826\Documents\work_doc_ob\Telpo; installed=22; enabledTotal=24
[2026-05-02 22:54:36] [2026-05-02 22:54:36] Finished. Plugins=22; processed vaults=1; skipped entries=0.
[2026-05-02 22:54:36] Installer finished.
[2026-05-02 22:59:36] Running installer: C:\Users\18826\Documents\work_doc_ob\Telpo\scripts\obsidian-claudian-auto\Install-ClaudianToObsidianVaults.ps1
[2026-05-02 22:59:36] [2026-05-02 22:59:36] Plugins already installed/enabled for vault: C:\Users\18826\Documents\work_doc_ob\Telpo; installed=22; enabledTotal=24
[2026-05-02 22:59:36] [2026-05-02 22:59:36] Finished. Plugins=22; processed vaults=1; skipped entries=0.
[2026-05-02 22:59:36] Installer finished.
[2026-05-02 23:04:36] Running installer: C:\Users\18826\Documents\work_doc_ob\Telpo\scripts\obsidian-claudian-auto\Install-ClaudianToObsidianVaults.ps1
[2026-05-02 23:04:37] [2026-05-02 23:04:37] Plugins already installed/enabled for vault: C:\Users\18826\Documents\work_doc_ob\Telpo; installed=22; enabledTotal=24
[2026-05-02 23:04:37] [2026-05-02 23:04:37] Finished. Plugins=22; processed vaults=1; skipped entries=0.
[2026-05-02 23:04:37] Installer finished.
[2026-05-02 23:09:37] Running installer: C:\Users\18826\Documents\work_doc_ob\Telpo\scripts\obsidian-claudian-auto\Install-ClaudianToObsidianVaults.ps1
[2026-05-02 23:09:37] [2026-05-02 23:09:37] Plugins already installed/enabled for vault: C:\Users\18826\Documents\work_doc_ob\Telpo; installed=22; enabledTotal=24
[2026-05-02 23:09:37] [2026-05-02 23:09:37] Finished. Plugins=22; processed vaults=1; skipped entries=0.
[2026-05-02 23:09:37] Installer finished.
[2026-05-02 23:14:37] Running installer: C:\Users\18826\Documents\work_doc_ob\Telpo\scripts\obsidian-claudian-auto\Install-ClaudianToObsidianVaults.ps1
[2026-05-02 23:14:37] [2026-05-02 23:14:37] Plugins already installed/enabled for vault: C:\Users\18826\Documents\work_doc_ob\Telpo; installed=22; enabledTotal=24
[2026-05-02 23:14:37] [2026-05-02 23:14:37] Finished. Plugins=22; processed vaults=1; skipped entries=0.
[2026-05-02 23:14:37] Installer finished.
[2026-05-02 23:19:37] Running installer: C:\Users\18826\Documents\work_doc_ob\Telpo\scripts\obsidian-claudian-auto\Install-ClaudianToObsidianVaults.ps1
[2026-05-02 23:19:37] [2026-05-02 23:19:37] Plugins already installed/enabled for vault: C:\Users\18826\Documents\work_doc_ob\Telpo; installed=22; enabledTotal=24
[2026-05-02 23:19:37] [2026-05-02 23:19:37] Finished. Plugins=22; processed vaults=1; skipped entries=0.
[2026-05-02 23:19:37] Installer finished.
[2026-05-02 23:24:38] Running installer: C:\Users\18826\Documents\work_doc_ob\Telpo\scripts\obsidian-claudian-auto\Install-ClaudianToObsidianVaults.ps1
[2026-05-02 23:24:38] [2026-05-02 23:24:38] Plugins already installed/enabled for vault: C:\Users\18826\Documents\work_doc_ob\Telpo; installed=22; enabledTotal=24
[2026-05-02 23:24:38] [2026-05-02 23:24:38] Finished. Plugins=22; processed vaults=1; skipped entries=0.
[2026-05-02 23:24:38] Installer finished.
[2026-05-02 23:29:38] Running installer: C:\Users\18826\Documents\work_doc_ob\Telpo\scripts\obsidian-claudian-auto\Install-ClaudianToObsidianVaults.ps1
[2026-05-02 23:29:38] [2026-05-02 23:29:38] Plugins already installed/enabled for vault: C:\Users\18826\Documents\work_doc_ob\Telpo; installed=22; enabledTotal=24
[2026-05-02 23:29:38] [2026-05-02 23:29:38] Finished. Plugins=22; processed vaults=1; skipped entries=0.
[2026-05-02 23:29:38] Installer finished.
[2026-05-02 23:34:38] Running installer: C:\Users\18826\Documents\work_doc_ob\Telpo\scripts\obsidian-claudian-auto\Install-ClaudianToObsidianVaults.ps1
[2026-05-02 23:34:38] [2026-05-02 23:34:38] Plugins already installed/enabled for vault: C:\Users\18826\Documents\work_doc_ob\Telpo; installed=22; enabledTotal=24
[2026-05-02 23:34:38] [2026-05-02 23:34:38] Finished. Plugins=22; processed vaults=1; skipped entries=0.
[2026-05-02 23:34:38] Installer finished.
[2026-05-02 23:39:38] Running installer: C:\Users\18826\Documents\work_doc_ob\Telpo\scripts\obsidian-claudian-auto\Install-ClaudianToObsidianVaults.ps1
[2026-05-02 23:39:38] [2026-05-02 23:39:38] Plugins already installed/enabled for vault: C:\Users\18826\Documents\work_doc_ob\Telpo; installed=22; enabledTotal=24
[2026-05-02 23:39:38] [2026-05-02 23:39:38] Finished. Plugins=22; processed vaults=1; skipped entries=0.
[2026-05-02 23:39:38] Installer finished.
[2026-05-02 23:44:39] Running installer: C:\Users\18826\Documents\work_doc_ob\Telpo\scripts\obsidian-claudian-auto\Install-ClaudianToObsidianVaults.ps1
[2026-05-02 23:44:39] [2026-05-02 23:44:39] Plugins already installed/enabled for vault: C:\Users\18826\Documents\work_doc_ob\Telpo; installed=22; enabledTotal=24
[2026-05-02 23:44:39] [2026-05-02 23:44:39] Finished. Plugins=22; processed vaults=1; skipped entries=0.
[2026-05-02 23:44:39] Installer finished.
[2026-05-02 23:49:39] Running installer: C:\Users\18826\Documents\work_doc_ob\Telpo\scripts\obsidian-claudian-auto\Install-ClaudianToObsidianVaults.ps1
[2026-05-02 23:49:39] [2026-05-02 23:49:39] Plugins already installed/enabled for vault: C:\Users\18826\Documents\work_doc_ob\Telpo; installed=22; enabledTotal=24
[2026-05-02 23:49:39] [2026-05-02 23:49:39] Finished. Plugins=22; processed vaults=1; skipped entries=0.
[2026-05-02 23:49:39] Installer finished.
[2026-05-02 23:54:39] Running installer: C:\Users\18826\Documents\work_doc_ob\Telpo\scripts\obsidian-claudian-auto\Install-ClaudianToObsidianVaults.ps1
[2026-05-02 23:54:39] [2026-05-02 23:54:39] Plugins already installed/enabled for vault: C:\Users\18826\Documents\work_doc_ob\Telpo; installed=22; enabledTotal=24
[2026-05-02 23:54:39] [2026-05-02 23:54:39] Finished. Plugins=22; processed vaults=1; skipped entries=0.
[2026-05-02 23:54:39] Installer finished.
[2026-05-02 23:59:39] Running installer: C:\Users\18826\Documents\work_doc_ob\Telpo\scripts\obsidian-claudian-auto\Install-ClaudianToObsidianVaults.ps1
[2026-05-02 23:59:40] [2026-05-02 23:59:40] Plugins already installed/enabled for vault: C:\Users\18826\Documents\work_doc_ob\Telpo; installed=22; enabledTotal=24
[2026-05-02 23:59:40] [2026-05-02 23:59:40] Finished. Plugins=22; processed vaults=1; skipped entries=0.
[2026-05-02 23:59:40] Installer finished.
[2026-05-03 00:04:40] Running installer: C:\Users\18826\Documents\work_doc_ob\Telpo\scripts\obsidian-claudian-auto\Install-ClaudianToObsidianVaults.ps1
[2026-05-03 00:04:40] [2026-05-03 00:04:40] Plugins already installed/enabled for vault: C:\Users\18826\Documents\work_doc_ob\Telpo; installed=22; enabledTotal=24
[2026-05-03 00:04:40] [2026-05-03 00:04:40] Finished. Plugins=22; processed vaults=1; skipped entries=0.
[2026-05-03 00:04:40] Installer finished.
[2026-05-03 00:09:40] Running installer: C:\Users\18826\Documents\work_doc_ob\Telpo\scripts\obsidian-claudian-auto\Install-ClaudianToObsidianVaults.ps1
[2026-05-03 00:09:40] [2026-05-03 00:09:40] Plugins already installed/enabled for vault: C:\Users\18826\Documents\work_doc_ob\Telpo; installed=22; enabledTotal=24
[2026-05-03 00:09:40] [2026-05-03 00:09:40] Finished. Plugins=22; processed vaults=1; skipped entries=0.
[2026-05-03 00:09:40] Installer finished.
[2026-05-03 00:14:40] Running installer: C:\Users\18826\Documents\work_doc_ob\Telpo\scripts\obsidian-claudian-auto\Install-ClaudianToObsidianVaults.ps1
[2026-05-03 00:14:40] [2026-05-03 00:14:40] Plugins already installed/enabled for vault: C:\Users\18826\Documents\work_doc_ob\Telpo; installed=22; enabledTotal=24
[2026-05-03 00:14:40] [2026-05-03 00:14:40] Finished. Plugins=22; processed vaults=1; skipped entries=0.
[2026-05-03 00:14:40] Installer finished.
[2026-05-03 00:19:41] Running installer: C:\Users\18826\Documents\work_doc_ob\Telpo\scripts\obsidian-claudian-auto\Install-ClaudianToObsidianVaults.ps1
[2026-05-03 00:19:41] [2026-05-03 00:19:41] Plugins already installed/enabled for vault: C:\Users\18826\Documents\work_doc_ob\Telpo; installed=22; enabledTotal=24
[2026-05-03 00:19:41] [2026-05-03 00:19:41] Finished. Plugins=22; processed vaults=1; skipped entries=0.
[2026-05-03 00:19:41] Installer finished.
[2026-05-03 00:24:41] Running installer: C:\Users\18826\Documents\work_doc_ob\Telpo\scripts\obsidian-claudian-auto\Install-ClaudianToObsidianVaults.ps1
[2026-05-03 00:24:41] [2026-05-03 00:24:41] Plugins already installed/enabled for vault: C:\Users\18826\Documents\work_doc_ob\Telpo; installed=22; enabledTotal=24
[2026-05-03 00:24:41] [2026-05-03 00:24:41] Finished. Plugins=22; processed vaults=1; skipped entries=0.
[2026-05-03 00:24:41] Installer finished.
[2026-05-03 00:29:41] Running installer: C:\Users\18826\Documents\work_doc_ob\Telpo\scripts\obsidian-claudian-auto\Install-ClaudianToObsidianVaults.ps1
[2026-05-03 00:29:41] [2026-05-03 00:29:41] Plugins already installed/enabled for vault: C:\Users\18826\Documents\work_doc_ob\Telpo; installed=22; enabledTotal=24
[2026-05-03 00:29:41] [2026-05-03 00:29:41] Finished. Plugins=22; processed vaults=1; skipped entries=0.
[2026-05-03 00:29:41] Installer finished.
[2026-05-03 00:34:41] Running installer: C:\Users\18826\Documents\work_doc_ob\Telpo\scripts\obsidian-claudian-auto\Install-ClaudianToObsidianVaults.ps1
[2026-05-03 00:34:42] [2026-05-03 00:34:42] Plugins already installed/enabled for vault: C:\Users\18826\Documents\work_doc_ob\Telpo; installed=22; enabledTotal=24
[2026-05-03 00:34:42] [2026-05-03 00:34:42] Finished. Plugins=22; processed vaults=1; skipped entries=0.
[2026-05-03 00:34:42] Installer finished.
[2026-05-03 00:39:42] Running installer: C:\Users\18826\Documents\work_doc_ob\Telpo\scripts\obsidian-claudian-auto\Install-ClaudianToObsidianVaults.ps1
[2026-05-03 00:39:42] [2026-05-03 00:39:42] Plugins already installed/enabled for vault: C:\Users\18826\Documents\work_doc_ob\Telpo; installed=22; enabledTotal=24
[2026-05-03 00:39:42] [2026-05-03 00:39:42] Finished. Plugins=22; processed vaults=1; skipped entries=0.
[2026-05-03 00:39:42] Installer finished.
[2026-05-03 00:44:42] Running installer: C:\Users\18826\Documents\work_doc_ob\Telpo\scripts\obsidian-claudian-auto\Install-ClaudianToObsidianVaults.ps1
[2026-05-03 00:44:42] [2026-05-03 00:44:42] Plugins already installed/enabled for vault: C:\Users\18826\Documents\work_doc_ob\Telpo; installed=22; enabledTotal=24
[2026-05-03 00:44:42] [2026-05-03 00:44:42] Finished. Plugins=22; processed vaults=1; skipped entries=0.
[2026-05-03 00:44:42] Installer finished.
[2026-05-03 00:49:42] Running installer: C:\Users\18826\Documents\work_doc_ob\Telpo\scripts\obsidian-claudian-auto\Install-ClaudianToObsidianVaults.ps1
[2026-05-03 00:49:42] [2026-05-03 00:49:42] Plugins already installed/enabled for vault: C:\Users\18826\Documents\work_doc_ob\Telpo; installed=22; enabledTotal=24
[2026-05-03 00:49:42] [2026-05-03 00:49:42] Finished. Plugins=22; processed vaults=1; skipped entries=0.
[2026-05-03 00:49:42] Installer finished.
[2026-05-03 00:54:42] Running installer: C:\Users\18826\Documents\work_doc_ob\Telpo\scripts\obsidian-claudian-auto\Install-ClaudianToObsidianVaults.ps1
[2026-05-03 00:54:43] [2026-05-03 00:54:43] Plugins already installed/enabled for vault: C:\Users\18826\Documents\work_doc_ob\Telpo; installed=22; enabledTotal=24
[2026-05-03 00:54:43] [2026-05-03 00:54:43] Finished. Plugins=22; processed vaults=1; skipped entries=0.
[2026-05-03 00:54:43] Installer finished.
[2026-05-03 00:59:43] Running installer: C:\Users\18826\Documents\work_doc_ob\Telpo\scripts\obsidian-claudian-auto\Install-ClaudianToObsidianVaults.ps1
[2026-05-03 00:59:43] [2026-05-03 00:59:43] Plugins already installed/enabled for vault: C:\Users\18826\Documents\work_doc_ob\Telpo; installed=22; enabledTotal=24
[2026-05-03 00:59:43] [2026-05-03 00:59:43] Finished. Plugins=22; processed vaults=1; skipped entries=0.
[2026-05-03 00:59:43] Installer finished.
[2026-05-03 01:04:43] Running installer: C:\Users\18826\Documents\work_doc_ob\Telpo\scripts\obsidian-claudian-auto\Install-ClaudianToObsidianVaults.ps1
[2026-05-03 01:04:43] [2026-05-03 01:04:43] Plugins already installed/enabled for vault: C:\Users\18826\Documents\work_doc_ob\Telpo; installed=22; enabledTotal=24
[2026-05-03 01:04:43] [2026-05-03 01:04:43] Finished. Plugins=22; processed vaults=1; skipped entries=0.
[2026-05-03 01:04:43] Installer finished.
[2026-05-03 01:09:43] Running installer: C:\Users\18826\Documents\work_doc_ob\Telpo\scripts\obsidian-claudian-auto\Install-ClaudianToObsidianVaults.ps1
[2026-05-03 01:09:43] [2026-05-03 01:09:43] Plugins already installed/enabled for vault: C:\Users\18826\Documents\work_doc_ob\Telpo; installed=22; enabledTotal=24
[2026-05-03 01:09:43] [2026-05-03 01:09:43] Finished. Plugins=22; processed vaults=1; skipped entries=0.
[2026-05-03 01:09:43] Installer finished.
[2026-05-03 01:14:43] Running installer: C:\Users\18826\Documents\work_doc_ob\Telpo\scripts\obsidian-claudian-auto\Install-ClaudianToObsidianVaults.ps1
[2026-05-03 01:14:44] [2026-05-03 01:14:44] Plugins already installed/enabled for vault: C:\Users\18826\Documents\work_doc_ob\Telpo; installed=22; enabledTotal=24
[2026-05-03 01:14:44] [2026-05-03 01:14:44] Finished. Plugins=22; processed vaults=1; skipped entries=0.
[2026-05-03 01:14:44] Installer finished.
[2026-05-03 01:19:44] Running installer: C:\Users\18826\Documents\work_doc_ob\Telpo\scripts\obsidian-claudian-auto\Install-ClaudianToObsidianVaults.ps1
[2026-05-03 01:19:44] [2026-05-03 01:19:44] Plugins already installed/enabled for vault: C:\Users\18826\Documents\work_doc_ob\Telpo; installed=22; enabledTotal=24
[2026-05-03 01:19:44] [2026-05-03 01:19:44] Finished. Plugins=22; processed vaults=1; skipped entries=0.
[2026-05-03 01:19:44] Installer finished.
[2026-05-03 01:24:44] Running installer: C:\Users\18826\Documents\work_doc_ob\Telpo\scripts\obsidian-claudian-auto\Install-ClaudianToObsidianVaults.ps1
[2026-05-03 01:24:44] [2026-05-03 01:24:44] Plugins already installed/enabled for vault: C:\Users\18826\Documents\work_doc_ob\Telpo; installed=22; enabledTotal=24
[2026-05-03 01:24:44] [2026-05-03 01:24:44] Finished. Plugins=22; processed vaults=1; skipped entries=0.
[2026-05-03 01:24:44] Installer finished.
[2026-05-03 01:29:44] Running installer: C:\Users\18826\Documents\work_doc_ob\Telpo\scripts\obsidian-claudian-auto\Install-ClaudianToObsidianVaults.ps1
[2026-05-03 01:29:44] [2026-05-03 01:29:44] Plugins already installed/enabled for vault: C:\Users\18826\Documents\work_doc_ob\Telpo; installed=22; enabledTotal=24
[2026-05-03 01:29:44] [2026-05-03 01:29:44] Finished. Plugins=22; processed vaults=1; skipped entries=0.
[2026-05-03 01:29:44] Installer finished.
[2026-05-03 01:34:45] Running installer: C:\Users\18826\Documents\work_doc_ob\Telpo\scripts\obsidian-claudian-auto\Install-ClaudianToObsidianVaults.ps1
[2026-05-03 01:34:45] [2026-05-03 01:34:45] Plugins already installed/enabled for vault: C:\Users\18826\Documents\work_doc_ob\Telpo; installed=22; enabledTotal=24
[2026-05-03 01:34:45] [2026-05-03 01:34:45] Finished. Plugins=22; processed vaults=1; skipped entries=0.
[2026-05-03 01:34:45] Installer finished.
[2026-05-03 01:39:45] Running installer: C:\Users\18826\Documents\work_doc_ob\Telpo\scripts\obsidian-claudian-auto\Install-ClaudianToObsidianVaults.ps1
[2026-05-03 01:39:45] [2026-05-03 01:39:45] Plugins already installed/enabled for vault: C:\Users\18826\Documents\work_doc_ob\Telpo; installed=22; enabledTotal=24
[2026-05-03 01:39:45] [2026-05-03 01:39:45] Finished. Plugins=22; processed vaults=1; skipped entries=0.
[2026-05-03 01:39:45] Installer finished.
[2026-05-03 01:44:45] Running installer: C:\Users\18826\Documents\work_doc_ob\Telpo\scripts\obsidian-claudian-auto\Install-ClaudianToObsidianVaults.ps1
[2026-05-03 01:44:45] [2026-05-03 01:44:45] Plugins already installed/enabled for vault: C:\Users\18826\Documents\work_doc_ob\Telpo; installed=22; enabledTotal=24
[2026-05-03 01:44:45] [2026-05-03 01:44:45] Finished. Plugins=22; processed vaults=1; skipped entries=0.
[2026-05-03 01:44:45] Installer finished.
[2026-05-03 01:49:45] Running installer: C:\Users\18826\Documents\work_doc_ob\Telpo\scripts\obsidian-claudian-auto\Install-ClaudianToObsidianVaults.ps1
[2026-05-03 01:49:45] [2026-05-03 01:49:45] Plugins already installed/enabled for vault: C:\Users\18826\Documents\work_doc_ob\Telpo; installed=22; enabledTotal=24
[2026-05-03 01:49:45] [2026-05-03 01:49:45] Finished. Plugins=22; processed vaults=1; skipped entries=0.
[2026-05-03 01:49:45] Installer finished.
[2026-05-03 01:54:46] Running installer: C:\Users\18826\Documents\work_doc_ob\Telpo\scripts\obsidian-claudian-auto\Install-ClaudianToObsidianVaults.ps1
[2026-05-03 01:54:46] [2026-05-03 01:54:46] Plugins already installed/enabled for vault: C:\Users\18826\Documents\work_doc_ob\Telpo; installed=22; enabledTotal=24
[2026-05-03 01:54:46] [2026-05-03 01:54:46] Finished. Plugins=22; processed vaults=1; skipped entries=0.
[2026-05-03 01:54:46] Installer finished.
[2026-05-03 01:59:46] Running installer: C:\Users\18826\Documents\work_doc_ob\Telpo\scripts\obsidian-claudian-auto\Install-ClaudianToObsidianVaults.ps1
[2026-05-03 01:59:46] [2026-05-03 01:59:46] Plugins already installed/enabled for vault: C:\Users\18826\Documents\work_doc_ob\Telpo; installed=22; enabledTotal=24
[2026-05-03 01:59:46] [2026-05-03 01:59:46] Finished. Plugins=22; processed vaults=1; skipped entries=0.
[2026-05-03 01:59:46] Installer finished.
[2026-05-03 02:04:46] Running installer: C:\Users\18826\Documents\work_doc_ob\Telpo\scripts\obsidian-claudian-auto\Install-ClaudianToObsidianVaults.ps1
[2026-05-03 02:04:46] [2026-05-03 02:04:46] Plugins already installed/enabled for vault: C:\Users\18826\Documents\work_doc_ob\Telpo; installed=22; enabledTotal=24
[2026-05-03 02:04:46] [2026-05-03 02:04:46] Finished. Plugins=22; processed vaults=1; skipped entries=0.
[2026-05-03 02:04:46] Installer finished.
[2026-05-03 02:09:46] Running installer: C:\Users\18826\Documents\work_doc_ob\Telpo\scripts\obsidian-claudian-auto\Install-ClaudianToObsidianVaults.ps1
[2026-05-03 02:09:46] [2026-05-03 02:09:46] Plugins already installed/enabled for vault: C:\Users\18826\Documents\work_doc_ob\Telpo; installed=22; enabledTotal=24
[2026-05-03 02:09:46] [2026-05-03 02:09:46] Finished. Plugins=22; processed vaults=1; skipped entries=0.
[2026-05-03 02:09:46] Installer finished.
[2026-05-03 02:14:47] Running installer: C:\Users\18826\Documents\work_doc_ob\Telpo\scripts\obsidian-claudian-auto\Install-ClaudianToObsidianVaults.ps1
[2026-05-03 02:14:47] [2026-05-03 02:14:47] Plugins already installed/enabled for vault: C:\Users\18826\Documents\work_doc_ob\Telpo; installed=22; enabledTotal=24
[2026-05-03 02:14:47] [2026-05-03 02:14:47] Finished. Plugins=22; processed vaults=1; skipped entries=0.
[2026-05-03 02:14:47] Installer finished.
[2026-05-03 02:19:47] Running installer: C:\Users\18826\Documents\work_doc_ob\Telpo\scripts\obsidian-claudian-auto\Install-ClaudianToObsidianVaults.ps1
[2026-05-03 02:19:47] [2026-05-03 02:19:47] Plugins already installed/enabled for vault: C:\Users\18826\Documents\work_doc_ob\Telpo; installed=22; enabledTotal=24
[2026-05-03 02:19:47] [2026-05-03 02:19:47] Finished. Plugins=22; processed vaults=1; skipped entries=0.
[2026-05-03 02:19:47] Installer finished.
[2026-05-03 02:24:47] Running installer: C:\Users\18826\Documents\work_doc_ob\Telpo\scripts\obsidian-claudian-auto\Install-ClaudianToObsidianVaults.ps1
[2026-05-03 02:24:47] [2026-05-03 02:24:47] Plugins already installed/enabled for vault: C:\Users\18826\Documents\work_doc_ob\Telpo; installed=22; enabledTotal=24
[2026-05-03 02:24:47] [2026-05-03 02:24:47] Finished. Plugins=22; processed vaults=1; skipped entries=0.
[2026-05-03 02:24:47] Installer finished.
[2026-05-03 02:29:47] Running installer: C:\Users\18826\Documents\work_doc_ob\Telpo\scripts\obsidian-claudian-auto\Install-ClaudianToObsidianVaults.ps1
[2026-05-03 02:29:47] [2026-05-03 02:29:47] Plugins already installed/enabled for vault: C:\Users\18826\Documents\work_doc_ob\Telpo; installed=22; enabledTotal=24
[2026-05-03 02:29:47] [2026-05-03 02:29:47] Finished. Plugins=22; processed vaults=1; skipped entries=0.
[2026-05-03 02:29:47] Installer finished.
[2026-05-03 02:34:48] Running installer: C:\Users\18826\Documents\work_doc_ob\Telpo\scripts\obsidian-claudian-auto\Install-ClaudianToObsidianVaults.ps1
[2026-05-03 02:34:48] [2026-05-03 02:34:48] Plugins already installed/enabled for vault: C:\Users\18826\Documents\work_doc_ob\Telpo; installed=22; enabledTotal=24
[2026-05-03 02:34:48] [2026-05-03 02:34:48] Finished. Plugins=22; processed vaults=1; skipped entries=0.
[2026-05-03 02:34:48] Installer finished.
[2026-05-03 02:39:48] Running installer: C:\Users\18826\Documents\work_doc_ob\Telpo\scripts\obsidian-claudian-auto\Install-ClaudianToObsidianVaults.ps1
[2026-05-03 02:39:48] [2026-05-03 02:39:48] Plugins already installed/enabled for vault: C:\Users\18826\Documents\work_doc_ob\Telpo; installed=22; enabledTotal=24
[2026-05-03 02:39:48] [2026-05-03 02:39:48] Finished. Plugins=22; processed vaults=1; skipped entries=0.
[2026-05-03 02:39:48] Installer finished.
[2026-05-03 02:44:48] Running installer: C:\Users\18826\Documents\work_doc_ob\Telpo\scripts\obsidian-claudian-auto\Install-ClaudianToObsidianVaults.ps1
[2026-05-03 02:44:48] [2026-05-03 02:44:48] Plugins already installed/enabled for vault: C:\Users\18826\Documents\work_doc_ob\Telpo; installed=22; enabledTotal=24
[2026-05-03 02:44:48] [2026-05-03 02:44:48] Finished. Plugins=22; processed vaults=1; skipped entries=0.
[2026-05-03 02:44:48] Installer finished.
[2026-05-03 02:49:48] Running installer: C:\Users\18826\Documents\work_doc_ob\Telpo\scripts\obsidian-claudian-auto\Install-ClaudianToObsidianVaults.ps1
[2026-05-03 02:49:48] [2026-05-03 02:49:48] Plugins already installed/enabled for vault: C:\Users\18826\Documents\work_doc_ob\Telpo; installed=22; enabledTotal=24
[2026-05-03 02:49:48] [2026-05-03 02:49:48] Finished. Plugins=22; processed vaults=1; skipped entries=0.
[2026-05-03 02:49:48] Installer finished.
[2026-05-03 02:54:49] Running installer: C:\Users\18826\Documents\work_doc_ob\Telpo\scripts\obsidian-claudian-auto\Install-ClaudianToObsidianVaults.ps1
[2026-05-03 02:54:49] [2026-05-03 02:54:49] Plugins already installed/enabled for vault: C:\Users\18826\Documents\work_doc_ob\Telpo; installed=22; enabledTotal=24
[2026-05-03 02:54:49] [2026-05-03 02:54:49] Finished. Plugins=22; processed vaults=1; skipped entries=0.
[2026-05-03 02:54:49] Installer finished.
[2026-05-03 02:59:49] Running installer: C:\Users\18826\Documents\work_doc_ob\Telpo\scripts\obsidian-claudian-auto\Install-ClaudianToObsidianVaults.ps1
[2026-05-03 02:59:49] [2026-05-03 02:59:49] Plugins already installed/enabled for vault: C:\Users\18826\Documents\work_doc_ob\Telpo; installed=22; enabledTotal=24
[2026-05-03 02:59:49] [2026-05-03 02:59:49] Finished. Plugins=22; processed vaults=1; skipped entries=0.
[2026-05-03 02:59:49] Installer finished.
[2026-05-03 03:04:49] Running installer: C:\Users\18826\Documents\work_doc_ob\Telpo\scripts\obsidian-claudian-auto\Install-ClaudianToObsidianVaults.ps1
[2026-05-03 03:04:49] [2026-05-03 03:04:49] Plugins already installed/enabled for vault: C:\Users\18826\Documents\work_doc_ob\Telpo; installed=22; enabledTotal=24
[2026-05-03 03:04:49] [2026-05-03 03:04:49] Finished. Plugins=22; processed vaults=1; skipped entries=0.
[2026-05-03 03:04:49] Installer finished.
[2026-05-03 03:09:49] Running installer: C:\Users\18826\Documents\work_doc_ob\Telpo\scripts\obsidian-claudian-auto\Install-ClaudianToObsidianVaults.ps1
[2026-05-03 03:09:50] [2026-05-03 03:09:50] Plugins already installed/enabled for vault: C:\Users\18826\Documents\work_doc_ob\Telpo; installed=22; enabledTotal=24
[2026-05-03 03:09:50] [2026-05-03 03:09:50] Finished. Plugins=22; processed vaults=1; skipped entries=0.
[2026-05-03 03:09:50] Installer finished.
[2026-05-03 03:14:50] Running installer: C:\Users\18826\Documents\work_doc_ob\Telpo\scripts\obsidian-claudian-auto\Install-ClaudianToObsidianVaults.ps1
[2026-05-03 03:14:50] [2026-05-03 03:14:50] Plugins already installed/enabled for vault: C:\Users\18826\Documents\work_doc_ob\Telpo; installed=22; enabledTotal=24
[2026-05-03 03:14:50] [2026-05-03 03:14:50] Finished. Plugins=22; processed vaults=1; skipped entries=0.
[2026-05-03 03:14:50] Installer finished.
[2026-05-03 03:19:50] Running installer: C:\Users\18826\Documents\work_doc_ob\Telpo\scripts\obsidian-claudian-auto\Install-ClaudianToObsidianVaults.ps1
[2026-05-03 03:19:50] [2026-05-03 03:19:50] Plugins already installed/enabled for vault: C:\Users\18826\Documents\work_doc_ob\Telpo; installed=22; enabledTotal=24
[2026-05-03 03:19:50] [2026-05-03 03:19:50] Finished. Plugins=22; processed vaults=1; skipped entries=0.
[2026-05-03 03:19:50] Installer finished.
[2026-05-03 03:24:50] Running installer: C:\Users\18826\Documents\work_doc_ob\Telpo\scripts\obsidian-claudian-auto\Install-ClaudianToObsidianVaults.ps1
[2026-05-03 03:24:50] [2026-05-03 03:24:50] Plugins already installed/enabled for vault: C:\Users\18826\Documents\work_doc_ob\Telpo; installed=22; enabledTotal=24
[2026-05-03 03:24:50] [2026-05-03 03:24:50] Finished. Plugins=22; processed vaults=1; skipped entries=0.
[2026-05-03 03:24:50] Installer finished.
[2026-05-03 03:29:50] Running installer: C:\Users\18826\Documents\work_doc_ob\Telpo\scripts\obsidian-claudian-auto\Install-ClaudianToObsidianVaults.ps1
[2026-05-03 03:29:51] [2026-05-03 03:29:51] Plugins already installed/enabled for vault: C:\Users\18826\Documents\work_doc_ob\Telpo; installed=22; enabledTotal=24
[2026-05-03 03:29:51] [2026-05-03 03:29:51] Finished. Plugins=22; processed vaults=1; skipped entries=0.
[2026-05-03 03:29:51] Installer finished.
[2026-05-03 03:34:51] Running installer: C:\Users\18826\Documents\work_doc_ob\Telpo\scripts\obsidian-claudian-auto\Install-ClaudianToObsidianVaults.ps1
[2026-05-03 03:34:51] [2026-05-03 03:34:51] Plugins already installed/enabled for vault: C:\Users\18826\Documents\work_doc_ob\Telpo; installed=22; enabledTotal=24
[2026-05-03 03:34:51] [2026-05-03 03:34:51] Finished. Plugins=22; processed vaults=1; skipped entries=0.
[2026-05-03 03:34:51] Installer finished.
[2026-05-03 03:39:51] Running installer: C:\Users\18826\Documents\work_doc_ob\Telpo\scripts\obsidian-claudian-auto\Install-ClaudianToObsidianVaults.ps1
[2026-05-03 03:39:51] [2026-05-03 03:39:51] Plugins already installed/enabled for vault: C:\Users\18826\Documents\work_doc_ob\Telpo; installed=22; enabledTotal=24
[2026-05-03 03:39:51] [2026-05-03 03:39:51] Finished. Plugins=22; processed vaults=1; skipped entries=0.
[2026-05-03 03:39:51] Installer finished.
[2026-05-03 03:44:51] Running installer: C:\Users\18826\Documents\work_doc_ob\Telpo\scripts\obsidian-claudian-auto\Install-ClaudianToObsidianVaults.ps1
[2026-05-03 03:44:51] [2026-05-03 03:44:51] Plugins already installed/enabled for vault: C:\Users\18826\Documents\work_doc_ob\Telpo; installed=22; enabledTotal=24
[2026-05-03 03:44:51] [2026-05-03 03:44:51] Finished. Plugins=22; processed vaults=1; skipped entries=0.
[2026-05-03 03:44:51] Installer finished.
[2026-05-03 03:49:52] Running installer: C:\Users\18826\Documents\work_doc_ob\Telpo\scripts\obsidian-claudian-auto\Install-ClaudianToObsidianVaults.ps1
[2026-05-03 03:49:52] [2026-05-03 03:49:52] Plugins already installed/enabled for vault: C:\Users\18826\Documents\work_doc_ob\Telpo; installed=22; enabledTotal=24
[2026-05-03 03:49:52] [2026-05-03 03:49:52] Finished. Plugins=22; processed vaults=1; skipped entries=0.
[2026-05-03 03:49:52] Installer finished.
[2026-05-03 03:54:52] Running installer: C:\Users\18826\Documents\work_doc_ob\Telpo\scripts\obsidian-claudian-auto\Install-ClaudianToObsidianVaults.ps1
[2026-05-03 03:54:52] [2026-05-03 03:54:52] Plugins already installed/enabled for vault: C:\Users\18826\Documents\work_doc_ob\Telpo; installed=22; enabledTotal=24
[2026-05-03 03:54:52] [2026-05-03 03:54:52] Finished. Plugins=22; processed vaults=1; skipped entries=0.
[2026-05-03 03:54:52] Installer finished.
[2026-05-03 03:59:52] Running installer: C:\Users\18826\Documents\work_doc_ob\Telpo\scripts\obsidian-claudian-auto\Install-ClaudianToObsidianVaults.ps1
[2026-05-03 03:59:52] [2026-05-03 03:59:52] Plugins already installed/enabled for vault: C:\Users\18826\Documents\work_doc_ob\Telpo; installed=22; enabledTotal=24
[2026-05-03 03:59:52] [2026-05-03 03:59:52] Finished. Plugins=22; processed vaults=1; skipped entries=0.
[2026-05-03 03:59:52] Installer finished.
[2026-05-03 04:04:52] Running installer: C:\Users\18826\Documents\work_doc_ob\Telpo\scripts\obsidian-claudian-auto\Install-ClaudianToObsidianVaults.ps1
[2026-05-03 04:04:53] [2026-05-03 04:04:53] Plugins already installed/enabled for vault: C:\Users\18826\Documents\work_doc_ob\Telpo; installed=22; enabledTotal=24
[2026-05-03 04:04:53] [2026-05-03 04:04:53] Finished. Plugins=22; processed vaults=1; skipped entries=0.
[2026-05-03 04:04:53] Installer finished.
[2026-05-03 04:09:53] Running installer: C:\Users\18826\Documents\work_doc_ob\Telpo\scripts\obsidian-claudian-auto\Install-ClaudianToObsidianVaults.ps1
[2026-05-03 04:09:53] [2026-05-03 04:09:53] Plugins already installed/enabled for vault: C:\Users\18826\Documents\work_doc_ob\Telpo; installed=22; enabledTotal=24
[2026-05-03 04:09:53] [2026-05-03 04:09:53] Finished. Plugins=22; processed vaults=1; skipped entries=0.
[2026-05-03 04:09:53] Installer finished.
[2026-05-03 04:14:53] Running installer: C:\Users\18826\Documents\work_doc_ob\Telpo\scripts\obsidian-claudian-auto\Install-ClaudianToObsidianVaults.ps1
[2026-05-03 04:14:53] [2026-05-03 04:14:53] Plugins already installed/enabled for vault: C:\Users\18826\Documents\work_doc_ob\Telpo; installed=22; enabledTotal=24
[2026-05-03 04:14:53] [2026-05-03 04:14:53] Finished. Plugins=22; processed vaults=1; skipped entries=0.
[2026-05-03 04:14:53] Installer finished.
[2026-05-03 04:19:53] Running installer: C:\Users\18826\Documents\work_doc_ob\Telpo\scripts\obsidian-claudian-auto\Install-ClaudianToObsidianVaults.ps1
[2026-05-03 04:19:53] [2026-05-03 04:19:53] Plugins already installed/enabled for vault: C:\Users\18826\Documents\work_doc_ob\Telpo; installed=22; enabledTotal=24
[2026-05-03 04:19:53] [2026-05-03 04:19:53] Finished. Plugins=22; processed vaults=1; skipped entries=0.
[2026-05-03 04:19:53] Installer finished.
[2026-05-03 04:24:53] Running installer: C:\Users\18826\Documents\work_doc_ob\Telpo\scripts\obsidian-claudian-auto\Install-ClaudianToObsidianVaults.ps1
[2026-05-03 04:24:54] [2026-05-03 04:24:54] Plugins already installed/enabled for vault: C:\Users\18826\Documents\work_doc_ob\Telpo; installed=22; enabledTotal=24
[2026-05-03 04:24:54] [2026-05-03 04:24:54] Finished. Plugins=22; processed vaults=1; skipped entries=0.
[2026-05-03 04:24:54] Installer finished.
[2026-05-03 04:29:54] Running installer: C:\Users\18826\Documents\work_doc_ob\Telpo\scripts\obsidian-claudian-auto\Install-ClaudianToObsidianVaults.ps1
[2026-05-03 04:29:54] [2026-05-03 04:29:54] Plugins already installed/enabled for vault: C:\Users\18826\Documents\work_doc_ob\Telpo; installed=22; enabledTotal=24
[2026-05-03 04:29:54] [2026-05-03 04:29:54] Finished. Plugins=22; processed vaults=1; skipped entries=0.
[2026-05-03 04:29:54] Installer finished.
[2026-05-03 04:34:54] Running installer: C:\Users\18826\Documents\work_doc_ob\Telpo\scripts\obsidian-claudian-auto\Install-ClaudianToObsidianVaults.ps1
[2026-05-03 04:34:54] [2026-05-03 04:34:54] Plugins already installed/enabled for vault: C:\Users\18826\Documents\work_doc_ob\Telpo; installed=22; enabledTotal=24
[2026-05-03 04:34:54] [2026-05-03 04:34:54] Finished. Plugins=22; processed vaults=1; skipped entries=0.
[2026-05-03 04:34:54] Installer finished.
[2026-05-03 04:39:54] Running installer: C:\Users\18826\Documents\work_doc_ob\Telpo\scripts\obsidian-claudian-auto\Install-ClaudianToObsidianVaults.ps1
[2026-05-03 04:39:54] [2026-05-03 04:39:54] Plugins already installed/enabled for vault: C:\Users\18826\Documents\work_doc_ob\Telpo; installed=22; enabledTotal=24
[2026-05-03 04:39:54] [2026-05-03 04:39:54] Finished. Plugins=22; processed vaults=1; skipped entries=0.
[2026-05-03 04:39:54] Installer finished.
[2026-05-03 04:44:55] Running installer: C:\Users\18826\Documents\work_doc_ob\Telpo\scripts\obsidian-claudian-auto\Install-ClaudianToObsidianVaults.ps1
[2026-05-03 04:44:55] [2026-05-03 04:44:55] Plugins already installed/enabled for vault: C:\Users\18826\Documents\work_doc_ob\Telpo; installed=22; enabledTotal=24
[2026-05-03 04:44:55] [2026-05-03 04:44:55] Finished. Plugins=22; processed vaults=1; skipped entries=0.
[2026-05-03 04:44:55] Installer finished.
[2026-05-03 04:49:55] Running installer: C:\Users\18826\Documents\work_doc_ob\Telpo\scripts\obsidian-claudian-auto\Install-ClaudianToObsidianVaults.ps1
[2026-05-03 04:49:55] [2026-05-03 04:49:55] Plugins already installed/enabled for vault: C:\Users\18826\Documents\work_doc_ob\Telpo; installed=22; enabledTotal=24
[2026-05-03 04:49:55] [2026-05-03 04:49:55] Finished. Plugins=22; processed vaults=1; skipped entries=0.
[2026-05-03 04:49:55] Installer finished.
[2026-05-03 04:54:55] Running installer: C:\Users\18826\Documents\work_doc_ob\Telpo\scripts\obsidian-claudian-auto\Install-ClaudianToObsidianVaults.ps1
[2026-05-03 04:54:55] [2026-05-03 04:54:55] Plugins already installed/enabled for vault: C:\Users\18826\Documents\work_doc_ob\Telpo; installed=22; enabledTotal=24
[2026-05-03 04:54:55] [2026-05-03 04:54:55] Finished. Plugins=22; processed vaults=1; skipped entries=0.
[2026-05-03 04:54:55] Installer finished.
[2026-05-03 04:59:55] Running installer: C:\Users\18826\Documents\work_doc_ob\Telpo\scripts\obsidian-claudian-auto\Install-ClaudianToObsidianVaults.ps1
[2026-05-03 04:59:55] [2026-05-03 04:59:55] Plugins already installed/enabled for vault: C:\Users\18826\Documents\work_doc_ob\Telpo; installed=22; enabledTotal=24
[2026-05-03 04:59:55] [2026-05-03 04:59:55] Finished. Plugins=22; processed vaults=1; skipped entries=0.
[2026-05-03 04:59:55] Installer finished.
[2026-05-03 05:04:56] Running installer: C:\Users\18826\Documents\work_doc_ob\Telpo\scripts\obsidian-claudian-auto\Install-ClaudianToObsidianVaults.ps1
[2026-05-03 05:04:56] [2026-05-03 05:04:56] Plugins already installed/enabled for vault: C:\Users\18826\Documents\work_doc_ob\Telpo; installed=22; enabledTotal=24
[2026-05-03 05:04:56] [2026-05-03 05:04:56] Finished. Plugins=22; processed vaults=1; skipped entries=0.
[2026-05-03 05:04:56] Installer finished.
[2026-05-03 05:09:56] Running installer: C:\Users\18826\Documents\work_doc_ob\Telpo\scripts\obsidian-claudian-auto\Install-ClaudianToObsidianVaults.ps1
[2026-05-03 05:09:56] [2026-05-03 05:09:56] Plugins already installed/enabled for vault: C:\Users\18826\Documents\work_doc_ob\Telpo; installed=22; enabledTotal=24
[2026-05-03 05:09:56] [2026-05-03 05:09:56] Finished. Plugins=22; processed vaults=1; skipped entries=0.
[2026-05-03 05:09:56] Installer finished.
[2026-05-03 05:14:56] Running installer: C:\Users\18826\Documents\work_doc_ob\Telpo\scripts\obsidian-claudian-auto\Install-ClaudianToObsidianVaults.ps1
[2026-05-03 05:14:56] [2026-05-03 05:14:56] Plugins already installed/enabled for vault: C:\Users\18826\Documents\work_doc_ob\Telpo; installed=22; enabledTotal=24
[2026-05-03 05:14:56] [2026-05-03 05:14:56] Finished. Plugins=22; processed vaults=1; skipped entries=0.
[2026-05-03 05:14:56] Installer finished.
[2026-05-03 05:19:56] Running installer: C:\Users\18826\Documents\work_doc_ob\Telpo\scripts\obsidian-claudian-auto\Install-ClaudianToObsidianVaults.ps1
[2026-05-03 05:19:56] [2026-05-03 05:19:56] Plugins already installed/enabled for vault: C:\Users\18826\Documents\work_doc_ob\Telpo; installed=22; enabledTotal=24
[2026-05-03 05:19:56] [2026-05-03 05:19:56] Finished. Plugins=22; processed vaults=1; skipped entries=0.
[2026-05-03 05:19:56] Installer finished.
[2026-05-03 05:24:56] Running installer: C:\Users\18826\Documents\work_doc_ob\Telpo\scripts\obsidian-claudian-auto\Install-ClaudianToObsidianVaults.ps1
[2026-05-03 05:24:57] [2026-05-03 05:24:57] Plugins already installed/enabled for vault: C:\Users\18826\Documents\work_doc_ob\Telpo; installed=22; enabledTotal=24
[2026-05-03 05:24:57] [2026-05-03 05:24:57] Finished. Plugins=22; processed vaults=1; skipped entries=0.
[2026-05-03 05:24:57] Installer finished.
[2026-05-03 05:29:57] Running installer: C:\Users\18826\Documents\work_doc_ob\Telpo\scripts\obsidian-claudian-auto\Install-ClaudianToObsidianVaults.ps1
[2026-05-03 05:29:57] [2026-05-03 05:29:57] Plugins already installed/enabled for vault: C:\Users\18826\Documents\work_doc_ob\Telpo; installed=22; enabledTotal=24
[2026-05-03 05:29:57] [2026-05-03 05:29:57] Finished. Plugins=22; processed vaults=1; skipped entries=0.
[2026-05-03 05:29:57] Installer finished.
[2026-05-03 05:34:57] Running installer: C:\Users\18826\Documents\work_doc_ob\Telpo\scripts\obsidian-claudian-auto\Install-ClaudianToObsidianVaults.ps1
[2026-05-03 05:34:57] [2026-05-03 05:34:57] Plugins already installed/enabled for vault: C:\Users\18826\Documents\work_doc_ob\Telpo; installed=22; enabledTotal=24
[2026-05-03 05:34:57] [2026-05-03 05:34:57] Finished. Plugins=22; processed vaults=1; skipped entries=0.
[2026-05-03 05:34:57] Installer finished.
[2026-05-03 05:39:57] Running installer: C:\Users\18826\Documents\work_doc_ob\Telpo\scripts\obsidian-claudian-auto\Install-ClaudianToObsidianVaults.ps1
[2026-05-03 05:39:57] [2026-05-03 05:39:57] Plugins already installed/enabled for vault: C:\Users\18826\Documents\work_doc_ob\Telpo; installed=22; enabledTotal=24
[2026-05-03 05:39:57] [2026-05-03 05:39:57] Finished. Plugins=22; processed vaults=1; skipped entries=0.
[2026-05-03 05:39:57] Installer finished.
[2026-05-03 05:44:57] Running installer: C:\Users\18826\Documents\work_doc_ob\Telpo\scripts\obsidian-claudian-auto\Install-ClaudianToObsidianVaults.ps1
[2026-05-03 05:44:58] [2026-05-03 05:44:58] Plugins already installed/enabled for vault: C:\Users\18826\Documents\work_doc_ob\Telpo; installed=22; enabledTotal=24
[2026-05-03 05:44:58] [2026-05-03 05:44:58] Finished. Plugins=22; processed vaults=1; skipped entries=0.
[2026-05-03 05:44:58] Installer finished.
[2026-05-03 05:49:58] Running installer: C:\Users\18826\Documents\work_doc_ob\Telpo\scripts\obsidian-claudian-auto\Install-ClaudianToObsidianVaults.ps1
[2026-05-03 05:49:58] [2026-05-03 05:49:58] Plugins already installed/enabled for vault: C:\Users\18826\Documents\work_doc_ob\Telpo; installed=22; enabledTotal=24
[2026-05-03 05:49:58] [2026-05-03 05:49:58] Finished. Plugins=22; processed vaults=1; skipped entries=0.
[2026-05-03 05:49:58] Installer finished.
[2026-05-03 05:54:58] Running installer: C:\Users\18826\Documents\work_doc_ob\Telpo\scripts\obsidian-claudian-auto\Install-ClaudianToObsidianVaults.ps1
[2026-05-03 05:54:58] [2026-05-03 05:54:58] Plugins already installed/enabled for vault: C:\Users\18826\Documents\work_doc_ob\Telpo; installed=22; enabledTotal=24
[2026-05-03 05:54:58] [2026-05-03 05:54:58] Finished. Plugins=22; processed vaults=1; skipped entries=0.
[2026-05-03 05:54:58] Installer finished.
[2026-05-03 05:59:58] Running installer: C:\Users\18826\Documents\work_doc_ob\Telpo\scripts\obsidian-claudian-auto\Install-ClaudianToObsidianVaults.ps1
[2026-05-03 05:59:58] [2026-05-03 05:59:58] Plugins already installed/enabled for vault: C:\Users\18826\Documents\work_doc_ob\Telpo; installed=22; enabledTotal=24
[2026-05-03 05:59:58] [2026-05-03 05:59:58] Finished. Plugins=22; processed vaults=1; skipped entries=0.
[2026-05-03 05:59:58] Installer finished.
[2026-05-03 06:04:58] Running installer: C:\Users\18826\Documents\work_doc_ob\Telpo\scripts\obsidian-claudian-auto\Install-ClaudianToObsidianVaults.ps1
[2026-05-03 06:04:58] [2026-05-03 06:04:58] Plugins already installed/enabled for vault: C:\Users\18826\Documents\work_doc_ob\Telpo; installed=22; enabledTotal=24
[2026-05-03 06:04:58] [2026-05-03 06:04:58] Finished. Plugins=22; processed vaults=1; skipped entries=0.
[2026-05-03 06:04:58] Installer finished.
[2026-05-03 06:09:59] Running installer: C:\Users\18826\Documents\work_doc_ob\Telpo\scripts\obsidian-claudian-auto\Install-ClaudianToObsidianVaults.ps1
[2026-05-03 06:09:59] [2026-05-03 06:09:59] Plugins already installed/enabled for vault: C:\Users\18826\Documents\work_doc_ob\Telpo; installed=22; enabledTotal=24
[2026-05-03 06:09:59] [2026-05-03 06:09:59] Finished. Plugins=22; processed vaults=1; skipped entries=0.
[2026-05-03 06:09:59] Installer finished.
[2026-05-03 06:14:59] Running installer: C:\Users\18826\Documents\work_doc_ob\Telpo\scripts\obsidian-claudian-auto\Install-ClaudianToObsidianVaults.ps1
[2026-05-03 06:14:59] [2026-05-03 06:14:59] Plugins already installed/enabled for vault: C:\Users\18826\Documents\work_doc_ob\Telpo; installed=22; enabledTotal=24
[2026-05-03 06:14:59] [2026-05-03 06:14:59] Finished. Plugins=22; processed vaults=1; skipped entries=0.
[2026-05-03 06:14:59] Installer finished.
[2026-05-03 06:19:59] Running installer: C:\Users\18826\Documents\work_doc_ob\Telpo\scripts\obsidian-claudian-auto\Install-ClaudianToObsidianVaults.ps1
[2026-05-03 06:19:59] [2026-05-03 06:19:59] Plugins already installed/enabled for vault: C:\Users\18826\Documents\work_doc_ob\Telpo; installed=22; enabledTotal=24
[2026-05-03 06:19:59] [2026-05-03 06:19:59] Finished. Plugins=22; processed vaults=1; skipped entries=0.
[2026-05-03 06:19:59] Installer finished.
[2026-05-03 06:24:59] Running installer: C:\Users\18826\Documents\work_doc_ob\Telpo\scripts\obsidian-claudian-auto\Install-ClaudianToObsidianVaults.ps1
[2026-05-03 06:24:59] [2026-05-03 06:24:59] Plugins already installed/enabled for vault: C:\Users\18826\Documents\work_doc_ob\Telpo; installed=22; enabledTotal=24
[2026-05-03 06:24:59] [2026-05-03 06:24:59] Finished. Plugins=22; processed vaults=1; skipped entries=0.
[2026-05-03 06:24:59] Installer finished.
[2026-05-03 06:30:00] Running installer: C:\Users\18826\Documents\work_doc_ob\Telpo\scripts\obsidian-claudian-auto\Install-ClaudianToObsidianVaults.ps1
[2026-05-03 06:30:00] [2026-05-03 06:30:00] Plugins already installed/enabled for vault: C:\Users\18826\Documents\work_doc_ob\Telpo; installed=22; enabledTotal=24
[2026-05-03 06:30:00] [2026-05-03 06:30:00] Finished. Plugins=22; processed vaults=1; skipped entries=0.
[2026-05-03 06:30:00] Installer finished.
[2026-05-03 06:35:00] Running installer: C:\Users\18826\Documents\work_doc_ob\Telpo\scripts\obsidian-claudian-auto\Install-ClaudianToObsidianVaults.ps1
[2026-05-03 06:35:00] [2026-05-03 06:35:00] Plugins already installed/enabled for vault: C:\Users\18826\Documents\work_doc_ob\Telpo; installed=22; enabledTotal=24
[2026-05-03 06:35:00] [2026-05-03 06:35:00] Finished. Plugins=22; processed vaults=1; skipped entries=0.
[2026-05-03 06:35:00] Installer finished.
[2026-05-03 06:40:00] Running installer: C:\Users\18826\Documents\work_doc_ob\Telpo\scripts\obsidian-claudian-auto\Install-ClaudianToObsidianVaults.ps1
[2026-05-03 06:40:00] [2026-05-03 06:40:00] Plugins already installed/enabled for vault: C:\Users\18826\Documents\work_doc_ob\Telpo; installed=22; enabledTotal=24
[2026-05-03 06:40:00] [2026-05-03 06:40:00] Finished. Plugins=22; processed vaults=1; skipped entries=0.
[2026-05-03 06:40:00] Installer finished.
[2026-05-03 06:45:00] Running installer: C:\Users\18826\Documents\work_doc_ob\Telpo\scripts\obsidian-claudian-auto\Install-ClaudianToObsidianVaults.ps1
[2026-05-03 06:45:00] [2026-05-03 06:45:00] Plugins already installed/enabled for vault: C:\Users\18826\Documents\work_doc_ob\Telpo; installed=22; enabledTotal=24
[2026-05-03 06:45:00] [2026-05-03 06:45:00] Finished. Plugins=22; processed vaults=1; skipped entries=0.
[2026-05-03 06:45:00] Installer finished.
[2026-05-03 06:50:00] Running installer: C:\Users\18826\Documents\work_doc_ob\Telpo\scripts\obsidian-claudian-auto\Install-ClaudianToObsidianVaults.ps1
[2026-05-03 06:50:01] [2026-05-03 06:50:01] Plugins already installed/enabled for vault: C:\Users\18826\Documents\work_doc_ob\Telpo; installed=22; enabledTotal=24
[2026-05-03 06:50:01] [2026-05-03 06:50:01] Finished. Plugins=22; processed vaults=1; skipped entries=0.
[2026-05-03 06:50:01] Installer finished.
[2026-05-03 06:55:01] Running installer: C:\Users\18826\Documents\work_doc_ob\Telpo\scripts\obsidian-claudian-auto\Install-ClaudianToObsidianVaults.ps1
[2026-05-03 06:55:01] [2026-05-03 06:55:01] Plugins already installed/enabled for vault: C:\Users\18826\Documents\work_doc_ob\Telpo; installed=22; enabledTotal=24
[2026-05-03 06:55:01] [2026-05-03 06:55:01] Finished. Plugins=22; processed vaults=1; skipped entries=0.
[2026-05-03 06:55:01] Installer finished.
[2026-05-03 07:00:01] Running installer: C:\Users\18826\Documents\work_doc_ob\Telpo\scripts\obsidian-claudian-auto\Install-ClaudianToObsidianVaults.ps1
[2026-05-03 07:00:01] [2026-05-03 07:00:01] Plugins already installed/enabled for vault: C:\Users\18826\Documents\work_doc_ob\Telpo; installed=22; enabledTotal=24
[2026-05-03 07:00:01] [2026-05-03 07:00:01] Finished. Plugins=22; processed vaults=1; skipped entries=0.
[2026-05-03 07:00:01] Installer finished.
[2026-05-03 07:05:01] Running installer: C:\Users\18826\Documents\work_doc_ob\Telpo\scripts\obsidian-claudian-auto\Install-ClaudianToObsidianVaults.ps1
[2026-05-03 07:05:01] [2026-05-03 07:05:01] Plugins already installed/enabled for vault: C:\Users\18826\Documents\work_doc_ob\Telpo; installed=22; enabledTotal=24
[2026-05-03 07:05:01] [2026-05-03 07:05:01] Finished. Plugins=22; processed vaults=1; skipped entries=0.
[2026-05-03 07:05:01] Installer finished.
[2026-05-03 07:10:01] Running installer: C:\Users\18826\Documents\work_doc_ob\Telpo\scripts\obsidian-claudian-auto\Install-ClaudianToObsidianVaults.ps1
[2026-05-03 07:10:02] [2026-05-03 07:10:02] Plugins already installed/enabled for vault: C:\Users\18826\Documents\work_doc_ob\Telpo; installed=22; enabledTotal=24
[2026-05-03 07:10:02] [2026-05-03 07:10:02] Finished. Plugins=22; processed vaults=1; skipped entries=0.
[2026-05-03 07:10:02] Installer finished.
[2026-05-03 07:15:02] Running installer: C:\Users\18826\Documents\work_doc_ob\Telpo\scripts\obsidian-claudian-auto\Install-ClaudianToObsidianVaults.ps1
[2026-05-03 07:15:02] [2026-05-03 07:15:02] Plugins already installed/enabled for vault: C:\Users\18826\Documents\work_doc_ob\Telpo; installed=22; enabledTotal=24
[2026-05-03 07:15:02] [2026-05-03 07:15:02] Finished. Plugins=22; processed vaults=1; skipped entries=0.
[2026-05-03 07:15:02] Installer finished.
[2026-05-03 07:20:02] Running installer: C:\Users\18826\Documents\work_doc_ob\Telpo\scripts\obsidian-claudian-auto\Install-ClaudianToObsidianVaults.ps1
[2026-05-03 07:20:02] [2026-05-03 07:20:02] Plugins already installed/enabled for vault: C:\Users\18826\Documents\work_doc_ob\Telpo; installed=22; enabledTotal=24
[2026-05-03 07:20:02] [2026-05-03 07:20:02] Finished. Plugins=22; processed vaults=1; skipped entries=0.
[2026-05-03 07:20:02] Installer finished.
[2026-05-03 07:25:02] Running installer: C:\Users\18826\Documents\work_doc_ob\Telpo\scripts\obsidian-claudian-auto\Install-ClaudianToObsidianVaults.ps1
[2026-05-03 07:25:02] [2026-05-03 07:25:02] Plugins already installed/enabled for vault: C:\Users\18826\Documents\work_doc_ob\Telpo; installed=22; enabledTotal=24
[2026-05-03 07:25:02] [2026-05-03 07:25:02] Finished. Plugins=22; processed vaults=1; skipped entries=0.
[2026-05-03 07:25:02] Installer finished.
[2026-05-03 07:30:02] Running installer: C:\Users\18826\Documents\work_doc_ob\Telpo\scripts\obsidian-claudian-auto\Install-ClaudianToObsidianVaults.ps1
[2026-05-03 07:30:02] [2026-05-03 07:30:02] Plugins already installed/enabled for vault: C:\Users\18826\Documents\work_doc_ob\Telpo; installed=22; enabledTotal=24
[2026-05-03 07:30:02] [2026-05-03 07:30:02] Finished. Plugins=22; processed vaults=1; skipped entries=0.
[2026-05-03 07:30:02] Installer finished.
[2026-05-03 07:35:03] Running installer: C:\Users\18826\Documents\work_doc_ob\Telpo\scripts\obsidian-claudian-auto\Install-ClaudianToObsidianVaults.ps1
[2026-05-03 07:35:03] [2026-05-03 07:35:03] Plugins already installed/enabled for vault: C:\Users\18826\Documents\work_doc_ob\Telpo; installed=22; enabledTotal=24
[2026-05-03 07:35:03] [2026-05-03 07:35:03] Finished. Plugins=22; processed vaults=1; skipped entries=0.
[2026-05-03 07:35:03] Installer finished.
[2026-05-03 07:40:03] Running installer: C:\Users\18826\Documents\work_doc_ob\Telpo\scripts\obsidian-claudian-auto\Install-ClaudianToObsidianVaults.ps1
[2026-05-03 07:40:03] [2026-05-03 07:40:03] Plugins already installed/enabled for vault: C:\Users\18826\Documents\work_doc_ob\Telpo; installed=22; enabledTotal=24
[2026-05-03 07:40:03] [2026-05-03 07:40:03] Finished. Plugins=22; processed vaults=1; skipped entries=0.
[2026-05-03 07:40:03] Installer finished.
[2026-05-03 07:45:03] Running installer: C:\Users\18826\Documents\work_doc_ob\Telpo\scripts\obsidian-claudian-auto\Install-ClaudianToObsidianVaults.ps1
[2026-05-03 07:45:03] [2026-05-03 07:45:03] Plugins already installed/enabled for vault: C:\Users\18826\Documents\work_doc_ob\Telpo; installed=22; enabledTotal=24
[2026-05-03 07:45:03] [2026-05-03 07:45:03] Finished. Plugins=22; processed vaults=1; skipped entries=0.
[2026-05-03 07:45:03] Installer finished.
[2026-05-03 07:50:03] Running installer: C:\Users\18826\Documents\work_doc_ob\Telpo\scripts\obsidian-claudian-auto\Install-ClaudianToObsidianVaults.ps1
[2026-05-03 07:50:03] [2026-05-03 07:50:03] Plugins already installed/enabled for vault: C:\Users\18826\Documents\work_doc_ob\Telpo; installed=22; enabledTotal=24
[2026-05-03 07:50:03] [2026-05-03 07:50:03] Finished. Plugins=22; processed vaults=1; skipped entries=0.
[2026-05-03 07:50:03] Installer finished.
[2026-05-03 07:55:04] Running installer: C:\Users\18826\Documents\work_doc_ob\Telpo\scripts\obsidian-claudian-auto\Install-ClaudianToObsidianVaults.ps1
[2026-05-03 07:55:04] [2026-05-03 07:55:04] Plugins already installed/enabled for vault: C:\Users\18826\Documents\work_doc_ob\Telpo; installed=22; enabledTotal=24
[2026-05-03 07:55:04] [2026-05-03 07:55:04] Finished. Plugins=22; processed vaults=1; skipped entries=0.
[2026-05-03 07:55:04] Installer finished.
[2026-05-03 08:00:04] Running installer: C:\Users\18826\Documents\work_doc_ob\Telpo\scripts\obsidian-claudian-auto\Install-ClaudianToObsidianVaults.ps1
[2026-05-03 08:00:04] [2026-05-03 08:00:04] Plugins already installed/enabled for vault: C:\Users\18826\Documents\work_doc_ob\Telpo; installed=22; enabledTotal=24
[2026-05-03 08:00:04] [2026-05-03 08:00:04] Finished. Plugins=22; processed vaults=1; skipped entries=0.
[2026-05-03 08:00:04] Installer finished.
[2026-05-03 08:05:04] Running installer: C:\Users\18826\Documents\work_doc_ob\Telpo\scripts\obsidian-claudian-auto\Install-ClaudianToObsidianVaults.ps1
[2026-05-03 08:05:04] [2026-05-03 08:05:04] Plugins already installed/enabled for vault: C:\Users\18826\Documents\work_doc_ob\Telpo; installed=22; enabledTotal=24
[2026-05-03 08:05:04] [2026-05-03 08:05:04] Finished. Plugins=22; processed vaults=1; skipped entries=0.
[2026-05-03 08:05:04] Installer finished.
[2026-05-03 08:10:04] Running installer: C:\Users\18826\Documents\work_doc_ob\Telpo\scripts\obsidian-claudian-auto\Install-ClaudianToObsidianVaults.ps1
[2026-05-03 08:10:04] [2026-05-03 08:10:04] Plugins already installed/enabled for vault: C:\Users\18826\Documents\work_doc_ob\Telpo; installed=22; enabledTotal=24
[2026-05-03 08:10:04] [2026-05-03 08:10:04] Finished. Plugins=22; processed vaults=1; skipped entries=0.
[2026-05-03 08:10:04] Installer finished.
[2026-05-03 08:15:05] Running installer: C:\Users\18826\Documents\work_doc_ob\Telpo\scripts\obsidian-claudian-auto\Install-ClaudianToObsidianVaults.ps1
[2026-05-03 08:15:05] [2026-05-03 08:15:05] Plugins already installed/enabled for vault: C:\Users\18826\Documents\work_doc_ob\Telpo; installed=22; enabledTotal=24
[2026-05-03 08:15:05] [2026-05-03 08:15:05] Finished. Plugins=22; processed vaults=1; skipped entries=0.
[2026-05-03 08:15:05] Installer finished.
[2026-05-03 08:20:05] Running installer: C:\Users\18826\Documents\work_doc_ob\Telpo\scripts\obsidian-claudian-auto\Install-ClaudianToObsidianVaults.ps1
[2026-05-03 08:20:05] [2026-05-03 08:20:05] Plugins already installed/enabled for vault: C:\Users\18826\Documents\work_doc_ob\Telpo; installed=22; enabledTotal=24
[2026-05-03 08:20:05] [2026-05-03 08:20:05] Finished. Plugins=22; processed vaults=1; skipped entries=0.
[2026-05-03 08:20:05] Installer finished.
[2026-05-03 08:25:05] Running installer: C:\Users\18826\Documents\work_doc_ob\Telpo\scripts\obsidian-claudian-auto\Install-ClaudianToObsidianVaults.ps1
[2026-05-03 08:25:05] [2026-05-03 08:25:05] Plugins already installed/enabled for vault: C:\Users\18826\Documents\work_doc_ob\Telpo; installed=22; enabledTotal=24
[2026-05-03 08:25:05] [2026-05-03 08:25:05] Finished. Plugins=22; processed vaults=1; skipped entries=0.
[2026-05-03 08:25:05] Installer finished.
[2026-05-03 08:30:05] Running installer: C:\Users\18826\Documents\work_doc_ob\Telpo\scripts\obsidian-claudian-auto\Install-ClaudianToObsidianVaults.ps1
[2026-05-03 08:30:05] [2026-05-03 08:30:05] Plugins already installed/enabled for vault: C:\Users\18826\Documents\work_doc_ob\Telpo; installed=22; enabledTotal=24
[2026-05-03 08:30:05] [2026-05-03 08:30:05] Finished. Plugins=22; processed vaults=1; skipped entries=0.
[2026-05-03 08:30:05] Installer finished.
[2026-05-03 08:35:05] Running installer: C:\Users\18826\Documents\work_doc_ob\Telpo\scripts\obsidian-claudian-auto\Install-ClaudianToObsidianVaults.ps1
[2026-05-03 08:35:06] [2026-05-03 08:35:06] Plugins already installed/enabled for vault: C:\Users\18826\Documents\work_doc_ob\Telpo; installed=22; enabledTotal=24
[2026-05-03 08:35:06] [2026-05-03 08:35:06] Finished. Plugins=22; processed vaults=1; skipped entries=0.
[2026-05-03 08:35:06] Installer finished.
[2026-05-03 08:40:06] Running installer: C:\Users\18826\Documents\work_doc_ob\Telpo\scripts\obsidian-claudian-auto\Install-ClaudianToObsidianVaults.ps1
[2026-05-03 08:40:06] [2026-05-03 08:40:06] Plugins already installed/enabled for vault: C:\Users\18826\Documents\work_doc_ob\Telpo; installed=22; enabledTotal=24
[2026-05-03 08:40:06] [2026-05-03 08:40:06] Finished. Plugins=22; processed vaults=1; skipped entries=0.
[2026-05-03 08:40:06] Installer finished.
[2026-05-03 08:45:06] Running installer: C:\Users\18826\Documents\work_doc_ob\Telpo\scripts\obsidian-claudian-auto\Install-ClaudianToObsidianVaults.ps1
[2026-05-03 08:45:06] [2026-05-03 08:45:06] Plugins already installed/enabled for vault: C:\Users\18826\Documents\work_doc_ob\Telpo; installed=22; enabledTotal=24
[2026-05-03 08:45:06] [2026-05-03 08:45:06] Finished. Plugins=22; processed vaults=1; skipped entries=0.
[2026-05-03 08:45:06] Installer finished.
[2026-05-03 08:50:06] Running installer: C:\Users\18826\Documents\work_doc_ob\Telpo\scripts\obsidian-claudian-auto\Install-ClaudianToObsidianVaults.ps1
[2026-05-03 08:50:06] [2026-05-03 08:50:06] Plugins already installed/enabled for vault: C:\Users\18826\Documents\work_doc_ob\Telpo; installed=22; enabledTotal=24
[2026-05-03 08:50:06] [2026-05-03 08:50:06] Finished. Plugins=22; processed vaults=1; skipped entries=0.
[2026-05-03 08:50:06] Installer finished.
[2026-05-03 08:55:06] Running installer: C:\Users\18826\Documents\work_doc_ob\Telpo\scripts\obsidian-claudian-auto\Install-ClaudianToObsidianVaults.ps1
[2026-05-03 08:55:06] [2026-05-03 08:55:06] Plugins already installed/enabled for vault: C:\Users\18826\Documents\work_doc_ob\Telpo; installed=22; enabledTotal=24
[2026-05-03 08:55:06] [2026-05-03 08:55:06] Finished. Plugins=22; processed vaults=1; skipped entries=0.
[2026-05-03 08:55:06] Installer finished.
[2026-05-03 09:00:07] Running installer: C:\Users\18826\Documents\work_doc_ob\Telpo\scripts\obsidian-claudian-auto\Install-ClaudianToObsidianVaults.ps1
[2026-05-03 09:00:07] [2026-05-03 09:00:07] Plugins already installed/enabled for vault: C:\Users\18826\Documents\work_doc_ob\Telpo; installed=22; enabledTotal=24
[2026-05-03 09:00:07] [2026-05-03 09:00:07] Finished. Plugins=22; processed vaults=1; skipped entries=0.
[2026-05-03 09:00:07] Installer finished.
[2026-05-03 09:05:07] Running installer: C:\Users\18826\Documents\work_doc_ob\Telpo\scripts\obsidian-claudian-auto\Install-ClaudianToObsidianVaults.ps1
[2026-05-03 09:05:07] [2026-05-03 09:05:07] Plugins already installed/enabled for vault: C:\Users\18826\Documents\work_doc_ob\Telpo; installed=22; enabledTotal=24
[2026-05-03 09:05:07] [2026-05-03 09:05:07] Finished. Plugins=22; processed vaults=1; skipped entries=0.
[2026-05-03 09:05:07] Installer finished.
[2026-05-03 09:10:07] Running installer: C:\Users\18826\Documents\work_doc_ob\Telpo\scripts\obsidian-claudian-auto\Install-ClaudianToObsidianVaults.ps1
[2026-05-03 09:10:07] [2026-05-03 09:10:07] Plugins already installed/enabled for vault: C:\Users\18826\Documents\work_doc_ob\Telpo; installed=22; enabledTotal=24
[2026-05-03 09:10:07] [2026-05-03 09:10:07] Finished. Plugins=22; processed vaults=1; skipped entries=0.
[2026-05-03 09:10:07] Installer finished.
[2026-05-03 09:15:07] Running installer: C:\Users\18826\Documents\work_doc_ob\Telpo\scripts\obsidian-claudian-auto\Install-ClaudianToObsidianVaults.ps1
[2026-05-03 09:15:07] [2026-05-03 09:15:07] Plugins already installed/enabled for vault: C:\Users\18826\Documents\work_doc_ob\Telpo; installed=22; enabledTotal=24
[2026-05-03 09:15:07] [2026-05-03 09:15:07] Finished. Plugins=22; processed vaults=1; skipped entries=0.
[2026-05-03 09:15:07] Installer finished.
[2026-05-03 09:20:07] Running installer: C:\Users\18826\Documents\work_doc_ob\Telpo\scripts\obsidian-claudian-auto\Install-ClaudianToObsidianVaults.ps1
[2026-05-03 09:20:08] [2026-05-03 09:20:08] Plugins already installed/enabled for vault: C:\Users\18826\Documents\work_doc_ob\Telpo; installed=22; enabledTotal=24
[2026-05-03 09:20:08] [2026-05-03 09:20:08] Finished. Plugins=22; processed vaults=1; skipped entries=0.
[2026-05-03 09:20:08] Installer finished.
[2026-05-03 09:25:08] Running installer: C:\Users\18826\Documents\work_doc_ob\Telpo\scripts\obsidian-claudian-auto\Install-ClaudianToObsidianVaults.ps1
[2026-05-03 09:25:08] [2026-05-03 09:25:08] Plugins already installed/enabled for vault: C:\Users\18826\Documents\work_doc_ob\Telpo; installed=22; enabledTotal=24
[2026-05-03 09:25:08] [2026-05-03 09:25:08] Finished. Plugins=22; processed vaults=1; skipped entries=0.
[2026-05-03 09:25:08] Installer finished.
[2026-05-03 09:30:08] Running installer: C:\Users\18826\Documents\work_doc_ob\Telpo\scripts\obsidian-claudian-auto\Install-ClaudianToObsidianVaults.ps1
[2026-05-03 09:30:08] [2026-05-03 09:30:08] Plugins already installed/enabled for vault: C:\Users\18826\Documents\work_doc_ob\Telpo; installed=22; enabledTotal=24
[2026-05-03 09:30:08] [2026-05-03 09:30:08] Finished. Plugins=22; processed vaults=1; skipped entries=0.
[2026-05-03 09:30:08] Installer finished.
[2026-05-03 09:35:08] Running installer: C:\Users\18826\Documents\work_doc_ob\Telpo\scripts\obsidian-claudian-auto\Install-ClaudianToObsidianVaults.ps1
[2026-05-03 09:35:08] [2026-05-03 09:35:08] Plugins already installed/enabled for vault: C:\Users\18826\Documents\work_doc_ob\Telpo; installed=22; enabledTotal=24
[2026-05-03 09:35:08] [2026-05-03 09:35:08] Finished. Plugins=22; processed vaults=1; skipped entries=0.
[2026-05-03 09:35:08] Installer finished.
[2026-05-03 09:40:10] Running installer: C:\Users\18826\Documents\work_doc_ob\Telpo\scripts\obsidian-claudian-auto\Install-ClaudianToObsidianVaults.ps1
[2026-05-03 09:40:10] [2026-05-03 09:40:10] Plugins already installed/enabled for vault: C:\Users\18826\Documents\work_doc_ob\Telpo; installed=22; enabledTotal=24
[2026-05-03 09:40:10] [2026-05-03 09:40:10] Finished. Plugins=22; processed vaults=1; skipped entries=0.
[2026-05-03 09:40:10] Installer finished.
[2026-05-03 09:45:10] Running installer: C:\Users\18826\Documents\work_doc_ob\Telpo\scripts\obsidian-claudian-auto\Install-ClaudianToObsidianVaults.ps1
[2026-05-03 09:45:11] [2026-05-03 09:45:11] Plugins already installed/enabled for vault: C:\Users\18826\Documents\work_doc_ob\Telpo; installed=22; enabledTotal=24
[2026-05-03 09:45:11] [2026-05-03 09:45:11] Finished. Plugins=22; processed vaults=1; skipped entries=0.
[2026-05-03 09:45:11] Installer finished.
[2026-05-03 09:50:11] Running installer: C:\Users\18826\Documents\work_doc_ob\Telpo\scripts\obsidian-claudian-auto\Install-ClaudianToObsidianVaults.ps1
[2026-05-03 09:50:11] [2026-05-03 09:50:11] Plugins already installed/enabled for vault: C:\Users\18826\Documents\work_doc_ob\Telpo; installed=22; enabledTotal=24
[2026-05-03 09:50:11] [2026-05-03 09:50:11] Finished. Plugins=22; processed vaults=1; skipped entries=0.
[2026-05-03 09:50:11] Installer finished.
[2026-05-03 09:55:11] Running installer: C:\Users\18826\Documents\work_doc_ob\Telpo\scripts\obsidian-claudian-auto\Install-ClaudianToObsidianVaults.ps1
[2026-05-03 09:55:11] [2026-05-03 09:55:11] Plugins already installed/enabled for vault: C:\Users\18826\Documents\work_doc_ob\Telpo; installed=22; enabledTotal=24
[2026-05-03 09:55:11] [2026-05-03 09:55:11] Finished. Plugins=22; processed vaults=1; skipped entries=0.
[2026-05-03 09:55:11] Installer finished.
[2026-05-03 10:00:11] Running installer: C:\Users\18826\Documents\work_doc_ob\Telpo\scripts\obsidian-claudian-auto\Install-ClaudianToObsidianVaults.ps1
[2026-05-03 10:00:11] [2026-05-03 10:00:11] Plugins already installed/enabled for vault: C:\Users\18826\Documents\work_doc_ob\Telpo; installed=22; enabledTotal=24
[2026-05-03 10:00:11] [2026-05-03 10:00:11] Finished. Plugins=22; processed vaults=1; skipped entries=0.
[2026-05-03 10:00:11] Installer finished.
[2026-05-03 10:05:11] Running installer: C:\Users\18826\Documents\work_doc_ob\Telpo\scripts\obsidian-claudian-auto\Install-ClaudianToObsidianVaults.ps1
[2026-05-03 10:05:12] [2026-05-03 10:05:12] Plugins already installed/enabled for vault: C:\Users\18826\Documents\work_doc_ob\Telpo; installed=22; enabledTotal=24
[2026-05-03 10:05:12] [2026-05-03 10:05:12] Finished. Plugins=22; processed vaults=1; skipped entries=0.
[2026-05-03 10:05:12] Installer finished.
[2026-05-03 10:10:12] Running installer: C:\Users\18826\Documents\work_doc_ob\Telpo\scripts\obsidian-claudian-auto\Install-ClaudianToObsidianVaults.ps1
[2026-05-03 10:10:12] [2026-05-03 10:10:12] Plugins already installed/enabled for vault: C:\Users\18826\Documents\work_doc_ob\Telpo; installed=22; enabledTotal=24
[2026-05-03 10:10:12] [2026-05-03 10:10:12] Finished. Plugins=22; processed vaults=1; skipped entries=0.
[2026-05-03 10:10:12] Installer finished.
[2026-05-03 10:15:12] Running installer: C:\Users\18826\Documents\work_doc_ob\Telpo\scripts\obsidian-claudian-auto\Install-ClaudianToObsidianVaults.ps1
[2026-05-03 10:15:12] [2026-05-03 10:15:12] Plugins already installed/enabled for vault: C:\Users\18826\Documents\work_doc_ob\Telpo; installed=22; enabledTotal=24
[2026-05-03 10:15:12] [2026-05-03 10:15:12] Finished. Plugins=22; processed vaults=1; skipped entries=0.
[2026-05-03 10:15:12] Installer finished.
[2026-05-03 10:20:12] Running installer: C:\Users\18826\Documents\work_doc_ob\Telpo\scripts\obsidian-claudian-auto\Install-ClaudianToObsidianVaults.ps1
[2026-05-03 10:20:12] [2026-05-03 10:20:12] Plugins already installed/enabled for vault: C:\Users\18826\Documents\work_doc_ob\Telpo; installed=22; enabledTotal=24
[2026-05-03 10:20:12] [2026-05-03 10:20:12] Finished. Plugins=22; processed vaults=1; skipped entries=0.
[2026-05-03 10:20:12] Installer finished.
[2026-05-03 10:25:12] Running installer: C:\Users\18826\Documents\work_doc_ob\Telpo\scripts\obsidian-claudian-auto\Install-ClaudianToObsidianVaults.ps1
[2026-05-03 10:25:13] [2026-05-03 10:25:13] Plugins already installed/enabled for vault: C:\Users\18826\Documents\work_doc_ob\Telpo; installed=22; enabledTotal=24
[2026-05-03 10:25:13] [2026-05-03 10:25:13] Finished. Plugins=22; processed vaults=1; skipped entries=0.
[2026-05-03 10:25:13] Installer finished.
[2026-05-03 10:30:13] Running installer: C:\Users\18826\Documents\work_doc_ob\Telpo\scripts\obsidian-claudian-auto\Install-ClaudianToObsidianVaults.ps1
[2026-05-03 10:30:13] [2026-05-03 10:30:13] Plugins already installed/enabled for vault: C:\Users\18826\Documents\work_doc_ob\Telpo; installed=22; enabledTotal=24
[2026-05-03 10:30:13] [2026-05-03 10:30:13] Finished. Plugins=22; processed vaults=1; skipped entries=0.
[2026-05-03 10:30:13] Installer finished.
[2026-05-03 10:35:13] Running installer: C:\Users\18826\Documents\work_doc_ob\Telpo\scripts\obsidian-claudian-auto\Install-ClaudianToObsidianVaults.ps1
[2026-05-03 10:35:13] [2026-05-03 10:35:13] Plugins already installed/enabled for vault: C:\Users\18826\Documents\work_doc_ob\Telpo; installed=22; enabledTotal=24
[2026-05-03 10:35:13] [2026-05-03 10:35:13] Finished. Plugins=22; processed vaults=1; skipped entries=0.
[2026-05-03 10:35:13] Installer finished.
[2026-05-03 10:40:13] Running installer: C:\Users\18826\Documents\work_doc_ob\Telpo\scripts\obsidian-claudian-auto\Install-ClaudianToObsidianVaults.ps1
[2026-05-03 10:40:13] [2026-05-03 10:40:13] Plugins already installed/enabled for vault: C:\Users\18826\Documents\work_doc_ob\Telpo; installed=22; enabledTotal=24
[2026-05-03 10:40:13] [2026-05-03 10:40:13] Finished. Plugins=22; processed vaults=1; skipped entries=0.
[2026-05-03 10:40:13] Installer finished.
[2026-05-03 10:45:13] Running installer: C:\Users\18826\Documents\work_doc_ob\Telpo\scripts\obsidian-claudian-auto\Install-ClaudianToObsidianVaults.ps1
[2026-05-03 10:45:14] [2026-05-03 10:45:14] Plugins already installed/enabled for vault: C:\Users\18826\Documents\work_doc_ob\Telpo; installed=22; enabledTotal=24
[2026-05-03 10:45:14] [2026-05-03 10:45:14] Finished. Plugins=22; processed vaults=1; skipped entries=0.
[2026-05-03 10:45:14] Installer finished.
[2026-05-03 10:50:14] Running installer: C:\Users\18826\Documents\work_doc_ob\Telpo\scripts\obsidian-claudian-auto\Install-ClaudianToObsidianVaults.ps1
[2026-05-03 10:50:14] [2026-05-03 10:50:14] Plugins already installed/enabled for vault: C:\Users\18826\Documents\work_doc_ob\Telpo; installed=22; enabledTotal=24
[2026-05-03 10:50:14] [2026-05-03 10:50:14] Finished. Plugins=22; processed vaults=1; skipped entries=0.
[2026-05-03 10:50:14] Installer finished.
[2026-05-03 10:55:14] Running installer: C:\Users\18826\Documents\work_doc_ob\Telpo\scripts\obsidian-claudian-auto\Install-ClaudianToObsidianVaults.ps1
[2026-05-03 10:55:14] [2026-05-03 10:55:14] Plugins already installed/enabled for vault: C:\Users\18826\Documents\work_doc_ob\Telpo; installed=22; enabledTotal=24
[2026-05-03 10:55:14] [2026-05-03 10:55:14] Finished. Plugins=22; processed vaults=1; skipped entries=0.
[2026-05-03 10:55:14] Installer finished.
[2026-05-03 11:00:14] Running installer: C:\Users\18826\Documents\work_doc_ob\Telpo\scripts\obsidian-claudian-auto\Install-ClaudianToObsidianVaults.ps1
[2026-05-03 11:00:14] [2026-05-03 11:00:14] Plugins already installed/enabled for vault: C:\Users\18826\Documents\work_doc_ob\Telpo; installed=22; enabledTotal=24
[2026-05-03 11:00:14] [2026-05-03 11:00:14] Finished. Plugins=22; processed vaults=1; skipped entries=0.
[2026-05-03 11:00:14] Installer finished.
[2026-05-03 11:05:14] Running installer: C:\Users\18826\Documents\work_doc_ob\Telpo\scripts\obsidian-claudian-auto\Install-ClaudianToObsidianVaults.ps1
[2026-05-03 11:05:15] [2026-05-03 11:05:15] Plugins already installed/enabled for vault: C:\Users\18826\Documents\work_doc_ob\Telpo; installed=22; enabledTotal=24
[2026-05-03 11:05:15] [2026-05-03 11:05:15] Finished. Plugins=22; processed vaults=1; skipped entries=0.
[2026-05-03 11:05:15] Installer finished.
[2026-05-03 11:07:45] Obsidian vault registry changed: C:\Users\18826\AppData\Roaming\obsidian\obsidian.json
[2026-05-03 11:07:45] Running installer: C:\Users\18826\Documents\work_doc_ob\Telpo\scripts\obsidian-claudian-auto\Install-ClaudianToObsidianVaults.ps1
[2026-05-03 11:07:45] [2026-05-03 11:07:45] Installed/enabled plugins for vault: C:\Users\18826\Documents\work_doc_ob\Telpo; installed=22; enabledTotal=22
[2026-05-03 11:07:45] [2026-05-03 11:07:45] Finished. Plugins=22; processed vaults=1; skipped entries=0.
[2026-05-03 11:07:45] Installer finished.
[2026-05-03 11:12:45] Running installer: C:\Users\18826\Documents\work_doc_ob\Telpo\scripts\obsidian-claudian-auto\Install-ClaudianToObsidianVaults.ps1
[2026-05-03 11:12:45] [2026-05-03 11:12:45] Plugins already installed/enabled for vault: C:\Users\18826\Documents\work_doc_ob\Telpo; installed=22; enabledTotal=23
[2026-05-03 11:12:45] [2026-05-03 11:12:45] Finished. Plugins=22; processed vaults=1; skipped entries=0.
[2026-05-03 11:12:45] Installer finished.
[2026-05-03 11:17:45] Running installer: C:\Users\18826\Documents\work_doc_ob\Telpo\scripts\obsidian-claudian-auto\Install-ClaudianToObsidianVaults.ps1
[2026-05-03 11:17:45] [2026-05-03 11:17:45] Plugins already installed/enabled for vault: C:\Users\18826\Documents\work_doc_ob\Telpo; installed=22; enabledTotal=23
[2026-05-03 11:17:45] [2026-05-03 11:17:45] Finished. Plugins=22; processed vaults=1; skipped entries=0.
[2026-05-03 11:17:45] Installer finished.
[2026-05-03 11:22:46] Running installer: C:\Users\18826\Documents\work_doc_ob\Telpo\scripts\obsidian-claudian-auto\Install-ClaudianToObsidianVaults.ps1
[2026-05-03 11:22:46] [2026-05-03 11:22:46] Plugins already installed/enabled for vault: C:\Users\18826\Documents\work_doc_ob\Telpo; installed=22; enabledTotal=23
[2026-05-03 11:22:46] [2026-05-03 11:22:46] Finished. Plugins=22; processed vaults=1; skipped entries=0.
[2026-05-03 11:22:46] Installer finished.
[2026-05-03 11:27:46] Running installer: C:\Users\18826\Documents\work_doc_ob\Telpo\scripts\obsidian-claudian-auto\Install-ClaudianToObsidianVaults.ps1
[2026-05-03 11:27:46] [2026-05-03 11:27:46] Plugins already installed/enabled for vault: C:\Users\18826\Documents\work_doc_ob\Telpo; installed=22; enabledTotal=23
[2026-05-03 11:27:46] [2026-05-03 11:27:46] Finished. Plugins=22; processed vaults=1; skipped entries=0.
[2026-05-03 11:27:46] Installer finished.
[2026-05-03 11:32:46] Running installer: C:\Users\18826\Documents\work_doc_ob\Telpo\scripts\obsidian-claudian-auto\Install-ClaudianToObsidianVaults.ps1
[2026-05-03 11:32:46] [2026-05-03 11:32:46] Plugins already installed/enabled for vault: C:\Users\18826\Documents\work_doc_ob\Telpo; installed=22; enabledTotal=23
[2026-05-03 11:32:46] [2026-05-03 11:32:46] Finished. Plugins=22; processed vaults=1; skipped entries=0.
[2026-05-03 11:32:46] Installer finished.
[2026-05-03 11:37:47] Running installer: C:\Users\18826\Documents\work_doc_ob\Telpo\scripts\obsidian-claudian-auto\Install-ClaudianToObsidianVaults.ps1
[2026-05-03 11:37:47] [2026-05-03 11:37:47] Plugins already installed/enabled for vault: C:\Users\18826\Documents\work_doc_ob\Telpo; installed=22; enabledTotal=23
[2026-05-03 11:37:47] [2026-05-03 11:37:47] Finished. Plugins=22; processed vaults=1; skipped entries=0.
[2026-05-03 11:37:47] Installer finished.
[2026-05-03 11:42:47] Running installer: C:\Users\18826\Documents\work_doc_ob\Telpo\scripts\obsidian-claudian-auto\Install-ClaudianToObsidianVaults.ps1
[2026-05-03 11:42:47] [2026-05-03 11:42:47] Plugins already installed/enabled for vault: C:\Users\18826\Documents\work_doc_ob\Telpo; installed=22; enabledTotal=23
[2026-05-03 11:42:47] [2026-05-03 11:42:47] Finished. Plugins=22; processed vaults=1; skipped entries=0.
[2026-05-03 11:42:47] Installer finished.
[2026-05-03 11:47:47] Running installer: C:\Users\18826\Documents\work_doc_ob\Telpo\scripts\obsidian-claudian-auto\Install-ClaudianToObsidianVaults.ps1
[2026-05-03 11:47:47] [2026-05-03 11:47:47] Plugins already installed/enabled for vault: C:\Users\18826\Documents\work_doc_ob\Telpo; installed=22; enabledTotal=23
[2026-05-03 11:47:47] [2026-05-03 11:47:47] Finished. Plugins=22; processed vaults=1; skipped entries=0.
[2026-05-03 11:47:47] Installer finished.
[2026-05-03 11:52:48] Running installer: C:\Users\18826\Documents\work_doc_ob\Telpo\scripts\obsidian-claudian-auto\Install-ClaudianToObsidianVaults.ps1
[2026-05-03 11:52:48] [2026-05-03 11:52:48] Plugins already installed/enabled for vault: C:\Users\18826\Documents\work_doc_ob\Telpo; installed=22; enabledTotal=23
[2026-05-03 11:52:48] [2026-05-03 11:52:48] Finished. Plugins=22; processed vaults=1; skipped entries=0.
[2026-05-03 11:52:48] Installer finished.
[2026-05-03 11:57:48] Running installer: C:\Users\18826\Documents\work_doc_ob\Telpo\scripts\obsidian-claudian-auto\Install-ClaudianToObsidianVaults.ps1
[2026-05-03 11:57:48] [2026-05-03 11:57:48] Plugins already installed/enabled for vault: C:\Users\18826\Documents\work_doc_ob\Telpo; installed=22; enabledTotal=23
[2026-05-03 11:57:48] [2026-05-03 11:57:48] Finished. Plugins=22; processed vaults=1; skipped entries=0.
[2026-05-03 11:57:48] Installer finished.
[2026-05-03 12:02:48] Running installer: C:\Users\18826\Documents\work_doc_ob\Telpo\scripts\obsidian-claudian-auto\Install-ClaudianToObsidianVaults.ps1
[2026-05-03 12:02:48] [2026-05-03 12:02:48] Plugins already installed/enabled for vault: C:\Users\18826\Documents\work_doc_ob\Telpo; installed=22; enabledTotal=23
[2026-05-03 12:02:48] [2026-05-03 12:02:48] Finished. Plugins=22; processed vaults=1; skipped entries=0.
[2026-05-03 12:02:48] Installer finished.
[2026-05-03 12:07:48] Running installer: C:\Users\18826\Documents\work_doc_ob\Telpo\scripts\obsidian-claudian-auto\Install-ClaudianToObsidianVaults.ps1
[2026-05-03 12:07:49] [2026-05-03 12:07:49] Plugins already installed/enabled for vault: C:\Users\18826\Documents\work_doc_ob\Telpo; installed=22; enabledTotal=23
[2026-05-03 12:07:49] [2026-05-03 12:07:49] Finished. Plugins=22; processed vaults=1; skipped entries=0.
[2026-05-03 12:07:49] Installer finished.
[2026-05-03 12:12:49] Running installer: C:\Users\18826\Documents\work_doc_ob\Telpo\scripts\obsidian-claudian-auto\Install-ClaudianToObsidianVaults.ps1
[2026-05-03 12:12:49] [2026-05-03 12:12:49] Plugins already installed/enabled for vault: C:\Users\18826\Documents\work_doc_ob\Telpo; installed=22; enabledTotal=23
[2026-05-03 12:12:49] [2026-05-03 12:12:49] Finished. Plugins=22; processed vaults=1; skipped entries=0.
[2026-05-03 12:12:49] Installer finished.
[2026-05-03 12:17:49] Running installer: C:\Users\18826\Documents\work_doc_ob\Telpo\scripts\obsidian-claudian-auto\Install-ClaudianToObsidianVaults.ps1
[2026-05-03 12:17:49] [2026-05-03 12:17:49] Plugins already installed/enabled for vault: C:\Users\18826\Documents\work_doc_ob\Telpo; installed=22; enabledTotal=23
[2026-05-03 12:17:49] [2026-05-03 12:17:49] Finished. Plugins=22; processed vaults=1; skipped entries=0.
[2026-05-03 12:17:49] Installer finished.
[2026-05-03 12:22:49] Running installer: C:\Users\18826\Documents\work_doc_ob\Telpo\scripts\obsidian-claudian-auto\Install-ClaudianToObsidianVaults.ps1
[2026-05-03 12:22:50] [2026-05-03 12:22:50] Plugins already installed/enabled for vault: C:\Users\18826\Documents\work_doc_ob\Telpo; installed=22; enabledTotal=23
[2026-05-03 12:22:50] [2026-05-03 12:22:50] Finished. Plugins=22; processed vaults=1; skipped entries=0.
[2026-05-03 12:22:50] Installer finished.
[2026-05-03 12:27:50] Running installer: C:\Users\18826\Documents\work_doc_ob\Telpo\scripts\obsidian-claudian-auto\Install-ClaudianToObsidianVaults.ps1
[2026-05-03 12:27:50] [2026-05-03 12:27:50] Plugins already installed/enabled for vault: C:\Users\18826\Documents\work_doc_ob\Telpo; installed=22; enabledTotal=23
[2026-05-03 12:27:50] [2026-05-03 12:27:50] Finished. Plugins=22; processed vaults=1; skipped entries=0.
[2026-05-03 12:27:50] Installer finished.
[2026-05-03 12:32:50] Running installer: C:\Users\18826\Documents\work_doc_ob\Telpo\scripts\obsidian-claudian-auto\Install-ClaudianToObsidianVaults.ps1
[2026-05-03 12:32:50] [2026-05-03 12:32:50] Plugins already installed/enabled for vault: C:\Users\18826\Documents\work_doc_ob\Telpo; installed=22; enabledTotal=23
[2026-05-03 12:32:50] [2026-05-03 12:32:50] Finished. Plugins=22; processed vaults=1; skipped entries=0.
[2026-05-03 12:32:50] Installer finished.
[2026-05-03 12:37:50] Running installer: C:\Users\18826\Documents\work_doc_ob\Telpo\scripts\obsidian-claudian-auto\Install-ClaudianToObsidianVaults.ps1
[2026-05-03 12:37:51] [2026-05-03 12:37:51] Plugins already installed/enabled for vault: C:\Users\18826\Documents\work_doc_ob\Telpo; installed=22; enabledTotal=23
[2026-05-03 12:37:51] [2026-05-03 12:37:51] Finished. Plugins=22; processed vaults=1; skipped entries=0.
[2026-05-03 12:37:51] Installer finished.
[2026-05-03 12:42:51] Running installer: C:\Users\18826\Documents\work_doc_ob\Telpo\scripts\obsidian-claudian-auto\Install-ClaudianToObsidianVaults.ps1
[2026-05-03 12:42:51] [2026-05-03 12:42:51] Plugins already installed/enabled for vault: C:\Users\18826\Documents\work_doc_ob\Telpo; installed=22; enabledTotal=23
[2026-05-03 12:42:51] [2026-05-03 12:42:51] Finished. Plugins=22; processed vaults=1; skipped entries=0.
[2026-05-03 12:42:51] Installer finished.
[2026-05-03 12:47:51] Running installer: C:\Users\18826\Documents\work_doc_ob\Telpo\scripts\obsidian-claudian-auto\Install-ClaudianToObsidianVaults.ps1
[2026-05-03 12:47:51] [2026-05-03 12:47:51] Plugins already installed/enabled for vault: C:\Users\18826\Documents\work_doc_ob\Telpo; installed=22; enabledTotal=23
[2026-05-03 12:47:51] [2026-05-03 12:47:51] Finished. Plugins=22; processed vaults=1; skipped entries=0.
[2026-05-03 12:47:51] Installer finished.
[2026-05-03 12:52:51] Running installer: C:\Users\18826\Documents\work_doc_ob\Telpo\scripts\obsidian-claudian-auto\Install-ClaudianToObsidianVaults.ps1
[2026-05-03 12:52:52] [2026-05-03 12:52:52] Plugins already installed/enabled for vault: C:\Users\18826\Documents\work_doc_ob\Telpo; installed=22; enabledTotal=23
[2026-05-03 12:52:52] [2026-05-03 12:52:52] Finished. Plugins=22; processed vaults=1; skipped entries=0.
[2026-05-03 12:52:52] Installer finished.
[2026-05-03 12:57:52] Running installer: C:\Users\18826\Documents\work_doc_ob\Telpo\scripts\obsidian-claudian-auto\Install-ClaudianToObsidianVaults.ps1
[2026-05-03 12:57:52] [2026-05-03 12:57:52] Plugins already installed/enabled for vault: C:\Users\18826\Documents\work_doc_ob\Telpo; installed=22; enabledTotal=23
[2026-05-03 12:57:52] [2026-05-03 12:57:52] Finished. Plugins=22; processed vaults=1; skipped entries=0.
[2026-05-03 12:57:52] Installer finished.
[2026-05-03 13:02:52] Running installer: C:\Users\18826\Documents\work_doc_ob\Telpo\scripts\obsidian-claudian-auto\Install-ClaudianToObsidianVaults.ps1
[2026-05-03 13:02:52] [2026-05-03 13:02:52] Plugins already installed/enabled for vault: C:\Users\18826\Documents\work_doc_ob\Telpo; installed=22; enabledTotal=23
[2026-05-03 13:02:52] [2026-05-03 13:02:52] Finished. Plugins=22; processed vaults=1; skipped entries=0.
[2026-05-03 13:02:52] Installer finished.
[2026-05-03 13:07:52] Running installer: C:\Users\18826\Documents\work_doc_ob\Telpo\scripts\obsidian-claudian-auto\Install-ClaudianToObsidianVaults.ps1
[2026-05-03 13:07:52] [2026-05-03 13:07:52] Plugins already installed/enabled for vault: C:\Users\18826\Documents\work_doc_ob\Telpo; installed=22; enabledTotal=23
[2026-05-03 13:07:52] [2026-05-03 13:07:52] Finished. Plugins=22; processed vaults=1; skipped entries=0.
[2026-05-03 13:07:52] Installer finished.
[2026-05-03 13:12:53] Running installer: C:\Users\18826\Documents\work_doc_ob\Telpo\scripts\obsidian-claudian-auto\Install-ClaudianToObsidianVaults.ps1
[2026-05-03 13:12:53] [2026-05-03 13:12:53] Plugins already installed/enabled for vault: C:\Users\18826\Documents\work_doc_ob\Telpo; installed=22; enabledTotal=23
[2026-05-03 13:12:53] [2026-05-03 13:12:53] Finished. Plugins=22; processed vaults=1; skipped entries=0.
[2026-05-03 13:12:53] Installer finished.
[2026-05-03 13:17:53] Running installer: C:\Users\18826\Documents\work_doc_ob\Telpo\scripts\obsidian-claudian-auto\Install-ClaudianToObsidianVaults.ps1
[2026-05-03 13:17:53] [2026-05-03 13:17:53] Plugins already installed/enabled for vault: C:\Users\18826\Documents\work_doc_ob\Telpo; installed=22; enabledTotal=23
[2026-05-03 13:17:53] [2026-05-03 13:17:53] Finished. Plugins=22; processed vaults=1; skipped entries=0.
[2026-05-03 13:17:53] Installer finished.
[2026-05-03 13:22:53] Running installer: C:\Users\18826\Documents\work_doc_ob\Telpo\scripts\obsidian-claudian-auto\Install-ClaudianToObsidianVaults.ps1
[2026-05-03 13:22:53] [2026-05-03 13:22:53] Plugins already installed/enabled for vault: C:\Users\18826\Documents\work_doc_ob\Telpo; installed=22; enabledTotal=23
[2026-05-03 13:22:53] [2026-05-03 13:22:53] Finished. Plugins=22; processed vaults=1; skipped entries=0.
[2026-05-03 13:22:53] Installer finished.
[2026-05-03 13:27:54] Running installer: C:\Users\18826\Documents\work_doc_ob\Telpo\scripts\obsidian-claudian-auto\Install-ClaudianToObsidianVaults.ps1
[2026-05-03 13:27:54] [2026-05-03 13:27:54] Plugins already installed/enabled for vault: C:\Users\18826\Documents\work_doc_ob\Telpo; installed=22; enabledTotal=23
[2026-05-03 13:27:54] [2026-05-03 13:27:54] Finished. Plugins=22; processed vaults=1; skipped entries=0.
[2026-05-03 13:27:54] Installer finished.
[2026-05-03 13:32:54] Running installer: C:\Users\18826\Documents\work_doc_ob\Telpo\scripts\obsidian-claudian-auto\Install-ClaudianToObsidianVaults.ps1
[2026-05-03 13:32:54] [2026-05-03 13:32:54] Plugins already installed/enabled for vault: C:\Users\18826\Documents\work_doc_ob\Telpo; installed=22; enabledTotal=23
[2026-05-03 13:32:54] [2026-05-03 13:32:54] Finished. Plugins=22; processed vaults=1; skipped entries=0.
[2026-05-03 13:32:54] Installer finished.
[2026-05-03 13:37:54] Running installer: C:\Users\18826\Documents\work_doc_ob\Telpo\scripts\obsidian-claudian-auto\Install-ClaudianToObsidianVaults.ps1
[2026-05-03 13:37:54] [2026-05-03 13:37:54] Plugins already installed/enabled for vault: C:\Users\18826\Documents\work_doc_ob\Telpo; installed=22; enabledTotal=23
[2026-05-03 13:37:54] [2026-05-03 13:37:54] Finished. Plugins=22; processed vaults=1; skipped entries=0.
[2026-05-03 13:37:54] Installer finished.
[2026-05-03 13:42:55] Running installer: C:\Users\18826\Documents\work_doc_ob\Telpo\scripts\obsidian-claudian-auto\Install-ClaudianToObsidianVaults.ps1
[2026-05-03 13:42:55] [2026-05-03 13:42:55] Plugins already installed/enabled for vault: C:\Users\18826\Documents\work_doc_ob\Telpo; installed=22; enabledTotal=23
[2026-05-03 13:42:55] [2026-05-03 13:42:55] Finished. Plugins=22; processed vaults=1; skipped entries=0.
[2026-05-03 13:42:55] Installer finished.
[2026-05-03 13:47:55] Running installer: C:\Users\18826\Documents\work_doc_ob\Telpo\scripts\obsidian-claudian-auto\Install-ClaudianToObsidianVaults.ps1
[2026-05-03 13:47:55] [2026-05-03 13:47:55] Plugins already installed/enabled for vault: C:\Users\18826\Documents\work_doc_ob\Telpo; installed=22; enabledTotal=23
[2026-05-03 13:47:55] [2026-05-03 13:47:55] Finished. Plugins=22; processed vaults=1; skipped entries=0.
[2026-05-03 13:47:55] Installer finished.
[2026-05-03 13:52:55] Running installer: C:\Users\18826\Documents\work_doc_ob\Telpo\scripts\obsidian-claudian-auto\Install-ClaudianToObsidianVaults.ps1
[2026-05-03 13:52:55] [2026-05-03 13:52:55] Plugins already installed/enabled for vault: C:\Users\18826\Documents\work_doc_ob\Telpo; installed=22; enabledTotal=23
[2026-05-03 13:52:55] [2026-05-03 13:52:55] Finished. Plugins=22; processed vaults=1; skipped entries=0.
[2026-05-03 13:52:55] Installer finished.
[2026-05-03 13:57:55] Running installer: C:\Users\18826\Documents\work_doc_ob\Telpo\scripts\obsidian-claudian-auto\Install-ClaudianToObsidianVaults.ps1
[2026-05-03 13:57:56] [2026-05-03 13:57:56] Plugins already installed/enabled for vault: C:\Users\18826\Documents\work_doc_ob\Telpo; installed=22; enabledTotal=23
[2026-05-03 13:57:56] [2026-05-03 13:57:56] Finished. Plugins=22; processed vaults=1; skipped entries=0.
[2026-05-03 13:57:56] Installer finished.
[2026-05-03 14:02:56] Running installer: C:\Users\18826\Documents\work_doc_ob\Telpo\scripts\obsidian-claudian-auto\Install-ClaudianToObsidianVaults.ps1
[2026-05-03 14:02:56] [2026-05-03 14:02:56] Plugins already installed/enabled for vault: C:\Users\18826\Documents\work_doc_ob\Telpo; installed=22; enabledTotal=23
[2026-05-03 14:02:56] [2026-05-03 14:02:56] Finished. Plugins=22; processed vaults=1; skipped entries=0.
[2026-05-03 14:02:56] Installer finished.
[2026-05-03 14:07:56] Running installer: C:\Users\18826\Documents\work_doc_ob\Telpo\scripts\obsidian-claudian-auto\Install-ClaudianToObsidianVaults.ps1
[2026-05-03 14:07:56] [2026-05-03 14:07:56] Plugins already installed/enabled for vault: C:\Users\18826\Documents\work_doc_ob\Telpo; installed=22; enabledTotal=23
[2026-05-03 14:07:56] [2026-05-03 14:07:56] Finished. Plugins=22; processed vaults=1; skipped entries=0.
[2026-05-03 14:07:56] Installer finished.
[2026-05-03 14:12:56] Running installer: C:\Users\18826\Documents\work_doc_ob\Telpo\scripts\obsidian-claudian-auto\Install-ClaudianToObsidianVaults.ps1
[2026-05-03 14:12:57] [2026-05-03 14:12:57] Plugins already installed/enabled for vault: C:\Users\18826\Documents\work_doc_ob\Telpo; installed=22; enabledTotal=23
[2026-05-03 14:12:57] [2026-05-03 14:12:57] Finished. Plugins=22; processed vaults=1; skipped entries=0.
[2026-05-03 14:12:57] Installer finished.
[2026-05-03 14:17:57] Running installer: C:\Users\18826\Documents\work_doc_ob\Telpo\scripts\obsidian-claudian-auto\Install-ClaudianToObsidianVaults.ps1
[2026-05-03 14:17:57] [2026-05-03 14:17:57] Plugins already installed/enabled for vault: C:\Users\18826\Documents\work_doc_ob\Telpo; installed=22; enabledTotal=23
[2026-05-03 14:17:57] [2026-05-03 14:17:57] Finished. Plugins=22; processed vaults=1; skipped entries=0.
[2026-05-03 14:17:57] Installer finished.
[2026-05-03 14:22:57] Running installer: C:\Users\18826\Documents\work_doc_ob\Telpo\scripts\obsidian-claudian-auto\Install-ClaudianToObsidianVaults.ps1
[2026-05-03 14:22:57] [2026-05-03 14:22:57] Plugins already installed/enabled for vault: C:\Users\18826\Documents\work_doc_ob\Telpo; installed=22; enabledTotal=23
[2026-05-03 14:22:57] [2026-05-03 14:22:57] Finished. Plugins=22; processed vaults=1; skipped entries=0.
[2026-05-03 14:22:57] Installer finished.
[2026-05-03 14:27:57] Running installer: C:\Users\18826\Documents\work_doc_ob\Telpo\scripts\obsidian-claudian-auto\Install-ClaudianToObsidianVaults.ps1
[2026-05-03 14:27:58] [2026-05-03 14:27:58] Plugins already installed/enabled for vault: C:\Users\18826\Documents\work_doc_ob\Telpo; installed=22; enabledTotal=23
[2026-05-03 14:27:58] [2026-05-03 14:27:58] Finished. Plugins=22; processed vaults=1; skipped entries=0.
[2026-05-03 14:27:58] Installer finished.
[2026-05-03 14:32:58] Running installer: C:\Users\18826\Documents\work_doc_ob\Telpo\scripts\obsidian-claudian-auto\Install-ClaudianToObsidianVaults.ps1
[2026-05-03 14:32:58] [2026-05-03 14:32:58] Plugins already installed/enabled for vault: C:\Users\18826\Documents\work_doc_ob\Telpo; installed=22; enabledTotal=23
[2026-05-03 14:32:58] [2026-05-03 14:32:58] Finished. Plugins=22; processed vaults=1; skipped entries=0.
[2026-05-03 14:32:58] Installer finished.
[2026-05-03 14:37:58] Running installer: C:\Users\18826\Documents\work_doc_ob\Telpo\scripts\obsidian-claudian-auto\Install-ClaudianToObsidianVaults.ps1
[2026-05-03 14:37:58] [2026-05-03 14:37:58] Plugins already installed/enabled for vault: C:\Users\18826\Documents\work_doc_ob\Telpo; installed=22; enabledTotal=23
[2026-05-03 14:37:58] [2026-05-03 14:37:58] Finished. Plugins=22; processed vaults=1; skipped entries=0.
[2026-05-03 14:37:58] Installer finished.
[2026-05-03 14:42:58] Running installer: C:\Users\18826\Documents\work_doc_ob\Telpo\scripts\obsidian-claudian-auto\Install-ClaudianToObsidianVaults.ps1
[2026-05-03 14:42:58] [2026-05-03 14:42:58] Plugins already installed/enabled for vault: C:\Users\18826\Documents\work_doc_ob\Telpo; installed=22; enabledTotal=23
[2026-05-03 14:42:58] [2026-05-03 14:42:58] Finished. Plugins=22; processed vaults=1; skipped entries=0.
[2026-05-03 14:42:58] Installer finished.
[2026-05-03 14:47:59] Running installer: C:\Users\18826\Documents\work_doc_ob\Telpo\scripts\obsidian-claudian-auto\Install-ClaudianToObsidianVaults.ps1
[2026-05-03 14:47:59] [2026-05-03 14:47:59] Plugins already installed/enabled for vault: C:\Users\18826\Documents\work_doc_ob\Telpo; installed=22; enabledTotal=23
[2026-05-03 14:47:59] [2026-05-03 14:47:59] Finished. Plugins=22; processed vaults=1; skipped entries=0.
[2026-05-03 14:47:59] Installer finished.
[2026-05-03 14:52:59] Running installer: C:\Users\18826\Documents\work_doc_ob\Telpo\scripts\obsidian-claudian-auto\Install-ClaudianToObsidianVaults.ps1
[2026-05-03 14:52:59] [2026-05-03 14:52:59] Plugins already installed/enabled for vault: C:\Users\18826\Documents\work_doc_ob\Telpo; installed=22; enabledTotal=23
[2026-05-03 14:52:59] [2026-05-03 14:52:59] Finished. Plugins=22; processed vaults=1; skipped entries=0.
[2026-05-03 14:52:59] Installer finished.
[2026-05-03 14:57:59] Running installer: C:\Users\18826\Documents\work_doc_ob\Telpo\scripts\obsidian-claudian-auto\Install-ClaudianToObsidianVaults.ps1
[2026-05-03 14:57:59] [2026-05-03 14:57:59] Plugins already installed/enabled for vault: C:\Users\18826\Documents\work_doc_ob\Telpo; installed=22; enabledTotal=23
[2026-05-03 14:57:59] [2026-05-03 14:57:59] Finished. Plugins=22; processed vaults=1; skipped entries=0.
[2026-05-03 14:57:59] Installer finished.
[2026-05-03 15:03:00] Running installer: C:\Users\18826\Documents\work_doc_ob\Telpo\scripts\obsidian-claudian-auto\Install-ClaudianToObsidianVaults.ps1
[2026-05-03 15:03:00] [2026-05-03 15:03:00] Plugins already installed/enabled for vault: C:\Users\18826\Documents\work_doc_ob\Telpo; installed=22; enabledTotal=23
[2026-05-03 15:03:00] [2026-05-03 15:03:00] Finished. Plugins=22; processed vaults=1; skipped entries=0.
[2026-05-03 15:03:00] Installer finished.
[2026-05-03 15:08:00] Running installer: C:\Users\18826\Documents\work_doc_ob\Telpo\scripts\obsidian-claudian-auto\Install-ClaudianToObsidianVaults.ps1
[2026-05-03 15:08:00] [2026-05-03 15:08:00] Plugins already installed/enabled for vault: C:\Users\18826\Documents\work_doc_ob\Telpo; installed=22; enabledTotal=23
[2026-05-03 15:08:00] [2026-05-03 15:08:00] Finished. Plugins=22; processed vaults=1; skipped entries=0.
[2026-05-03 15:08:00] Installer finished.
[2026-05-03 15:13:00] Running installer: C:\Users\18826\Documents\work_doc_ob\Telpo\scripts\obsidian-claudian-auto\Install-ClaudianToObsidianVaults.ps1
[2026-05-03 15:13:00] [2026-05-03 15:13:00] Plugins already installed/enabled for vault: C:\Users\18826\Documents\work_doc_ob\Telpo; installed=22; enabledTotal=23
[2026-05-03 15:13:00] [2026-05-03 15:13:00] Finished. Plugins=22; processed vaults=1; skipped entries=0.
[2026-05-03 15:13:00] Installer finished.
[2026-05-03 15:18:00] Running installer: C:\Users\18826\Documents\work_doc_ob\Telpo\scripts\obsidian-claudian-auto\Install-ClaudianToObsidianVaults.ps1
[2026-05-03 15:18:01] [2026-05-03 15:18:01] Plugins already installed/enabled for vault: C:\Users\18826\Documents\work_doc_ob\Telpo; installed=22; enabledTotal=23
[2026-05-03 15:18:01] [2026-05-03 15:18:01] Finished. Plugins=22; processed vaults=1; skipped entries=0.
[2026-05-03 15:18:01] Installer finished.
[2026-05-03 15:23:01] Running installer: C:\Users\18826\Documents\work_doc_ob\Telpo\scripts\obsidian-claudian-auto\Install-ClaudianToObsidianVaults.ps1
[2026-05-03 15:23:01] [2026-05-03 15:23:01] Plugins already installed/enabled for vault: C:\Users\18826\Documents\work_doc_ob\Telpo; installed=22; enabledTotal=23
[2026-05-03 15:23:01] [2026-05-03 15:23:01] Finished. Plugins=22; processed vaults=1; skipped entries=0.
[2026-05-03 15:23:01] Installer finished.
[2026-05-03 15:28:01] Running installer: C:\Users\18826\Documents\work_doc_ob\Telpo\scripts\obsidian-claudian-auto\Install-ClaudianToObsidianVaults.ps1
[2026-05-03 15:28:01] [2026-05-03 15:28:01] Plugins already installed/enabled for vault: C:\Users\18826\Documents\work_doc_ob\Telpo; installed=22; enabledTotal=23
[2026-05-03 15:28:01] [2026-05-03 15:28:01] Finished. Plugins=22; processed vaults=1; skipped entries=0.
[2026-05-03 15:28:01] Installer finished.
[2026-05-03 15:33:01] Running installer: C:\Users\18826\Documents\work_doc_ob\Telpo\scripts\obsidian-claudian-auto\Install-ClaudianToObsidianVaults.ps1
[2026-05-03 15:33:02] [2026-05-03 15:33:02] Plugins already installed/enabled for vault: C:\Users\18826\Documents\work_doc_ob\Telpo; installed=22; enabledTotal=23
[2026-05-03 15:33:02] [2026-05-03 15:33:02] Finished. Plugins=22; processed vaults=1; skipped entries=0.
[2026-05-03 15:33:02] Installer finished.
[2026-05-03 15:38:02] Running installer: C:\Users\18826\Documents\work_doc_ob\Telpo\scripts\obsidian-claudian-auto\Install-ClaudianToObsidianVaults.ps1
[2026-05-03 15:38:02] [2026-05-03 15:38:02] Plugins already installed/enabled for vault: C:\Users\18826\Documents\work_doc_ob\Telpo; installed=22; enabledTotal=23
[2026-05-03 15:38:02] [2026-05-03 15:38:02] Finished. Plugins=22; processed vaults=1; skipped entries=0.
[2026-05-03 15:38:02] Installer finished.
[2026-05-03 15:43:02] Running installer: C:\Users\18826\Documents\work_doc_ob\Telpo\scripts\obsidian-claudian-auto\Install-ClaudianToObsidianVaults.ps1
[2026-05-03 15:43:02] [2026-05-03 15:43:02] Plugins already installed/enabled for vault: C:\Users\18826\Documents\work_doc_ob\Telpo; installed=22; enabledTotal=23
[2026-05-03 15:43:02] [2026-05-03 15:43:02] Finished. Plugins=22; processed vaults=1; skipped entries=0.
[2026-05-03 15:43:02] Installer finished.
[2026-05-03 15:48:02] Running installer: C:\Users\18826\Documents\work_doc_ob\Telpo\scripts\obsidian-claudian-auto\Install-ClaudianToObsidianVaults.ps1
[2026-05-03 15:48:03] [2026-05-03 15:48:03] Plugins already installed/enabled for vault: C:\Users\18826\Documents\work_doc_ob\Telpo; installed=22; enabledTotal=23
[2026-05-03 15:48:03] [2026-05-03 15:48:03] Finished. Plugins=22; processed vaults=1; skipped entries=0.
[2026-05-03 15:48:03] Installer finished.
[2026-05-03 15:53:03] Running installer: C:\Users\18826\Documents\work_doc_ob\Telpo\scripts\obsidian-claudian-auto\Install-ClaudianToObsidianVaults.ps1
[2026-05-03 15:53:03] [2026-05-03 15:53:03] Plugins already installed/enabled for vault: C:\Users\18826\Documents\work_doc_ob\Telpo; installed=22; enabledTotal=23
[2026-05-03 15:53:03] [2026-05-03 15:53:03] Finished. Plugins=22; processed vaults=1; skipped entries=0.
[2026-05-03 15:53:03] Installer finished.
[2026-05-03 15:58:03] Running installer: C:\Users\18826\Documents\work_doc_ob\Telpo\scripts\obsidian-claudian-auto\Install-ClaudianToObsidianVaults.ps1
[2026-05-03 15:58:03] [2026-05-03 15:58:03] Plugins already installed/enabled for vault: C:\Users\18826\Documents\work_doc_ob\Telpo; installed=22; enabledTotal=23
[2026-05-03 15:58:03] [2026-05-03 15:58:03] Finished. Plugins=22; processed vaults=1; skipped entries=0.
[2026-05-03 15:58:03] Installer finished.
[2026-05-03 16:03:03] Running installer: C:\Users\18826\Documents\work_doc_ob\Telpo\scripts\obsidian-claudian-auto\Install-ClaudianToObsidianVaults.ps1
[2026-05-03 16:03:04] [2026-05-03 16:03:04] Plugins already installed/enabled for vault: C:\Users\18826\Documents\work_doc_ob\Telpo; installed=22; enabledTotal=23
[2026-05-03 16:03:04] [2026-05-03 16:03:04] Finished. Plugins=22; processed vaults=1; skipped entries=0.
[2026-05-03 16:03:04] Installer finished.
[2026-05-03 16:08:04] Running installer: C:\Users\18826\Documents\work_doc_ob\Telpo\scripts\obsidian-claudian-auto\Install-ClaudianToObsidianVaults.ps1
[2026-05-03 16:08:04] [2026-05-03 16:08:04] Plugins already installed/enabled for vault: C:\Users\18826\Documents\work_doc_ob\Telpo; installed=22; enabledTotal=23
[2026-05-03 16:08:04] [2026-05-03 16:08:04] Finished. Plugins=22; processed vaults=1; skipped entries=0.
[2026-05-03 16:08:04] Installer finished.
[2026-05-03 16:13:04] Running installer: C:\Users\18826\Documents\work_doc_ob\Telpo\scripts\obsidian-claudian-auto\Install-ClaudianToObsidianVaults.ps1
[2026-05-03 16:13:04] [2026-05-03 16:13:04] Plugins already installed/enabled for vault: C:\Users\18826\Documents\work_doc_ob\Telpo; installed=22; enabledTotal=23
[2026-05-03 16:13:04] [2026-05-03 16:13:04] Finished. Plugins=22; processed vaults=1; skipped entries=0.
[2026-05-03 16:13:04] Installer finished.
[2026-05-03 16:18:04] Running installer: C:\Users\18826\Documents\work_doc_ob\Telpo\scripts\obsidian-claudian-auto\Install-ClaudianToObsidianVaults.ps1
[2026-05-03 16:18:05] [2026-05-03 16:18:05] Plugins already installed/enabled for vault: C:\Users\18826\Documents\work_doc_ob\Telpo; installed=22; enabledTotal=23
[2026-05-03 16:18:05] [2026-05-03 16:18:05] Finished. Plugins=22; processed vaults=1; skipped entries=0.
[2026-05-03 16:18:05] Installer finished.
[2026-05-03 16:23:05] Running installer: C:\Users\18826\Documents\work_doc_ob\Telpo\scripts\obsidian-claudian-auto\Install-ClaudianToObsidianVaults.ps1
[2026-05-03 16:23:05] [2026-05-03 16:23:05] Plugins already installed/enabled for vault: C:\Users\18826\Documents\work_doc_ob\Telpo; installed=22; enabledTotal=23
[2026-05-03 16:23:05] [2026-05-03 16:23:05] Finished. Plugins=22; processed vaults=1; skipped entries=0.
[2026-05-03 16:23:05] Installer finished.
[2026-05-03 16:28:05] Running installer: C:\Users\18826\Documents\work_doc_ob\Telpo\scripts\obsidian-claudian-auto\Install-ClaudianToObsidianVaults.ps1
[2026-05-03 16:28:05] [2026-05-03 16:28:05] Plugins already installed/enabled for vault: C:\Users\18826\Documents\work_doc_ob\Telpo; installed=22; enabledTotal=23
[2026-05-03 16:28:05] [2026-05-03 16:28:05] Finished. Plugins=22; processed vaults=1; skipped entries=0.
[2026-05-03 16:28:05] Installer finished.
[2026-05-03 16:33:05] Running installer: C:\Users\18826\Documents\work_doc_ob\Telpo\scripts\obsidian-claudian-auto\Install-ClaudianToObsidianVaults.ps1
[2026-05-03 16:33:06] [2026-05-03 16:33:06] Plugins already installed/enabled for vault: C:\Users\18826\Documents\work_doc_ob\Telpo; installed=22; enabledTotal=23
[2026-05-03 16:33:06] [2026-05-03 16:33:06] Finished. Plugins=22; processed vaults=1; skipped entries=0.
[2026-05-03 16:33:06] Installer finished.
[2026-05-03 16:38:06] Running installer: C:\Users\18826\Documents\work_doc_ob\Telpo\scripts\obsidian-claudian-auto\Install-ClaudianToObsidianVaults.ps1
[2026-05-03 16:38:06] [2026-05-03 16:38:06] Plugins already installed/enabled for vault: C:\Users\18826\Documents\work_doc_ob\Telpo; installed=22; enabledTotal=23
[2026-05-03 16:38:06] [2026-05-03 16:38:06] Finished. Plugins=22; processed vaults=1; skipped entries=0.
[2026-05-03 16:38:06] Installer finished.
[2026-05-03 16:43:06] Running installer: C:\Users\18826\Documents\work_doc_ob\Telpo\scripts\obsidian-claudian-auto\Install-ClaudianToObsidianVaults.ps1
[2026-05-03 16:43:06] [2026-05-03 16:43:06] Plugins already installed/enabled for vault: C:\Users\18826\Documents\work_doc_ob\Telpo; installed=22; enabledTotal=23
[2026-05-03 16:43:06] [2026-05-03 16:43:06] Finished. Plugins=22; processed vaults=1; skipped entries=0.
[2026-05-03 16:43:06] Installer finished.
[2026-05-03 16:48:06] Running installer: C:\Users\18826\Documents\work_doc_ob\Telpo\scripts\obsidian-claudian-auto\Install-ClaudianToObsidianVaults.ps1
[2026-05-03 16:48:07] [2026-05-03 16:48:07] Plugins already installed/enabled for vault: C:\Users\18826\Documents\work_doc_ob\Telpo; installed=22; enabledTotal=23
[2026-05-03 16:48:07] [2026-05-03 16:48:07] Finished. Plugins=22; processed vaults=1; skipped entries=0.
[2026-05-03 16:48:07] Installer finished.
[2026-05-03 16:53:07] Running installer: C:\Users\18826\Documents\work_doc_ob\Telpo\scripts\obsidian-claudian-auto\Install-ClaudianToObsidianVaults.ps1
[2026-05-03 16:53:07] [2026-05-03 16:53:07] Plugins already installed/enabled for vault: C:\Users\18826\Documents\work_doc_ob\Telpo; installed=22; enabledTotal=23
[2026-05-03 16:53:07] [2026-05-03 16:53:07] Finished. Plugins=22; processed vaults=1; skipped entries=0.
[2026-05-03 16:53:07] Installer finished.
[2026-05-03 16:58:07] Running installer: C:\Users\18826\Documents\work_doc_ob\Telpo\scripts\obsidian-claudian-auto\Install-ClaudianToObsidianVaults.ps1
[2026-05-03 16:58:07] [2026-05-03 16:58:07] Plugins already installed/enabled for vault: C:\Users\18826\Documents\work_doc_ob\Telpo; installed=22; enabledTotal=23
[2026-05-03 16:58:07] [2026-05-03 16:58:07] Finished. Plugins=22; processed vaults=1; skipped entries=0.
[2026-05-03 16:58:07] Installer finished.
[2026-05-03 17:03:07] Running installer: C:\Users\18826\Documents\work_doc_ob\Telpo\scripts\obsidian-claudian-auto\Install-ClaudianToObsidianVaults.ps1
[2026-05-03 17:03:08] [2026-05-03 17:03:08] Plugins already installed/enabled for vault: C:\Users\18826\Documents\work_doc_ob\Telpo; installed=22; enabledTotal=23
[2026-05-03 17:03:08] [2026-05-03 17:03:08] Finished. Plugins=22; processed vaults=1; skipped entries=0.
[2026-05-03 17:03:08] Installer finished.
[2026-05-03 17:08:08] Running installer: C:\Users\18826\Documents\work_doc_ob\Telpo\scripts\obsidian-claudian-auto\Install-ClaudianToObsidianVaults.ps1
[2026-05-03 17:08:08] [2026-05-03 17:08:08] Plugins already installed/enabled for vault: C:\Users\18826\Documents\work_doc_ob\Telpo; installed=22; enabledTotal=23
[2026-05-03 17:08:08] [2026-05-03 17:08:08] Finished. Plugins=22; processed vaults=1; skipped entries=0.
[2026-05-03 17:08:08] Installer finished.
[2026-05-03 17:13:08] Running installer: C:\Users\18826\Documents\work_doc_ob\Telpo\scripts\obsidian-claudian-auto\Install-ClaudianToObsidianVaults.ps1
[2026-05-03 17:13:08] [2026-05-03 17:13:08] Plugins already installed/enabled for vault: C:\Users\18826\Documents\work_doc_ob\Telpo; installed=22; enabledTotal=23
[2026-05-03 17:13:08] [2026-05-03 17:13:08] Finished. Plugins=22; processed vaults=1; skipped entries=0.
[2026-05-03 17:13:08] Installer finished.
[2026-05-03 17:18:08] Running installer: C:\Users\18826\Documents\work_doc_ob\Telpo\scripts\obsidian-claudian-auto\Install-ClaudianToObsidianVaults.ps1
[2026-05-03 17:18:08] [2026-05-03 17:18:08] Plugins already installed/enabled for vault: C:\Users\18826\Documents\work_doc_ob\Telpo; installed=22; enabledTotal=23
[2026-05-03 17:18:08] [2026-05-03 17:18:08] Finished. Plugins=22; processed vaults=1; skipped entries=0.
[2026-05-03 17:18:08] Installer finished.
[2026-05-03 17:23:09] Running installer: C:\Users\18826\Documents\work_doc_ob\Telpo\scripts\obsidian-claudian-auto\Install-ClaudianToObsidianVaults.ps1
[2026-05-03 17:23:09] [2026-05-03 17:23:09] Plugins already installed/enabled for vault: C:\Users\18826\Documents\work_doc_ob\Telpo; installed=22; enabledTotal=23
[2026-05-03 17:23:09] [2026-05-03 17:23:09] Finished. Plugins=22; processed vaults=1; skipped entries=0.
[2026-05-03 17:23:09] Installer finished.
[2026-05-03 17:28:09] Running installer: C:\Users\18826\Documents\work_doc_ob\Telpo\scripts\obsidian-claudian-auto\Install-ClaudianToObsidianVaults.ps1
[2026-05-03 17:28:09] [2026-05-03 17:28:09] Plugins already installed/enabled for vault: C:\Users\18826\Documents\work_doc_ob\Telpo; installed=22; enabledTotal=23
[2026-05-03 17:28:09] [2026-05-03 17:28:09] Finished. Plugins=22; processed vaults=1; skipped entries=0.
[2026-05-03 17:28:09] Installer finished.
[2026-05-03 17:33:09] Running installer: C:\Users\18826\Documents\work_doc_ob\Telpo\scripts\obsidian-claudian-auto\Install-ClaudianToObsidianVaults.ps1
[2026-05-03 17:33:09] [2026-05-03 17:33:09] Plugins already installed/enabled for vault: C:\Users\18826\Documents\work_doc_ob\Telpo; installed=22; enabledTotal=23
[2026-05-03 17:33:09] [2026-05-03 17:33:09] Finished. Plugins=22; processed vaults=1; skipped entries=0.
[2026-05-03 17:33:09] Installer finished.
[2026-05-03 17:38:10] Running installer: C:\Users\18826\Documents\work_doc_ob\Telpo\scripts\obsidian-claudian-auto\Install-ClaudianToObsidianVaults.ps1
[2026-05-03 17:38:10] [2026-05-03 17:38:10] Plugins already installed/enabled for vault: C:\Users\18826\Documents\work_doc_ob\Telpo; installed=22; enabledTotal=23
[2026-05-03 17:38:10] [2026-05-03 17:38:10] Finished. Plugins=22; processed vaults=1; skipped entries=0.
[2026-05-03 17:38:10] Installer finished.
[2026-05-03 17:43:10] Running installer: C:\Users\18826\Documents\work_doc_ob\Telpo\scripts\obsidian-claudian-auto\Install-ClaudianToObsidianVaults.ps1
[2026-05-03 17:43:10] [2026-05-03 17:43:10] Plugins already installed/enabled for vault: C:\Users\18826\Documents\work_doc_ob\Telpo; installed=22; enabledTotal=23
[2026-05-03 17:43:10] [2026-05-03 17:43:10] Finished. Plugins=22; processed vaults=1; skipped entries=0.
[2026-05-03 17:43:10] Installer finished.
[2026-05-03 17:48:10] Running installer: C:\Users\18826\Documents\work_doc_ob\Telpo\scripts\obsidian-claudian-auto\Install-ClaudianToObsidianVaults.ps1
[2026-05-03 17:48:10] [2026-05-03 17:48:10] Plugins already installed/enabled for vault: C:\Users\18826\Documents\work_doc_ob\Telpo; installed=22; enabledTotal=23
[2026-05-03 17:48:10] [2026-05-03 17:48:10] Finished. Plugins=22; processed vaults=1; skipped entries=0.
[2026-05-03 17:48:10] Installer finished.
[2026-05-03 17:53:11] Running installer: C:\Users\18826\Documents\work_doc_ob\Telpo\scripts\obsidian-claudian-auto\Install-ClaudianToObsidianVaults.ps1
[2026-05-03 17:53:11] [2026-05-03 17:53:11] Plugins already installed/enabled for vault: C:\Users\18826\Documents\work_doc_ob\Telpo; installed=22; enabledTotal=23
[2026-05-03 17:53:11] [2026-05-03 17:53:11] Finished. Plugins=22; processed vaults=1; skipped entries=0.
[2026-05-03 17:53:11] Installer finished.
[2026-05-03 17:58:11] Running installer: C:\Users\18826\Documents\work_doc_ob\Telpo\scripts\obsidian-claudian-auto\Install-ClaudianToObsidianVaults.ps1
[2026-05-03 17:58:11] [2026-05-03 17:58:11] Plugins already installed/enabled for vault: C:\Users\18826\Documents\work_doc_ob\Telpo; installed=22; enabledTotal=23
[2026-05-03 17:58:11] [2026-05-03 17:58:11] Finished. Plugins=22; processed vaults=1; skipped entries=0.
[2026-05-03 17:58:11] Installer finished.
[2026-05-03 18:03:11] Running installer: C:\Users\18826\Documents\work_doc_ob\Telpo\scripts\obsidian-claudian-auto\Install-ClaudianToObsidianVaults.ps1
[2026-05-03 18:03:11] [2026-05-03 18:03:11] Plugins already installed/enabled for vault: C:\Users\18826\Documents\work_doc_ob\Telpo; installed=22; enabledTotal=23
[2026-05-03 18:03:11] [2026-05-03 18:03:11] Finished. Plugins=22; processed vaults=1; skipped entries=0.
[2026-05-03 18:03:11] Installer finished.
[2026-05-03 18:08:12] Running installer: C:\Users\18826\Documents\work_doc_ob\Telpo\scripts\obsidian-claudian-auto\Install-ClaudianToObsidianVaults.ps1
[2026-05-03 18:08:12] [2026-05-03 18:08:12] Plugins already installed/enabled for vault: C:\Users\18826\Documents\work_doc_ob\Telpo; installed=22; enabledTotal=23
[2026-05-03 18:08:12] [2026-05-03 18:08:12] Finished. Plugins=22; processed vaults=1; skipped entries=0.
[2026-05-03 18:08:12] Installer finished.
[2026-05-03 18:13:12] Running installer: C:\Users\18826\Documents\work_doc_ob\Telpo\scripts\obsidian-claudian-auto\Install-ClaudianToObsidianVaults.ps1
[2026-05-03 18:13:12] [2026-05-03 18:13:12] Plugins already installed/enabled for vault: C:\Users\18826\Documents\work_doc_ob\Telpo; installed=22; enabledTotal=23
[2026-05-03 18:13:12] [2026-05-03 18:13:12] Finished. Plugins=22; processed vaults=1; skipped entries=0.
[2026-05-03 18:13:12] Installer finished.
[2026-05-03 18:18:12] Running installer: C:\Users\18826\Documents\work_doc_ob\Telpo\scripts\obsidian-claudian-auto\Install-ClaudianToObsidianVaults.ps1
[2026-05-03 18:18:12] [2026-05-03 18:18:12] Plugins already installed/enabled for vault: C:\Users\18826\Documents\work_doc_ob\Telpo; installed=22; enabledTotal=23
[2026-05-03 18:18:12] [2026-05-03 18:18:12] Finished. Plugins=22; processed vaults=1; skipped entries=0.
[2026-05-03 18:18:12] Installer finished.
[2026-05-03 18:23:12] Running installer: C:\Users\18826\Documents\work_doc_ob\Telpo\scripts\obsidian-claudian-auto\Install-ClaudianToObsidianVaults.ps1
[2026-05-03 18:23:13] [2026-05-03 18:23:13] Plugins already installed/enabled for vault: C:\Users\18826\Documents\work_doc_ob\Telpo; installed=22; enabledTotal=23
[2026-05-03 18:23:13] [2026-05-03 18:23:13] Finished. Plugins=22; processed vaults=1; skipped entries=0.
[2026-05-03 18:23:13] Installer finished.
[2026-05-03 18:28:13] Running installer: C:\Users\18826\Documents\work_doc_ob\Telpo\scripts\obsidian-claudian-auto\Install-ClaudianToObsidianVaults.ps1
[2026-05-03 18:28:13] [2026-05-03 18:28:13] Plugins already installed/enabled for vault: C:\Users\18826\Documents\work_doc_ob\Telpo; installed=22; enabledTotal=23
[2026-05-03 18:28:13] [2026-05-03 18:28:13] Finished. Plugins=22; processed vaults=1; skipped entries=0.
[2026-05-03 18:28:13] Installer finished.
[2026-05-03 18:33:13] Running installer: C:\Users\18826\Documents\work_doc_ob\Telpo\scripts\obsidian-claudian-auto\Install-ClaudianToObsidianVaults.ps1
[2026-05-03 18:33:13] [2026-05-03 18:33:13] Plugins already installed/enabled for vault: C:\Users\18826\Documents\work_doc_ob\Telpo; installed=22; enabledTotal=23
[2026-05-03 18:33:13] [2026-05-03 18:33:13] Finished. Plugins=22; processed vaults=1; skipped entries=0.
[2026-05-03 18:33:13] Installer finished.
[2026-05-03 18:38:13] Running installer: C:\Users\18826\Documents\work_doc_ob\Telpo\scripts\obsidian-claudian-auto\Install-ClaudianToObsidianVaults.ps1
[2026-05-03 18:38:14] [2026-05-03 18:38:14] Plugins already installed/enabled for vault: C:\Users\18826\Documents\work_doc_ob\Telpo; installed=22; enabledTotal=23
[2026-05-03 18:38:14] [2026-05-03 18:38:14] Finished. Plugins=22; processed vaults=1; skipped entries=0.
[2026-05-03 18:38:14] Installer finished.
[2026-05-03 18:43:14] Running installer: C:\Users\18826\Documents\work_doc_ob\Telpo\scripts\obsidian-claudian-auto\Install-ClaudianToObsidianVaults.ps1
[2026-05-03 18:43:14] [2026-05-03 18:43:14] Plugins already installed/enabled for vault: C:\Users\18826\Documents\work_doc_ob\Telpo; installed=22; enabledTotal=23
[2026-05-03 18:43:14] [2026-05-03 18:43:14] Finished. Plugins=22; processed vaults=1; skipped entries=0.
[2026-05-03 18:43:14] Installer finished.
[2026-05-03 18:48:14] Running installer: C:\Users\18826\Documents\work_doc_ob\Telpo\scripts\obsidian-claudian-auto\Install-ClaudianToObsidianVaults.ps1
[2026-05-03 18:48:14] [2026-05-03 18:48:14] Plugins already installed/enabled for vault: C:\Users\18826\Documents\work_doc_ob\Telpo; installed=22; enabledTotal=23
[2026-05-03 18:48:14] [2026-05-03 18:48:14] Finished. Plugins=22; processed vaults=1; skipped entries=0.
[2026-05-03 18:48:14] Installer finished.
[2026-05-03 18:53:14] Running installer: C:\Users\18826\Documents\work_doc_ob\Telpo\scripts\obsidian-claudian-auto\Install-ClaudianToObsidianVaults.ps1
[2026-05-03 18:53:14] [2026-05-03 18:53:14] Plugins already installed/enabled for vault: C:\Users\18826\Documents\work_doc_ob\Telpo; installed=22; enabledTotal=23
[2026-05-03 18:53:14] [2026-05-03 18:53:14] Finished. Plugins=22; processed vaults=1; skipped entries=0.
[2026-05-03 18:53:14] Installer finished.
[2026-05-03 18:58:15] Running installer: C:\Users\18826\Documents\work_doc_ob\Telpo\scripts\obsidian-claudian-auto\Install-ClaudianToObsidianVaults.ps1
[2026-05-03 18:58:15] [2026-05-03 18:58:15] Plugins already installed/enabled for vault: C:\Users\18826\Documents\work_doc_ob\Telpo; installed=22; enabledTotal=23
[2026-05-03 18:58:15] [2026-05-03 18:58:15] Finished. Plugins=22; processed vaults=1; skipped entries=0.
[2026-05-03 18:58:15] Installer finished.
[2026-05-03 19:03:15] Running installer: C:\Users\18826\Documents\work_doc_ob\Telpo\scripts\obsidian-claudian-auto\Install-ClaudianToObsidianVaults.ps1
[2026-05-03 19:03:15] [2026-05-03 19:03:15] Plugins already installed/enabled for vault: C:\Users\18826\Documents\work_doc_ob\Telpo; installed=22; enabledTotal=23
[2026-05-03 19:03:15] [2026-05-03 19:03:15] Finished. Plugins=22; processed vaults=1; skipped entries=0.
[2026-05-03 19:03:15] Installer finished.
[2026-05-03 19:08:15] Running installer: C:\Users\18826\Documents\work_doc_ob\Telpo\scripts\obsidian-claudian-auto\Install-ClaudianToObsidianVaults.ps1
[2026-05-03 19:08:15] [2026-05-03 19:08:15] Plugins already installed/enabled for vault: C:\Users\18826\Documents\work_doc_ob\Telpo; installed=22; enabledTotal=23
[2026-05-03 19:08:15] [2026-05-03 19:08:15] Finished. Plugins=22; processed vaults=1; skipped entries=0.
[2026-05-03 19:08:15] Installer finished.
[2026-05-03 19:13:15] Running installer: C:\Users\18826\Documents\work_doc_ob\Telpo\scripts\obsidian-claudian-auto\Install-ClaudianToObsidianVaults.ps1
[2026-05-03 19:13:16] [2026-05-03 19:13:16] Plugins already installed/enabled for vault: C:\Users\18826\Documents\work_doc_ob\Telpo; installed=22; enabledTotal=23
[2026-05-03 19:13:16] [2026-05-03 19:13:16] Finished. Plugins=22; processed vaults=1; skipped entries=0.
[2026-05-03 19:13:16] Installer finished.
[2026-05-03 19:18:16] Running installer: C:\Users\18826\Documents\work_doc_ob\Telpo\scripts\obsidian-claudian-auto\Install-ClaudianToObsidianVaults.ps1
[2026-05-03 19:18:16] [2026-05-03 19:18:16] Plugins already installed/enabled for vault: C:\Users\18826\Documents\work_doc_ob\Telpo; installed=22; enabledTotal=23
[2026-05-03 19:18:16] [2026-05-03 19:18:16] Finished. Plugins=22; processed vaults=1; skipped entries=0.
[2026-05-03 19:18:16] Installer finished.
[2026-05-03 19:23:16] Running installer: C:\Users\18826\Documents\work_doc_ob\Telpo\scripts\obsidian-claudian-auto\Install-ClaudianToObsidianVaults.ps1
[2026-05-03 19:23:16] [2026-05-03 19:23:16] Plugins already installed/enabled for vault: C:\Users\18826\Documents\work_doc_ob\Telpo; installed=22; enabledTotal=23
[2026-05-03 19:23:16] [2026-05-03 19:23:16] Finished. Plugins=22; processed vaults=1; skipped entries=0.
[2026-05-03 19:23:16] Installer finished.
[2026-05-03 19:28:16] Running installer: C:\Users\18826\Documents\work_doc_ob\Telpo\scripts\obsidian-claudian-auto\Install-ClaudianToObsidianVaults.ps1
[2026-05-03 19:28:17] [2026-05-03 19:28:17] Plugins already installed/enabled for vault: C:\Users\18826\Documents\work_doc_ob\Telpo; installed=22; enabledTotal=23
[2026-05-03 19:28:17] [2026-05-03 19:28:17] Finished. Plugins=22; processed vaults=1; skipped entries=0.
[2026-05-03 19:28:17] Installer finished.
[2026-05-03 19:33:17] Running installer: C:\Users\18826\Documents\work_doc_ob\Telpo\scripts\obsidian-claudian-auto\Install-ClaudianToObsidianVaults.ps1
[2026-05-03 19:33:17] [2026-05-03 19:33:17] Plugins already installed/enabled for vault: C:\Users\18826\Documents\work_doc_ob\Telpo; installed=22; enabledTotal=23
[2026-05-03 19:33:17] [2026-05-03 19:33:17] Finished. Plugins=22; processed vaults=1; skipped entries=0.
[2026-05-03 19:33:17] Installer finished.
[2026-05-03 19:38:17] Running installer: C:\Users\18826\Documents\work_doc_ob\Telpo\scripts\obsidian-claudian-auto\Install-ClaudianToObsidianVaults.ps1
[2026-05-03 19:38:17] [2026-05-03 19:38:17] Plugins already installed/enabled for vault: C:\Users\18826\Documents\work_doc_ob\Telpo; installed=22; enabledTotal=23
[2026-05-03 19:38:17] [2026-05-03 19:38:17] Finished. Plugins=22; processed vaults=1; skipped entries=0.
[2026-05-03 19:38:17] Installer finished.
[2026-05-03 19:43:17] Running installer: C:\Users\18826\Documents\work_doc_ob\Telpo\scripts\obsidian-claudian-auto\Install-ClaudianToObsidianVaults.ps1
[2026-05-03 19:43:18] [2026-05-03 19:43:18] Plugins already installed/enabled for vault: C:\Users\18826\Documents\work_doc_ob\Telpo; installed=22; enabledTotal=23
[2026-05-03 19:43:18] [2026-05-03 19:43:18] Finished. Plugins=22; processed vaults=1; skipped entries=0.
[2026-05-03 19:43:18] Installer finished.
[2026-05-03 19:48:18] Running installer: C:\Users\18826\Documents\work_doc_ob\Telpo\scripts\obsidian-claudian-auto\Install-ClaudianToObsidianVaults.ps1
[2026-05-03 19:48:18] [2026-05-03 19:48:18] Plugins already installed/enabled for vault: C:\Users\18826\Documents\work_doc_ob\Telpo; installed=22; enabledTotal=23
[2026-05-03 19:48:18] [2026-05-03 19:48:18] Finished. Plugins=22; processed vaults=1; skipped entries=0.
[2026-05-03 19:48:18] Installer finished.
[2026-05-03 19:53:18] Running installer: C:\Users\18826\Documents\work_doc_ob\Telpo\scripts\obsidian-claudian-auto\Install-ClaudianToObsidianVaults.ps1
[2026-05-03 19:53:18] [2026-05-03 19:53:18] Plugins already installed/enabled for vault: C:\Users\18826\Documents\work_doc_ob\Telpo; installed=22; enabledTotal=23
[2026-05-03 19:53:18] [2026-05-03 19:53:18] Finished. Plugins=22; processed vaults=1; skipped entries=0.
[2026-05-03 19:53:18] Installer finished.
[2026-05-03 19:58:18] Running installer: C:\Users\18826\Documents\work_doc_ob\Telpo\scripts\obsidian-claudian-auto\Install-ClaudianToObsidianVaults.ps1
[2026-05-03 19:58:19] [2026-05-03 19:58:19] Plugins already installed/enabled for vault: C:\Users\18826\Documents\work_doc_ob\Telpo; installed=22; enabledTotal=23
[2026-05-03 19:58:19] [2026-05-03 19:58:19] Finished. Plugins=22; processed vaults=1; skipped entries=0.
[2026-05-03 19:58:19] Installer finished.
[2026-05-03 20:03:19] Running installer: C:\Users\18826\Documents\work_doc_ob\Telpo\scripts\obsidian-claudian-auto\Install-ClaudianToObsidianVaults.ps1
[2026-05-03 20:03:19] [2026-05-03 20:03:19] Plugins already installed/enabled for vault: C:\Users\18826\Documents\work_doc_ob\Telpo; installed=22; enabledTotal=23
[2026-05-03 20:03:19] [2026-05-03 20:03:19] Finished. Plugins=22; processed vaults=1; skipped entries=0.
[2026-05-03 20:03:19] Installer finished.
[2026-05-03 20:08:19] Running installer: C:\Users\18826\Documents\work_doc_ob\Telpo\scripts\obsidian-claudian-auto\Install-ClaudianToObsidianVaults.ps1
[2026-05-03 20:08:19] [2026-05-03 20:08:19] Plugins already installed/enabled for vault: C:\Users\18826\Documents\work_doc_ob\Telpo; installed=22; enabledTotal=23
[2026-05-03 20:08:19] [2026-05-03 20:08:19] Finished. Plugins=22; processed vaults=1; skipped entries=0.
[2026-05-03 20:08:19] Installer finished.
[2026-05-03 20:13:19] Running installer: C:\Users\18826\Documents\work_doc_ob\Telpo\scripts\obsidian-claudian-auto\Install-ClaudianToObsidianVaults.ps1
[2026-05-03 20:13:19] [2026-05-03 20:13:19] Plugins already installed/enabled for vault: C:\Users\18826\Documents\work_doc_ob\Telpo; installed=22; enabledTotal=23
[2026-05-03 20:13:19] [2026-05-03 20:13:19] Finished. Plugins=22; processed vaults=1; skipped entries=0.
[2026-05-03 20:13:20] Installer finished.
[2026-05-03 20:18:20] Running installer: C:\Users\18826\Documents\work_doc_ob\Telpo\scripts\obsidian-claudian-auto\Install-ClaudianToObsidianVaults.ps1
[2026-05-03 20:18:20] [2026-05-03 20:18:20] Plugins already installed/enabled for vault: C:\Users\18826\Documents\work_doc_ob\Telpo; installed=22; enabledTotal=23
[2026-05-03 20:18:20] [2026-05-03 20:18:20] Finished. Plugins=22; processed vaults=1; skipped entries=0.
[2026-05-03 20:18:20] Installer finished.
[2026-05-03 20:23:20] Running installer: C:\Users\18826\Documents\work_doc_ob\Telpo\scripts\obsidian-claudian-auto\Install-ClaudianToObsidianVaults.ps1
[2026-05-03 20:23:20] [2026-05-03 20:23:20] Plugins already installed/enabled for vault: C:\Users\18826\Documents\work_doc_ob\Telpo; installed=22; enabledTotal=23
[2026-05-03 20:23:20] [2026-05-03 20:23:20] Finished. Plugins=22; processed vaults=1; skipped entries=0.
[2026-05-03 20:23:20] Installer finished.
[2026-05-03 20:28:20] Running installer: C:\Users\18826\Documents\work_doc_ob\Telpo\scripts\obsidian-claudian-auto\Install-ClaudianToObsidianVaults.ps1
[2026-05-03 20:28:20] [2026-05-03 20:28:20] Plugins already installed/enabled for vault: C:\Users\18826\Documents\work_doc_ob\Telpo; installed=22; enabledTotal=23
[2026-05-03 20:28:20] [2026-05-03 20:28:20] Finished. Plugins=22; processed vaults=1; skipped entries=0.
[2026-05-03 20:28:20] Installer finished.
[2026-05-03 20:33:21] Running installer: C:\Users\18826\Documents\work_doc_ob\Telpo\scripts\obsidian-claudian-auto\Install-ClaudianToObsidianVaults.ps1
[2026-05-03 20:33:21] [2026-05-03 20:33:21] Plugins already installed/enabled for vault: C:\Users\18826\Documents\work_doc_ob\Telpo; installed=22; enabledTotal=23
[2026-05-03 20:33:21] [2026-05-03 20:33:21] Finished. Plugins=22; processed vaults=1; skipped entries=0.
[2026-05-03 20:33:21] Installer finished.
[2026-05-03 20:38:21] Running installer: C:\Users\18826\Documents\work_doc_ob\Telpo\scripts\obsidian-claudian-auto\Install-ClaudianToObsidianVaults.ps1
[2026-05-03 20:38:21] [2026-05-03 20:38:21] Plugins already installed/enabled for vault: C:\Users\18826\Documents\work_doc_ob\Telpo; installed=22; enabledTotal=23
[2026-05-03 20:38:21] [2026-05-03 20:38:21] Finished. Plugins=22; processed vaults=1; skipped entries=0.
[2026-05-03 20:38:21] Installer finished.
[2026-05-03 20:43:21] Running installer: C:\Users\18826\Documents\work_doc_ob\Telpo\scripts\obsidian-claudian-auto\Install-ClaudianToObsidianVaults.ps1
[2026-05-03 20:43:21] [2026-05-03 20:43:21] Plugins already installed/enabled for vault: C:\Users\18826\Documents\work_doc_ob\Telpo; installed=22; enabledTotal=23
[2026-05-03 20:43:21] [2026-05-03 20:43:21] Finished. Plugins=22; processed vaults=1; skipped entries=0.
[2026-05-03 20:43:21] Installer finished.
[2026-05-03 20:48:22] Running installer: C:\Users\18826\Documents\work_doc_ob\Telpo\scripts\obsidian-claudian-auto\Install-ClaudianToObsidianVaults.ps1
[2026-05-03 20:48:22] [2026-05-03 20:48:22] Plugins already installed/enabled for vault: C:\Users\18826\Documents\work_doc_ob\Telpo; installed=22; enabledTotal=23
[2026-05-03 20:48:22] [2026-05-03 20:48:22] Finished. Plugins=22; processed vaults=1; skipped entries=0.
[2026-05-03 20:48:22] Installer finished.
[2026-05-03 20:53:22] Running installer: C:\Users\18826\Documents\work_doc_ob\Telpo\scripts\obsidian-claudian-auto\Install-ClaudianToObsidianVaults.ps1
[2026-05-03 20:53:22] [2026-05-03 20:53:22] Plugins already installed/enabled for vault: C:\Users\18826\Documents\work_doc_ob\Telpo; installed=22; enabledTotal=23
[2026-05-03 20:53:22] [2026-05-03 20:53:22] Finished. Plugins=22; processed vaults=1; skipped entries=0.
[2026-05-03 20:53:22] Installer finished.
[2026-05-03 20:58:22] Running installer: C:\Users\18826\Documents\work_doc_ob\Telpo\scripts\obsidian-claudian-auto\Install-ClaudianToObsidianVaults.ps1
[2026-05-03 20:58:22] [2026-05-03 20:58:22] Plugins already installed/enabled for vault: C:\Users\18826\Documents\work_doc_ob\Telpo; installed=22; enabledTotal=23
[2026-05-03 20:58:22] [2026-05-03 20:58:22] Finished. Plugins=22; processed vaults=1; skipped entries=0.
[2026-05-03 20:58:22] Installer finished.
[2026-05-03 21:03:23] Running installer: C:\Users\18826\Documents\work_doc_ob\Telpo\scripts\obsidian-claudian-auto\Install-ClaudianToObsidianVaults.ps1
[2026-05-03 21:03:23] [2026-05-03 21:03:23] Plugins already installed/enabled for vault: C:\Users\18826\Documents\work_doc_ob\Telpo; installed=22; enabledTotal=23
[2026-05-03 21:03:23] [2026-05-03 21:03:23] Finished. Plugins=22; processed vaults=1; skipped entries=0.
[2026-05-03 21:03:23] Installer finished.
[2026-05-03 21:08:23] Running installer: C:\Users\18826\Documents\work_doc_ob\Telpo\scripts\obsidian-claudian-auto\Install-ClaudianToObsidianVaults.ps1
[2026-05-03 21:08:23] [2026-05-03 21:08:23] Plugins already installed/enabled for vault: C:\Users\18826\Documents\work_doc_ob\Telpo; installed=22; enabledTotal=23
[2026-05-03 21:08:23] [2026-05-03 21:08:23] Finished. Plugins=22; processed vaults=1; skipped entries=0.
[2026-05-03 21:08:23] Installer finished.
[2026-05-03 21:13:23] Running installer: C:\Users\18826\Documents\work_doc_ob\Telpo\scripts\obsidian-claudian-auto\Install-ClaudianToObsidianVaults.ps1
[2026-05-03 21:13:23] [2026-05-03 21:13:23] Plugins already installed/enabled for vault: C:\Users\18826\Documents\work_doc_ob\Telpo; installed=22; enabledTotal=23
[2026-05-03 21:13:23] [2026-05-03 21:13:23] Finished. Plugins=22; processed vaults=1; skipped entries=0.
[2026-05-03 21:13:23] Installer finished.
[2026-05-03 21:18:23] Running installer: C:\Users\18826\Documents\work_doc_ob\Telpo\scripts\obsidian-claudian-auto\Install-ClaudianToObsidianVaults.ps1
[2026-05-03 21:18:24] [2026-05-03 21:18:24] Plugins already installed/enabled for vault: C:\Users\18826\Documents\work_doc_ob\Telpo; installed=22; enabledTotal=23
[2026-05-03 21:18:24] [2026-05-03 21:18:24] Finished. Plugins=22; processed vaults=1; skipped entries=0.
[2026-05-03 21:18:24] Installer finished.
[2026-05-03 21:23:24] Running installer: C:\Users\18826\Documents\work_doc_ob\Telpo\scripts\obsidian-claudian-auto\Install-ClaudianToObsidianVaults.ps1
[2026-05-03 21:23:24] [2026-05-03 21:23:24] Plugins already installed/enabled for vault: C:\Users\18826\Documents\work_doc_ob\Telpo; installed=22; enabledTotal=23
[2026-05-03 21:23:24] [2026-05-03 21:23:24] Finished. Plugins=22; processed vaults=1; skipped entries=0.
[2026-05-03 21:23:24] Installer finished.
[2026-05-03 21:28:24] Running installer: C:\Users\18826\Documents\work_doc_ob\Telpo\scripts\obsidian-claudian-auto\Install-ClaudianToObsidianVaults.ps1
[2026-05-03 21:28:24] [2026-05-03 21:28:24] Plugins already installed/enabled for vault: C:\Users\18826\Documents\work_doc_ob\Telpo; installed=22; enabledTotal=23
[2026-05-03 21:28:24] [2026-05-03 21:28:24] Finished. Plugins=22; processed vaults=1; skipped entries=0.
[2026-05-03 21:28:24] Installer finished.
[2026-05-03 21:33:24] Running installer: C:\Users\18826\Documents\work_doc_ob\Telpo\scripts\obsidian-claudian-auto\Install-ClaudianToObsidianVaults.ps1
[2026-05-03 21:33:25] [2026-05-03 21:33:25] Plugins already installed/enabled for vault: C:\Users\18826\Documents\work_doc_ob\Telpo; installed=22; enabledTotal=23
[2026-05-03 21:33:25] [2026-05-03 21:33:25] Finished. Plugins=22; processed vaults=1; skipped entries=0.
[2026-05-03 21:33:25] Installer finished.
[2026-05-03 21:38:25] Running installer: C:\Users\18826\Documents\work_doc_ob\Telpo\scripts\obsidian-claudian-auto\Install-ClaudianToObsidianVaults.ps1
[2026-05-03 21:38:25] [2026-05-03 21:38:25] Plugins already installed/enabled for vault: C:\Users\18826\Documents\work_doc_ob\Telpo; installed=22; enabledTotal=23
[2026-05-03 21:38:25] [2026-05-03 21:38:25] Finished. Plugins=22; processed vaults=1; skipped entries=0.
[2026-05-03 21:38:25] Installer finished.
[2026-05-03 21:43:25] Running installer: C:\Users\18826\Documents\work_doc_ob\Telpo\scripts\obsidian-claudian-auto\Install-ClaudianToObsidianVaults.ps1
[2026-05-03 21:43:25] [2026-05-03 21:43:25] Plugins already installed/enabled for vault: C:\Users\18826\Documents\work_doc_ob\Telpo; installed=22; enabledTotal=23
[2026-05-03 21:43:25] [2026-05-03 21:43:25] Finished. Plugins=22; processed vaults=1; skipped entries=0.
[2026-05-03 21:43:25] Installer finished.
[2026-05-03 21:48:25] Running installer: C:\Users\18826\Documents\work_doc_ob\Telpo\scripts\obsidian-claudian-auto\Install-ClaudianToObsidianVaults.ps1
[2026-05-03 21:48:26] [2026-05-03 21:48:26] Plugins already installed/enabled for vault: C:\Users\18826\Documents\work_doc_ob\Telpo; installed=22; enabledTotal=23
[2026-05-03 21:48:26] [2026-05-03 21:48:26] Finished. Plugins=22; processed vaults=1; skipped entries=0.
[2026-05-03 21:48:26] Installer finished.
[2026-05-03 21:53:26] Running installer: C:\Users\18826\Documents\work_doc_ob\Telpo\scripts\obsidian-claudian-auto\Install-ClaudianToObsidianVaults.ps1
[2026-05-03 21:53:26] [2026-05-03 21:53:26] Plugins already installed/enabled for vault: C:\Users\18826\Documents\work_doc_ob\Telpo; installed=22; enabledTotal=23
[2026-05-03 21:53:26] [2026-05-03 21:53:26] Finished. Plugins=22; processed vaults=1; skipped entries=0.
[2026-05-03 21:53:26] Installer finished.
[2026-05-03 21:58:26] Running installer: C:\Users\18826\Documents\work_doc_ob\Telpo\scripts\obsidian-claudian-auto\Install-ClaudianToObsidianVaults.ps1
[2026-05-03 21:58:26] [2026-05-03 21:58:26] Plugins already installed/enabled for vault: C:\Users\18826\Documents\work_doc_ob\Telpo; installed=22; enabledTotal=23
[2026-05-03 21:58:26] [2026-05-03 21:58:26] Finished. Plugins=22; processed vaults=1; skipped entries=0.
[2026-05-03 21:58:26] Installer finished.
[2026-05-03 22:03:26] Running installer: C:\Users\18826\Documents\work_doc_ob\Telpo\scripts\obsidian-claudian-auto\Install-ClaudianToObsidianVaults.ps1
[2026-05-03 22:03:27] [2026-05-03 22:03:27] Plugins already installed/enabled for vault: C:\Users\18826\Documents\work_doc_ob\Telpo; installed=22; enabledTotal=23
[2026-05-03 22:03:27] [2026-05-03 22:03:27] Finished. Plugins=22; processed vaults=1; skipped entries=0.
[2026-05-03 22:03:27] Installer finished.
[2026-05-03 22:08:27] Running installer: C:\Users\18826\Documents\work_doc_ob\Telpo\scripts\obsidian-claudian-auto\Install-ClaudianToObsidianVaults.ps1
[2026-05-03 22:08:27] [2026-05-03 22:08:27] Plugins already installed/enabled for vault: C:\Users\18826\Documents\work_doc_ob\Telpo; installed=22; enabledTotal=23
[2026-05-03 22:08:27] [2026-05-03 22:08:27] Finished. Plugins=22; processed vaults=1; skipped entries=0.
[2026-05-03 22:08:27] Installer finished.
[2026-05-03 22:13:27] Running installer: C:\Users\18826\Documents\work_doc_ob\Telpo\scripts\obsidian-claudian-auto\Install-ClaudianToObsidianVaults.ps1
[2026-05-03 22:13:27] [2026-05-03 22:13:27] Plugins already installed/enabled for vault: C:\Users\18826\Documents\work_doc_ob\Telpo; installed=22; enabledTotal=23
[2026-05-03 22:13:27] [2026-05-03 22:13:27] Finished. Plugins=22; processed vaults=1; skipped entries=0.
[2026-05-03 22:13:27] Installer finished.
[2026-05-03 22:18:27] Running installer: C:\Users\18826\Documents\work_doc_ob\Telpo\scripts\obsidian-claudian-auto\Install-ClaudianToObsidianVaults.ps1
[2026-05-03 22:18:28] [2026-05-03 22:18:28] Plugins already installed/enabled for vault: C:\Users\18826\Documents\work_doc_ob\Telpo; installed=22; enabledTotal=23
[2026-05-03 22:18:28] [2026-05-03 22:18:28] Finished. Plugins=22; processed vaults=1; skipped entries=0.
[2026-05-03 22:18:28] Installer finished.
[2026-05-03 22:23:28] Running installer: C:\Users\18826\Documents\work_doc_ob\Telpo\scripts\obsidian-claudian-auto\Install-ClaudianToObsidianVaults.ps1
[2026-05-03 22:23:28] [2026-05-03 22:23:28] Plugins already installed/enabled for vault: C:\Users\18826\Documents\work_doc_ob\Telpo; installed=22; enabledTotal=23
[2026-05-03 22:23:28] [2026-05-03 22:23:28] Finished. Plugins=22; processed vaults=1; skipped entries=0.
[2026-05-03 22:23:28] Installer finished.
[2026-05-03 22:28:28] Running installer: C:\Users\18826\Documents\work_doc_ob\Telpo\scripts\obsidian-claudian-auto\Install-ClaudianToObsidianVaults.ps1
[2026-05-03 22:28:28] [2026-05-03 22:28:28] Plugins already installed/enabled for vault: C:\Users\18826\Documents\work_doc_ob\Telpo; installed=22; enabledTotal=23
[2026-05-03 22:28:28] [2026-05-03 22:28:28] Finished. Plugins=22; processed vaults=1; skipped entries=0.
[2026-05-03 22:28:28] Installer finished.
[2026-05-03 22:33:28] Running installer: C:\Users\18826\Documents\work_doc_ob\Telpo\scripts\obsidian-claudian-auto\Install-ClaudianToObsidianVaults.ps1
[2026-05-03 22:33:29] [2026-05-03 22:33:29] Plugins already installed/enabled for vault: C:\Users\18826\Documents\work_doc_ob\Telpo; installed=22; enabledTotal=23
[2026-05-03 22:33:29] [2026-05-03 22:33:29] Finished. Plugins=22; processed vaults=1; skipped entries=0.
[2026-05-03 22:33:29] Installer finished.
[2026-05-03 22:38:29] Running installer: C:\Users\18826\Documents\work_doc_ob\Telpo\scripts\obsidian-claudian-auto\Install-ClaudianToObsidianVaults.ps1
[2026-05-03 22:38:29] [2026-05-03 22:38:29] Plugins already installed/enabled for vault: C:\Users\18826\Documents\work_doc_ob\Telpo; installed=22; enabledTotal=23
[2026-05-03 22:38:29] [2026-05-03 22:38:29] Finished. Plugins=22; processed vaults=1; skipped entries=0.
[2026-05-03 22:38:29] Installer finished.
[2026-05-03 22:43:29] Running installer: C:\Users\18826\Documents\work_doc_ob\Telpo\scripts\obsidian-claudian-auto\Install-ClaudianToObsidianVaults.ps1
[2026-05-03 22:43:29] [2026-05-03 22:43:29] Plugins already installed/enabled for vault: C:\Users\18826\Documents\work_doc_ob\Telpo; installed=22; enabledTotal=23
[2026-05-03 22:43:29] [2026-05-03 22:43:29] Finished. Plugins=22; processed vaults=1; skipped entries=0.
[2026-05-03 22:43:29] Installer finished.
[2026-05-03 22:48:29] Running installer: C:\Users\18826\Documents\work_doc_ob\Telpo\scripts\obsidian-claudian-auto\Install-ClaudianToObsidianVaults.ps1
[2026-05-03 22:48:30] [2026-05-03 22:48:30] Plugins already installed/enabled for vault: C:\Users\18826\Documents\work_doc_ob\Telpo; installed=22; enabledTotal=23
[2026-05-03 22:48:30] [2026-05-03 22:48:30] Finished. Plugins=22; processed vaults=1; skipped entries=0.
[2026-05-03 22:48:30] Installer finished.
[2026-05-03 22:53:30] Running installer: C:\Users\18826\Documents\work_doc_ob\Telpo\scripts\obsidian-claudian-auto\Install-ClaudianToObsidianVaults.ps1
[2026-05-03 22:53:30] [2026-05-03 22:53:30] Plugins already installed/enabled for vault: C:\Users\18826\Documents\work_doc_ob\Telpo; installed=22; enabledTotal=23
[2026-05-03 22:53:30] [2026-05-03 22:53:30] Finished. Plugins=22; processed vaults=1; skipped entries=0.
[2026-05-03 22:53:30] Installer finished.
[2026-05-03 22:58:30] Running installer: C:\Users\18826\Documents\work_doc_ob\Telpo\scripts\obsidian-claudian-auto\Install-ClaudianToObsidianVaults.ps1
[2026-05-03 22:58:30] [2026-05-03 22:58:30] Plugins already installed/enabled for vault: C:\Users\18826\Documents\work_doc_ob\Telpo; installed=22; enabledTotal=23
[2026-05-03 22:58:30] [2026-05-03 22:58:30] Finished. Plugins=22; processed vaults=1; skipped entries=0.
[2026-05-03 22:58:30] Installer finished.
[2026-05-03 23:03:30] Running installer: C:\Users\18826\Documents\work_doc_ob\Telpo\scripts\obsidian-claudian-auto\Install-ClaudianToObsidianVaults.ps1
[2026-05-03 23:03:31] [2026-05-03 23:03:31] Plugins already installed/enabled for vault: C:\Users\18826\Documents\work_doc_ob\Telpo; installed=22; enabledTotal=23
[2026-05-03 23:03:31] [2026-05-03 23:03:31] Finished. Plugins=22; processed vaults=1; skipped entries=0.
[2026-05-03 23:03:31] Installer finished.
[2026-05-03 23:08:31] Running installer: C:\Users\18826\Documents\work_doc_ob\Telpo\scripts\obsidian-claudian-auto\Install-ClaudianToObsidianVaults.ps1
[2026-05-03 23:08:31] [2026-05-03 23:08:31] Plugins already installed/enabled for vault: C:\Users\18826\Documents\work_doc_ob\Telpo; installed=22; enabledTotal=23
[2026-05-03 23:08:31] [2026-05-03 23:08:31] Finished. Plugins=22; processed vaults=1; skipped entries=0.
[2026-05-03 23:08:31] Installer finished.
[2026-05-03 23:13:31] Running installer: C:\Users\18826\Documents\work_doc_ob\Telpo\scripts\obsidian-claudian-auto\Install-ClaudianToObsidianVaults.ps1
[2026-05-03 23:13:31] [2026-05-03 23:13:31] Plugins already installed/enabled for vault: C:\Users\18826\Documents\work_doc_ob\Telpo; installed=22; enabledTotal=23
[2026-05-03 23:13:31] [2026-05-03 23:13:31] Finished. Plugins=22; processed vaults=1; skipped entries=0.
[2026-05-03 23:13:31] Installer finished.
[2026-05-03 23:18:31] Running installer: C:\Users\18826\Documents\work_doc_ob\Telpo\scripts\obsidian-claudian-auto\Install-ClaudianToObsidianVaults.ps1
[2026-05-03 23:18:31] [2026-05-03 23:18:31] Plugins already installed/enabled for vault: C:\Users\18826\Documents\work_doc_ob\Telpo; installed=22; enabledTotal=23
[2026-05-03 23:18:31] [2026-05-03 23:18:31] Finished. Plugins=22; processed vaults=1; skipped entries=0.
[2026-05-03 23:18:31] Installer finished.
[2026-05-03 23:23:32] Running installer: C:\Users\18826\Documents\work_doc_ob\Telpo\scripts\obsidian-claudian-auto\Install-ClaudianToObsidianVaults.ps1
[2026-05-03 23:23:32] [2026-05-03 23:23:32] Plugins already installed/enabled for vault: C:\Users\18826\Documents\work_doc_ob\Telpo; installed=22; enabledTotal=23
[2026-05-03 23:23:32] [2026-05-03 23:23:32] Finished. Plugins=22; processed vaults=1; skipped entries=0.
[2026-05-03 23:23:32] Installer finished.
[2026-05-03 23:28:32] Running installer: C:\Users\18826\Documents\work_doc_ob\Telpo\scripts\obsidian-claudian-auto\Install-ClaudianToObsidianVaults.ps1
[2026-05-03 23:28:32] [2026-05-03 23:28:32] Plugins already installed/enabled for vault: C:\Users\18826\Documents\work_doc_ob\Telpo; installed=22; enabledTotal=23
[2026-05-03 23:28:32] [2026-05-03 23:28:32] Finished. Plugins=22; processed vaults=1; skipped entries=0.
[2026-05-03 23:28:32] Installer finished.
[2026-05-03 23:33:32] Running installer: C:\Users\18826\Documents\work_doc_ob\Telpo\scripts\obsidian-claudian-auto\Install-ClaudianToObsidianVaults.ps1
[2026-05-03 23:33:32] [2026-05-03 23:33:32] Plugins already installed/enabled for vault: C:\Users\18826\Documents\work_doc_ob\Telpo; installed=22; enabledTotal=23
[2026-05-03 23:33:32] [2026-05-03 23:33:32] Finished. Plugins=22; processed vaults=1; skipped entries=0.
[2026-05-03 23:33:32] Installer finished.
[2026-05-03 23:38:33] Running installer: C:\Users\18826\Documents\work_doc_ob\Telpo\scripts\obsidian-claudian-auto\Install-ClaudianToObsidianVaults.ps1
[2026-05-03 23:38:33] [2026-05-03 23:38:33] Plugins already installed/enabled for vault: C:\Users\18826\Documents\work_doc_ob\Telpo; installed=22; enabledTotal=23
[2026-05-03 23:38:33] [2026-05-03 23:38:33] Finished. Plugins=22; processed vaults=1; skipped entries=0.
[2026-05-03 23:38:33] Installer finished.
[2026-05-03 23:43:33] Running installer: C:\Users\18826\Documents\work_doc_ob\Telpo\scripts\obsidian-claudian-auto\Install-ClaudianToObsidianVaults.ps1
[2026-05-03 23:43:33] [2026-05-03 23:43:33] Plugins already installed/enabled for vault: C:\Users\18826\Documents\work_doc_ob\Telpo; installed=22; enabledTotal=23
[2026-05-03 23:43:33] [2026-05-03 23:43:33] Finished. Plugins=22; processed vaults=1; skipped entries=0.
[2026-05-03 23:43:33] Installer finished.
[2026-05-03 23:48:33] Running installer: C:\Users\18826\Documents\work_doc_ob\Telpo\scripts\obsidian-claudian-auto\Install-ClaudianToObsidianVaults.ps1
[2026-05-03 23:48:33] [2026-05-03 23:48:33] Plugins already installed/enabled for vault: C:\Users\18826\Documents\work_doc_ob\Telpo; installed=22; enabledTotal=23
[2026-05-03 23:48:33] [2026-05-03 23:48:33] Finished. Plugins=22; processed vaults=1; skipped entries=0.
[2026-05-03 23:48:33] Installer finished.
[2026-05-03 23:53:33] Running installer: C:\Users\18826\Documents\work_doc_ob\Telpo\scripts\obsidian-claudian-auto\Install-ClaudianToObsidianVaults.ps1
[2026-05-03 23:53:34] [2026-05-03 23:53:34] Plugins already installed/enabled for vault: C:\Users\18826\Documents\work_doc_ob\Telpo; installed=22; enabledTotal=23
[2026-05-03 23:53:34] [2026-05-03 23:53:34] Finished. Plugins=22; processed vaults=1; skipped entries=0.
[2026-05-03 23:53:34] Installer finished.
[2026-05-03 23:58:34] Running installer: C:\Users\18826\Documents\work_doc_ob\Telpo\scripts\obsidian-claudian-auto\Install-ClaudianToObsidianVaults.ps1
[2026-05-03 23:58:34] [2026-05-03 23:58:34] Plugins already installed/enabled for vault: C:\Users\18826\Documents\work_doc_ob\Telpo; installed=22; enabledTotal=23
[2026-05-03 23:58:34] [2026-05-03 23:58:34] Finished. Plugins=22; processed vaults=1; skipped entries=0.
[2026-05-03 23:58:34] Installer finished.
[2026-05-04 00:03:34] Running installer: C:\Users\18826\Documents\work_doc_ob\Telpo\scripts\obsidian-claudian-auto\Install-ClaudianToObsidianVaults.ps1
[2026-05-04 00:03:34] [2026-05-04 00:03:34] Plugins already installed/enabled for vault: C:\Users\18826\Documents\work_doc_ob\Telpo; installed=22; enabledTotal=23
[2026-05-04 00:03:34] [2026-05-04 00:03:34] Finished. Plugins=22; processed vaults=1; skipped entries=0.
[2026-05-04 00:03:34] Installer finished.
[2026-05-04 00:08:34] Running installer: C:\Users\18826\Documents\work_doc_ob\Telpo\scripts\obsidian-claudian-auto\Install-ClaudianToObsidianVaults.ps1
[2026-05-04 00:08:35] [2026-05-04 00:08:35] Plugins already installed/enabled for vault: C:\Users\18826\Documents\work_doc_ob\Telpo; installed=22; enabledTotal=23
[2026-05-04 00:08:35] [2026-05-04 00:08:35] Finished. Plugins=22; processed vaults=1; skipped entries=0.
[2026-05-04 00:08:35] Installer finished.
[2026-05-04 00:13:35] Running installer: C:\Users\18826\Documents\work_doc_ob\Telpo\scripts\obsidian-claudian-auto\Install-ClaudianToObsidianVaults.ps1
[2026-05-04 00:13:35] [2026-05-04 00:13:35] Plugins already installed/enabled for vault: C:\Users\18826\Documents\work_doc_ob\Telpo; installed=22; enabledTotal=23
[2026-05-04 00:13:35] [2026-05-04 00:13:35] Finished. Plugins=22; processed vaults=1; skipped entries=0.
[2026-05-04 00:13:35] Installer finished.
[2026-05-04 00:18:35] Running installer: C:\Users\18826\Documents\work_doc_ob\Telpo\scripts\obsidian-claudian-auto\Install-ClaudianToObsidianVaults.ps1
[2026-05-04 00:18:35] [2026-05-04 00:18:35] Plugins already installed/enabled for vault: C:\Users\18826\Documents\work_doc_ob\Telpo; installed=22; enabledTotal=23
[2026-05-04 00:18:35] [2026-05-04 00:18:35] Finished. Plugins=22; processed vaults=1; skipped entries=0.
[2026-05-04 00:18:35] Installer finished.
[2026-05-04 00:23:35] Running installer: C:\Users\18826\Documents\work_doc_ob\Telpo\scripts\obsidian-claudian-auto\Install-ClaudianToObsidianVaults.ps1
[2026-05-04 00:23:36] [2026-05-04 00:23:36] Plugins already installed/enabled for vault: C:\Users\18826\Documents\work_doc_ob\Telpo; installed=22; enabledTotal=23
[2026-05-04 00:23:36] [2026-05-04 00:23:36] Finished. Plugins=22; processed vaults=1; skipped entries=0.
[2026-05-04 00:23:36] Installer finished.
[2026-05-04 00:28:36] Running installer: C:\Users\18826\Documents\work_doc_ob\Telpo\scripts\obsidian-claudian-auto\Install-ClaudianToObsidianVaults.ps1
[2026-05-04 00:28:36] [2026-05-04 00:28:36] Plugins already installed/enabled for vault: C:\Users\18826\Documents\work_doc_ob\Telpo; installed=22; enabledTotal=23
[2026-05-04 00:28:36] [2026-05-04 00:28:36] Finished. Plugins=22; processed vaults=1; skipped entries=0.
[2026-05-04 00:28:36] Installer finished.
[2026-05-04 00:33:36] Running installer: C:\Users\18826\Documents\work_doc_ob\Telpo\scripts\obsidian-claudian-auto\Install-ClaudianToObsidianVaults.ps1
[2026-05-04 00:33:36] [2026-05-04 00:33:36] Plugins already installed/enabled for vault: C:\Users\18826\Documents\work_doc_ob\Telpo; installed=22; enabledTotal=23
[2026-05-04 00:33:36] [2026-05-04 00:33:36] Finished. Plugins=22; processed vaults=1; skipped entries=0.
[2026-05-04 00:33:36] Installer finished.
[2026-05-04 00:38:36] Running installer: C:\Users\18826\Documents\work_doc_ob\Telpo\scripts\obsidian-claudian-auto\Install-ClaudianToObsidianVaults.ps1
[2026-05-04 00:38:36] [2026-05-04 00:38:36] Plugins already installed/enabled for vault: C:\Users\18826\Documents\work_doc_ob\Telpo; installed=22; enabledTotal=23
[2026-05-04 00:38:36] [2026-05-04 00:38:36] Finished. Plugins=22; processed vaults=1; skipped entries=0.
[2026-05-04 00:38:36] Installer finished.
[2026-05-04 00:43:37] Running installer: C:\Users\18826\Documents\work_doc_ob\Telpo\scripts\obsidian-claudian-auto\Install-ClaudianToObsidianVaults.ps1
[2026-05-04 00:43:37] [2026-05-04 00:43:37] Plugins already installed/enabled for vault: C:\Users\18826\Documents\work_doc_ob\Telpo; installed=22; enabledTotal=23
[2026-05-04 00:43:37] [2026-05-04 00:43:37] Finished. Plugins=22; processed vaults=1; skipped entries=0.
[2026-05-04 00:43:37] Installer finished.
[2026-05-04 00:48:37] Running installer: C:\Users\18826\Documents\work_doc_ob\Telpo\scripts\obsidian-claudian-auto\Install-ClaudianToObsidianVaults.ps1
[2026-05-04 00:48:37] [2026-05-04 00:48:37] Plugins already installed/enabled for vault: C:\Users\18826\Documents\work_doc_ob\Telpo; installed=22; enabledTotal=23
[2026-05-04 00:48:37] [2026-05-04 00:48:37] Finished. Plugins=22; processed vaults=1; skipped entries=0.
[2026-05-04 00:48:37] Installer finished.
[2026-05-04 00:53:37] Running installer: C:\Users\18826\Documents\work_doc_ob\Telpo\scripts\obsidian-claudian-auto\Install-ClaudianToObsidianVaults.ps1
[2026-05-04 00:53:37] [2026-05-04 00:53:37] Plugins already installed/enabled for vault: C:\Users\18826\Documents\work_doc_ob\Telpo; installed=22; enabledTotal=23
[2026-05-04 00:53:37] [2026-05-04 00:53:37] Finished. Plugins=22; processed vaults=1; skipped entries=0.
[2026-05-04 00:53:37] Installer finished.
[2026-05-04 00:58:38] Running installer: C:\Users\18826\Documents\work_doc_ob\Telpo\scripts\obsidian-claudian-auto\Install-ClaudianToObsidianVaults.ps1
[2026-05-04 00:58:38] [2026-05-04 00:58:38] Plugins already installed/enabled for vault: C:\Users\18826\Documents\work_doc_ob\Telpo; installed=22; enabledTotal=23
[2026-05-04 00:58:38] [2026-05-04 00:58:38] Finished. Plugins=22; processed vaults=1; skipped entries=0.
[2026-05-04 00:58:38] Installer finished.
[2026-05-04 01:03:38] Running installer: C:\Users\18826\Documents\work_doc_ob\Telpo\scripts\obsidian-claudian-auto\Install-ClaudianToObsidianVaults.ps1
[2026-05-04 01:03:38] [2026-05-04 01:03:38] Plugins already installed/enabled for vault: C:\Users\18826\Documents\work_doc_ob\Telpo; installed=22; enabledTotal=23
[2026-05-04 01:03:38] [2026-05-04 01:03:38] Finished. Plugins=22; processed vaults=1; skipped entries=0.
[2026-05-04 01:03:38] Installer finished.
[2026-05-04 01:08:38] Running installer: C:\Users\18826\Documents\work_doc_ob\Telpo\scripts\obsidian-claudian-auto\Install-ClaudianToObsidianVaults.ps1
[2026-05-04 01:08:38] [2026-05-04 01:08:38] Plugins already installed/enabled for vault: C:\Users\18826\Documents\work_doc_ob\Telpo; installed=22; enabledTotal=23
[2026-05-04 01:08:38] [2026-05-04 01:08:38] Finished. Plugins=22; processed vaults=1; skipped entries=0.
[2026-05-04 01:08:38] Installer finished.
[2026-05-04 01:13:38] Running installer: C:\Users\18826\Documents\work_doc_ob\Telpo\scripts\obsidian-claudian-auto\Install-ClaudianToObsidianVaults.ps1
[2026-05-04 01:13:39] [2026-05-04 01:13:39] Plugins already installed/enabled for vault: C:\Users\18826\Documents\work_doc_ob\Telpo; installed=22; enabledTotal=23
[2026-05-04 01:13:39] [2026-05-04 01:13:39] Finished. Plugins=22; processed vaults=1; skipped entries=0.
[2026-05-04 01:13:39] Installer finished.
[2026-05-04 01:18:39] Running installer: C:\Users\18826\Documents\work_doc_ob\Telpo\scripts\obsidian-claudian-auto\Install-ClaudianToObsidianVaults.ps1
[2026-05-04 01:18:39] [2026-05-04 01:18:39] Plugins already installed/enabled for vault: C:\Users\18826\Documents\work_doc_ob\Telpo; installed=22; enabledTotal=23
[2026-05-04 01:18:39] [2026-05-04 01:18:39] Finished. Plugins=22; processed vaults=1; skipped entries=0.
[2026-05-04 01:18:39] Installer finished.
[2026-05-04 01:23:39] Running installer: C:\Users\18826\Documents\work_doc_ob\Telpo\scripts\obsidian-claudian-auto\Install-ClaudianToObsidianVaults.ps1
[2026-05-04 01:23:39] [2026-05-04 01:23:39] Plugins already installed/enabled for vault: C:\Users\18826\Documents\work_doc_ob\Telpo; installed=22; enabledTotal=23
[2026-05-04 01:23:39] [2026-05-04 01:23:39] Finished. Plugins=22; processed vaults=1; skipped entries=0.
[2026-05-04 01:23:39] Installer finished.
[2026-05-04 01:28:39] Running installer: C:\Users\18826\Documents\work_doc_ob\Telpo\scripts\obsidian-claudian-auto\Install-ClaudianToObsidianVaults.ps1
[2026-05-04 01:28:40] [2026-05-04 01:28:40] Plugins already installed/enabled for vault: C:\Users\18826\Documents\work_doc_ob\Telpo; installed=22; enabledTotal=23
[2026-05-04 01:28:40] [2026-05-04 01:28:40] Finished. Plugins=22; processed vaults=1; skipped entries=0.
[2026-05-04 01:28:40] Installer finished.
[2026-05-04 01:33:40] Running installer: C:\Users\18826\Documents\work_doc_ob\Telpo\scripts\obsidian-claudian-auto\Install-ClaudianToObsidianVaults.ps1
[2026-05-04 01:33:40] [2026-05-04 01:33:40] Plugins already installed/enabled for vault: C:\Users\18826\Documents\work_doc_ob\Telpo; installed=22; enabledTotal=23
[2026-05-04 01:33:40] [2026-05-04 01:33:40] Finished. Plugins=22; processed vaults=1; skipped entries=0.
[2026-05-04 01:33:40] Installer finished.
[2026-05-04 01:38:40] Running installer: C:\Users\18826\Documents\work_doc_ob\Telpo\scripts\obsidian-claudian-auto\Install-ClaudianToObsidianVaults.ps1
[2026-05-04 01:38:40] [2026-05-04 01:38:40] Plugins already installed/enabled for vault: C:\Users\18826\Documents\work_doc_ob\Telpo; installed=22; enabledTotal=23
[2026-05-04 01:38:40] [2026-05-04 01:38:40] Finished. Plugins=22; processed vaults=1; skipped entries=0.
[2026-05-04 01:38:40] Installer finished.
[2026-05-04 01:43:40] Running installer: C:\Users\18826\Documents\work_doc_ob\Telpo\scripts\obsidian-claudian-auto\Install-ClaudianToObsidianVaults.ps1
[2026-05-04 01:43:41] [2026-05-04 01:43:41] Plugins already installed/enabled for vault: C:\Users\18826\Documents\work_doc_ob\Telpo; installed=22; enabledTotal=23
[2026-05-04 01:43:41] [2026-05-04 01:43:41] Finished. Plugins=22; processed vaults=1; skipped entries=0.
[2026-05-04 01:43:41] Installer finished.
[2026-05-04 01:48:41] Running installer: C:\Users\18826\Documents\work_doc_ob\Telpo\scripts\obsidian-claudian-auto\Install-ClaudianToObsidianVaults.ps1
[2026-05-04 01:48:41] [2026-05-04 01:48:41] Plugins already installed/enabled for vault: C:\Users\18826\Documents\work_doc_ob\Telpo; installed=22; enabledTotal=23
[2026-05-04 01:48:41] [2026-05-04 01:48:41] Finished. Plugins=22; processed vaults=1; skipped entries=0.
[2026-05-04 01:48:41] Installer finished.
[2026-05-04 01:53:41] Running installer: C:\Users\18826\Documents\work_doc_ob\Telpo\scripts\obsidian-claudian-auto\Install-ClaudianToObsidianVaults.ps1
[2026-05-04 01:53:41] [2026-05-04 01:53:41] Plugins already installed/enabled for vault: C:\Users\18826\Documents\work_doc_ob\Telpo; installed=22; enabledTotal=23
[2026-05-04 01:53:41] [2026-05-04 01:53:41] Finished. Plugins=22; processed vaults=1; skipped entries=0.
[2026-05-04 01:53:41] Installer finished.
[2026-05-04 01:58:41] Running installer: C:\Users\18826\Documents\work_doc_ob\Telpo\scripts\obsidian-claudian-auto\Install-ClaudianToObsidianVaults.ps1
[2026-05-04 01:58:42] [2026-05-04 01:58:42] Plugins already installed/enabled for vault: C:\Users\18826\Documents\work_doc_ob\Telpo; installed=22; enabledTotal=23
[2026-05-04 01:58:42] [2026-05-04 01:58:42] Finished. Plugins=22; processed vaults=1; skipped entries=0.
[2026-05-04 01:58:42] Installer finished.
[2026-05-04 02:03:42] Running installer: C:\Users\18826\Documents\work_doc_ob\Telpo\scripts\obsidian-claudian-auto\Install-ClaudianToObsidianVaults.ps1
[2026-05-04 02:03:42] [2026-05-04 02:03:42] Plugins already installed/enabled for vault: C:\Users\18826\Documents\work_doc_ob\Telpo; installed=22; enabledTotal=23
[2026-05-04 02:03:42] [2026-05-04 02:03:42] Finished. Plugins=22; processed vaults=1; skipped entries=0.
[2026-05-04 02:03:42] Installer finished.
[2026-05-04 02:08:42] Running installer: C:\Users\18826\Documents\work_doc_ob\Telpo\scripts\obsidian-claudian-auto\Install-ClaudianToObsidianVaults.ps1
[2026-05-04 02:08:42] [2026-05-04 02:08:42] Plugins already installed/enabled for vault: C:\Users\18826\Documents\work_doc_ob\Telpo; installed=22; enabledTotal=23
[2026-05-04 02:08:42] [2026-05-04 02:08:42] Finished. Plugins=22; processed vaults=1; skipped entries=0.
[2026-05-04 02:08:42] Installer finished.
[2026-05-04 02:13:42] Running installer: C:\Users\18826\Documents\work_doc_ob\Telpo\scripts\obsidian-claudian-auto\Install-ClaudianToObsidianVaults.ps1
[2026-05-04 02:13:42] [2026-05-04 02:13:42] Plugins already installed/enabled for vault: C:\Users\18826\Documents\work_doc_ob\Telpo; installed=22; enabledTotal=23
[2026-05-04 02:13:42] [2026-05-04 02:13:42] Finished. Plugins=22; processed vaults=1; skipped entries=0.
[2026-05-04 02:13:42] Installer finished.
[2026-05-04 02:18:43] Running installer: C:\Users\18826\Documents\work_doc_ob\Telpo\scripts\obsidian-claudian-auto\Install-ClaudianToObsidianVaults.ps1
[2026-05-04 02:18:43] [2026-05-04 02:18:43] Plugins already installed/enabled for vault: C:\Users\18826\Documents\work_doc_ob\Telpo; installed=22; enabledTotal=23
[2026-05-04 02:18:43] [2026-05-04 02:18:43] Finished. Plugins=22; processed vaults=1; skipped entries=0.
[2026-05-04 02:18:43] Installer finished.
[2026-05-04 02:23:43] Running installer: C:\Users\18826\Documents\work_doc_ob\Telpo\scripts\obsidian-claudian-auto\Install-ClaudianToObsidianVaults.ps1
[2026-05-04 02:23:43] [2026-05-04 02:23:43] Plugins already installed/enabled for vault: C:\Users\18826\Documents\work_doc_ob\Telpo; installed=22; enabledTotal=23
[2026-05-04 02:23:43] [2026-05-04 02:23:43] Finished. Plugins=22; processed vaults=1; skipped entries=0.
[2026-05-04 02:23:43] Installer finished.
[2026-05-04 02:28:43] Running installer: C:\Users\18826\Documents\work_doc_ob\Telpo\scripts\obsidian-claudian-auto\Install-ClaudianToObsidianVaults.ps1
[2026-05-04 02:28:43] [2026-05-04 02:28:43] Plugins already installed/enabled for vault: C:\Users\18826\Documents\work_doc_ob\Telpo; installed=22; enabledTotal=23
[2026-05-04 02:28:43] [2026-05-04 02:28:43] Finished. Plugins=22; processed vaults=1; skipped entries=0.
[2026-05-04 02:28:43] Installer finished.
[2026-05-04 02:33:43] Running installer: C:\Users\18826\Documents\work_doc_ob\Telpo\scripts\obsidian-claudian-auto\Install-ClaudianToObsidianVaults.ps1
[2026-05-04 02:33:44] [2026-05-04 02:33:44] Plugins already installed/enabled for vault: C:\Users\18826\Documents\work_doc_ob\Telpo; installed=22; enabledTotal=23
[2026-05-04 02:33:44] [2026-05-04 02:33:44] Finished. Plugins=22; processed vaults=1; skipped entries=0.
[2026-05-04 02:33:44] Installer finished.
[2026-05-04 02:38:44] Running installer: C:\Users\18826\Documents\work_doc_ob\Telpo\scripts\obsidian-claudian-auto\Install-ClaudianToObsidianVaults.ps1
[2026-05-04 02:38:44] [2026-05-04 02:38:44] Plugins already installed/enabled for vault: C:\Users\18826\Documents\work_doc_ob\Telpo; installed=22; enabledTotal=23
[2026-05-04 02:38:44] [2026-05-04 02:38:44] Finished. Plugins=22; processed vaults=1; skipped entries=0.
[2026-05-04 02:38:44] Installer finished.
[2026-05-04 02:43:44] Running installer: C:\Users\18826\Documents\work_doc_ob\Telpo\scripts\obsidian-claudian-auto\Install-ClaudianToObsidianVaults.ps1
[2026-05-04 02:43:44] [2026-05-04 02:43:44] Plugins already installed/enabled for vault: C:\Users\18826\Documents\work_doc_ob\Telpo; installed=22; enabledTotal=23
[2026-05-04 02:43:44] [2026-05-04 02:43:44] Finished. Plugins=22; processed vaults=1; skipped entries=0.
[2026-05-04 02:43:44] Installer finished.
[2026-05-04 02:48:44] Running installer: C:\Users\18826\Documents\work_doc_ob\Telpo\scripts\obsidian-claudian-auto\Install-ClaudianToObsidianVaults.ps1
[2026-05-04 02:48:45] [2026-05-04 02:48:45] Plugins already installed/enabled for vault: C:\Users\18826\Documents\work_doc_ob\Telpo; installed=22; enabledTotal=23
[2026-05-04 02:48:45] [2026-05-04 02:48:45] Finished. Plugins=22; processed vaults=1; skipped entries=0.
[2026-05-04 02:48:45] Installer finished.
[2026-05-04 02:53:45] Running installer: C:\Users\18826\Documents\work_doc_ob\Telpo\scripts\obsidian-claudian-auto\Install-ClaudianToObsidianVaults.ps1
[2026-05-04 02:53:45] [2026-05-04 02:53:45] Plugins already installed/enabled for vault: C:\Users\18826\Documents\work_doc_ob\Telpo; installed=22; enabledTotal=23
[2026-05-04 02:53:45] [2026-05-04 02:53:45] Finished. Plugins=22; processed vaults=1; skipped entries=0.
[2026-05-04 02:53:45] Installer finished.
[2026-05-04 02:58:45] Running installer: C:\Users\18826\Documents\work_doc_ob\Telpo\scripts\obsidian-claudian-auto\Install-ClaudianToObsidianVaults.ps1
[2026-05-04 02:58:45] [2026-05-04 02:58:45] Plugins already installed/enabled for vault: C:\Users\18826\Documents\work_doc_ob\Telpo; installed=22; enabledTotal=23
[2026-05-04 02:58:45] [2026-05-04 02:58:45] Finished. Plugins=22; processed vaults=1; skipped entries=0.
[2026-05-04 02:58:45] Installer finished.
[2026-05-04 03:03:45] Running installer: C:\Users\18826\Documents\work_doc_ob\Telpo\scripts\obsidian-claudian-auto\Install-ClaudianToObsidianVaults.ps1
[2026-05-04 03:03:46] [2026-05-04 03:03:46] Plugins already installed/enabled for vault: C:\Users\18826\Documents\work_doc_ob\Telpo; installed=22; enabledTotal=23
[2026-05-04 03:03:46] [2026-05-04 03:03:46] Finished. Plugins=22; processed vaults=1; skipped entries=0.
[2026-05-04 03:03:46] Installer finished.
[2026-05-04 03:08:46] Running installer: C:\Users\18826\Documents\work_doc_ob\Telpo\scripts\obsidian-claudian-auto\Install-ClaudianToObsidianVaults.ps1
[2026-05-04 03:08:46] [2026-05-04 03:08:46] Plugins already installed/enabled for vault: C:\Users\18826\Documents\work_doc_ob\Telpo; installed=22; enabledTotal=23
[2026-05-04 03:08:46] [2026-05-04 03:08:46] Finished. Plugins=22; processed vaults=1; skipped entries=0.
[2026-05-04 03:08:46] Installer finished.
[2026-05-04 03:13:46] Running installer: C:\Users\18826\Documents\work_doc_ob\Telpo\scripts\obsidian-claudian-auto\Install-ClaudianToObsidianVaults.ps1
[2026-05-04 03:13:46] [2026-05-04 03:13:46] Plugins already installed/enabled for vault: C:\Users\18826\Documents\work_doc_ob\Telpo; installed=22; enabledTotal=23
[2026-05-04 03:13:46] [2026-05-04 03:13:46] Finished. Plugins=22; processed vaults=1; skipped entries=0.
[2026-05-04 03:13:46] Installer finished.
[2026-05-04 03:18:46] Running installer: C:\Users\18826\Documents\work_doc_ob\Telpo\scripts\obsidian-claudian-auto\Install-ClaudianToObsidianVaults.ps1
[2026-05-04 03:18:47] [2026-05-04 03:18:47] Plugins already installed/enabled for vault: C:\Users\18826\Documents\work_doc_ob\Telpo; installed=22; enabledTotal=23
[2026-05-04 03:18:47] [2026-05-04 03:18:47] Finished. Plugins=22; processed vaults=1; skipped entries=0.
[2026-05-04 03:18:47] Installer finished.
[2026-05-04 03:23:47] Running installer: C:\Users\18826\Documents\work_doc_ob\Telpo\scripts\obsidian-claudian-auto\Install-ClaudianToObsidianVaults.ps1
[2026-05-04 03:23:47] [2026-05-04 03:23:47] Plugins already installed/enabled for vault: C:\Users\18826\Documents\work_doc_ob\Telpo; installed=22; enabledTotal=23
[2026-05-04 03:23:47] [2026-05-04 03:23:47] Finished. Plugins=22; processed vaults=1; skipped entries=0.
[2026-05-04 03:23:47] Installer finished.
[2026-05-04 03:28:47] Running installer: C:\Users\18826\Documents\work_doc_ob\Telpo\scripts\obsidian-claudian-auto\Install-ClaudianToObsidianVaults.ps1
[2026-05-04 03:28:47] [2026-05-04 03:28:47] Plugins already installed/enabled for vault: C:\Users\18826\Documents\work_doc_ob\Telpo; installed=22; enabledTotal=23
[2026-05-04 03:28:47] [2026-05-04 03:28:47] Finished. Plugins=22; processed vaults=1; skipped entries=0.
[2026-05-04 03:28:47] Installer finished.
[2026-05-04 03:33:47] Running installer: C:\Users\18826\Documents\work_doc_ob\Telpo\scripts\obsidian-claudian-auto\Install-ClaudianToObsidianVaults.ps1
[2026-05-04 03:33:48] [2026-05-04 03:33:48] Plugins already installed/enabled for vault: C:\Users\18826\Documents\work_doc_ob\Telpo; installed=22; enabledTotal=23
[2026-05-04 03:33:48] [2026-05-04 03:33:48] Finished. Plugins=22; processed vaults=1; skipped entries=0.
[2026-05-04 03:33:48] Installer finished.
[2026-05-04 03:38:48] Running installer: C:\Users\18826\Documents\work_doc_ob\Telpo\scripts\obsidian-claudian-auto\Install-ClaudianToObsidianVaults.ps1
[2026-05-04 03:38:48] [2026-05-04 03:38:48] Plugins already installed/enabled for vault: C:\Users\18826\Documents\work_doc_ob\Telpo; installed=22; enabledTotal=23
[2026-05-04 03:38:48] [2026-05-04 03:38:48] Finished. Plugins=22; processed vaults=1; skipped entries=0.
[2026-05-04 03:38:48] Installer finished.
[2026-05-04 03:43:48] Running installer: C:\Users\18826\Documents\work_doc_ob\Telpo\scripts\obsidian-claudian-auto\Install-ClaudianToObsidianVaults.ps1
[2026-05-04 03:43:48] [2026-05-04 03:43:48] Plugins already installed/enabled for vault: C:\Users\18826\Documents\work_doc_ob\Telpo; installed=22; enabledTotal=23
[2026-05-04 03:43:48] [2026-05-04 03:43:48] Finished. Plugins=22; processed vaults=1; skipped entries=0.
[2026-05-04 03:43:48] Installer finished.
[2026-05-04 03:48:48] Running installer: C:\Users\18826\Documents\work_doc_ob\Telpo\scripts\obsidian-claudian-auto\Install-ClaudianToObsidianVaults.ps1
[2026-05-04 03:48:49] [2026-05-04 03:48:49] Plugins already installed/enabled for vault: C:\Users\18826\Documents\work_doc_ob\Telpo; installed=22; enabledTotal=23
[2026-05-04 03:48:49] [2026-05-04 03:48:49] Finished. Plugins=22; processed vaults=1; skipped entries=0.
[2026-05-04 03:48:49] Installer finished.
[2026-05-04 03:53:49] Running installer: C:\Users\18826\Documents\work_doc_ob\Telpo\scripts\obsidian-claudian-auto\Install-ClaudianToObsidianVaults.ps1
[2026-05-04 03:53:49] [2026-05-04 03:53:49] Plugins already installed/enabled for vault: C:\Users\18826\Documents\work_doc_ob\Telpo; installed=22; enabledTotal=23
[2026-05-04 03:53:49] [2026-05-04 03:53:49] Finished. Plugins=22; processed vaults=1; skipped entries=0.
[2026-05-04 03:53:49] Installer finished.
[2026-05-04 03:58:49] Running installer: C:\Users\18826\Documents\work_doc_ob\Telpo\scripts\obsidian-claudian-auto\Install-ClaudianToObsidianVaults.ps1
[2026-05-04 03:58:49] [2026-05-04 03:58:49] Plugins already installed/enabled for vault: C:\Users\18826\Documents\work_doc_ob\Telpo; installed=22; enabledTotal=23
[2026-05-04 03:58:49] [2026-05-04 03:58:49] Finished. Plugins=22; processed vaults=1; skipped entries=0.
[2026-05-04 03:58:49] Installer finished.
[2026-05-04 04:03:49] Running installer: C:\Users\18826\Documents\work_doc_ob\Telpo\scripts\obsidian-claudian-auto\Install-ClaudianToObsidianVaults.ps1
[2026-05-04 04:03:50] [2026-05-04 04:03:50] Plugins already installed/enabled for vault: C:\Users\18826\Documents\work_doc_ob\Telpo; installed=22; enabledTotal=23
[2026-05-04 04:03:50] [2026-05-04 04:03:50] Finished. Plugins=22; processed vaults=1; skipped entries=0.
[2026-05-04 04:03:50] Installer finished.
[2026-05-04 04:08:50] Running installer: C:\Users\18826\Documents\work_doc_ob\Telpo\scripts\obsidian-claudian-auto\Install-ClaudianToObsidianVaults.ps1
[2026-05-04 04:08:50] [2026-05-04 04:08:50] Plugins already installed/enabled for vault: C:\Users\18826\Documents\work_doc_ob\Telpo; installed=22; enabledTotal=23
[2026-05-04 04:08:50] [2026-05-04 04:08:50] Finished. Plugins=22; processed vaults=1; skipped entries=0.
[2026-05-04 04:08:50] Installer finished.
[2026-05-04 04:13:50] Running installer: C:\Users\18826\Documents\work_doc_ob\Telpo\scripts\obsidian-claudian-auto\Install-ClaudianToObsidianVaults.ps1
[2026-05-04 04:13:50] [2026-05-04 04:13:50] Plugins already installed/enabled for vault: C:\Users\18826\Documents\work_doc_ob\Telpo; installed=22; enabledTotal=23
[2026-05-04 04:13:50] [2026-05-04 04:13:50] Finished. Plugins=22; processed vaults=1; skipped entries=0.
[2026-05-04 04:13:50] Installer finished.
[2026-05-04 04:18:50] Running installer: C:\Users\18826\Documents\work_doc_ob\Telpo\scripts\obsidian-claudian-auto\Install-ClaudianToObsidianVaults.ps1
[2026-05-04 04:18:50] [2026-05-04 04:18:50] Plugins already installed/enabled for vault: C:\Users\18826\Documents\work_doc_ob\Telpo; installed=22; enabledTotal=23
[2026-05-04 04:18:50] [2026-05-04 04:18:50] Finished. Plugins=22; processed vaults=1; skipped entries=0.
[2026-05-04 04:18:50] Installer finished.
[2026-05-04 04:23:51] Running installer: C:\Users\18826\Documents\work_doc_ob\Telpo\scripts\obsidian-claudian-auto\Install-ClaudianToObsidianVaults.ps1
[2026-05-04 04:23:51] [2026-05-04 04:23:51] Plugins already installed/enabled for vault: C:\Users\18826\Documents\work_doc_ob\Telpo; installed=22; enabledTotal=23
[2026-05-04 04:23:51] [2026-05-04 04:23:51] Finished. Plugins=22; processed vaults=1; skipped entries=0.
[2026-05-04 04:23:51] Installer finished.
[2026-05-04 04:28:51] Running installer: C:\Users\18826\Documents\work_doc_ob\Telpo\scripts\obsidian-claudian-auto\Install-ClaudianToObsidianVaults.ps1
[2026-05-04 04:28:51] [2026-05-04 04:28:51] Plugins already installed/enabled for vault: C:\Users\18826\Documents\work_doc_ob\Telpo; installed=22; enabledTotal=23
[2026-05-04 04:28:51] [2026-05-04 04:28:51] Finished. Plugins=22; processed vaults=1; skipped entries=0.
[2026-05-04 04:28:51] Installer finished.
[2026-05-04 04:33:51] Running installer: C:\Users\18826\Documents\work_doc_ob\Telpo\scripts\obsidian-claudian-auto\Install-ClaudianToObsidianVaults.ps1
[2026-05-04 04:33:51] [2026-05-04 04:33:51] Plugins already installed/enabled for vault: C:\Users\18826\Documents\work_doc_ob\Telpo; installed=22; enabledTotal=23
[2026-05-04 04:33:51] [2026-05-04 04:33:51] Finished. Plugins=22; processed vaults=1; skipped entries=0.
[2026-05-04 04:33:51] Installer finished.
[2026-05-04 04:38:52] Running installer: C:\Users\18826\Documents\work_doc_ob\Telpo\scripts\obsidian-claudian-auto\Install-ClaudianToObsidianVaults.ps1
[2026-05-04 04:38:52] [2026-05-04 04:38:52] Plugins already installed/enabled for vault: C:\Users\18826\Documents\work_doc_ob\Telpo; installed=22; enabledTotal=23
[2026-05-04 04:38:52] [2026-05-04 04:38:52] Finished. Plugins=22; processed vaults=1; skipped entries=0.
[2026-05-04 04:38:52] Installer finished.
[2026-05-04 04:43:52] Running installer: C:\Users\18826\Documents\work_doc_ob\Telpo\scripts\obsidian-claudian-auto\Install-ClaudianToObsidianVaults.ps1
[2026-05-04 04:43:52] [2026-05-04 04:43:52] Plugins already installed/enabled for vault: C:\Users\18826\Documents\work_doc_ob\Telpo; installed=22; enabledTotal=23
[2026-05-04 04:43:52] [2026-05-04 04:43:52] Finished. Plugins=22; processed vaults=1; skipped entries=0.
[2026-05-04 04:43:52] Installer finished.
[2026-05-04 04:48:52] Running installer: C:\Users\18826\Documents\work_doc_ob\Telpo\scripts\obsidian-claudian-auto\Install-ClaudianToObsidianVaults.ps1
[2026-05-04 04:48:52] [2026-05-04 04:48:52] Plugins already installed/enabled for vault: C:\Users\18826\Documents\work_doc_ob\Telpo; installed=22; enabledTotal=23
[2026-05-04 04:48:52] [2026-05-04 04:48:52] Finished. Plugins=22; processed vaults=1; skipped entries=0.
[2026-05-04 04:48:52] Installer finished.
[2026-05-04 04:53:52] Running installer: C:\Users\18826\Documents\work_doc_ob\Telpo\scripts\obsidian-claudian-auto\Install-ClaudianToObsidianVaults.ps1
[2026-05-04 04:53:53] [2026-05-04 04:53:53] Plugins already installed/enabled for vault: C:\Users\18826\Documents\work_doc_ob\Telpo; installed=22; enabledTotal=23
[2026-05-04 04:53:53] [2026-05-04 04:53:53] Finished. Plugins=22; processed vaults=1; skipped entries=0.
[2026-05-04 04:53:53] Installer finished.
[2026-05-04 04:58:53] Running installer: C:\Users\18826\Documents\work_doc_ob\Telpo\scripts\obsidian-claudian-auto\Install-ClaudianToObsidianVaults.ps1
[2026-05-04 04:58:53] [2026-05-04 04:58:53] Plugins already installed/enabled for vault: C:\Users\18826\Documents\work_doc_ob\Telpo; installed=22; enabledTotal=23
[2026-05-04 04:58:53] [2026-05-04 04:58:53] Finished. Plugins=22; processed vaults=1; skipped entries=0.
[2026-05-04 04:58:53] Installer finished.
[2026-05-04 05:03:53] Running installer: C:\Users\18826\Documents\work_doc_ob\Telpo\scripts\obsidian-claudian-auto\Install-ClaudianToObsidianVaults.ps1
[2026-05-04 05:03:53] [2026-05-04 05:03:53] Plugins already installed/enabled for vault: C:\Users\18826\Documents\work_doc_ob\Telpo; installed=22; enabledTotal=23
[2026-05-04 05:03:53] [2026-05-04 05:03:53] Finished. Plugins=22; processed vaults=1; skipped entries=0.
[2026-05-04 05:03:53] Installer finished.
[2026-05-04 05:08:53] Running installer: C:\Users\18826\Documents\work_doc_ob\Telpo\scripts\obsidian-claudian-auto\Install-ClaudianToObsidianVaults.ps1
[2026-05-04 05:08:54] [2026-05-04 05:08:54] Plugins already installed/enabled for vault: C:\Users\18826\Documents\work_doc_ob\Telpo; installed=22; enabledTotal=23
[2026-05-04 05:08:54] [2026-05-04 05:08:54] Finished. Plugins=22; processed vaults=1; skipped entries=0.
[2026-05-04 05:08:54] Installer finished.
[2026-05-04 05:13:54] Running installer: C:\Users\18826\Documents\work_doc_ob\Telpo\scripts\obsidian-claudian-auto\Install-ClaudianToObsidianVaults.ps1
[2026-05-04 05:13:54] [2026-05-04 05:13:54] Plugins already installed/enabled for vault: C:\Users\18826\Documents\work_doc_ob\Telpo; installed=22; enabledTotal=23
[2026-05-04 05:13:54] [2026-05-04 05:13:54] Finished. Plugins=22; processed vaults=1; skipped entries=0.
[2026-05-04 05:13:54] Installer finished.
[2026-05-04 05:18:54] Running installer: C:\Users\18826\Documents\work_doc_ob\Telpo\scripts\obsidian-claudian-auto\Install-ClaudianToObsidianVaults.ps1
[2026-05-04 05:18:54] [2026-05-04 05:18:54] Plugins already installed/enabled for vault: C:\Users\18826\Documents\work_doc_ob\Telpo; installed=22; enabledTotal=23
[2026-05-04 05:18:54] [2026-05-04 05:18:54] Finished. Plugins=22; processed vaults=1; skipped entries=0.
[2026-05-04 05:18:54] Installer finished.
[2026-05-04 05:23:54] Running installer: C:\Users\18826\Documents\work_doc_ob\Telpo\scripts\obsidian-claudian-auto\Install-ClaudianToObsidianVaults.ps1
[2026-05-04 05:23:55] [2026-05-04 05:23:55] Plugins already installed/enabled for vault: C:\Users\18826\Documents\work_doc_ob\Telpo; installed=22; enabledTotal=23
[2026-05-04 05:23:55] [2026-05-04 05:23:55] Finished. Plugins=22; processed vaults=1; skipped entries=0.
[2026-05-04 05:23:55] Installer finished.
[2026-05-04 05:28:55] Running installer: C:\Users\18826\Documents\work_doc_ob\Telpo\scripts\obsidian-claudian-auto\Install-ClaudianToObsidianVaults.ps1
[2026-05-04 05:28:55] [2026-05-04 05:28:55] Plugins already installed/enabled for vault: C:\Users\18826\Documents\work_doc_ob\Telpo; installed=22; enabledTotal=23
[2026-05-04 05:28:55] [2026-05-04 05:28:55] Finished. Plugins=22; processed vaults=1; skipped entries=0.
[2026-05-04 05:28:55] Installer finished.
[2026-05-04 05:33:55] Running installer: C:\Users\18826\Documents\work_doc_ob\Telpo\scripts\obsidian-claudian-auto\Install-ClaudianToObsidianVaults.ps1
[2026-05-04 05:33:55] [2026-05-04 05:33:55] Plugins already installed/enabled for vault: C:\Users\18826\Documents\work_doc_ob\Telpo; installed=22; enabledTotal=23
[2026-05-04 05:33:55] [2026-05-04 05:33:55] Finished. Plugins=22; processed vaults=1; skipped entries=0.
[2026-05-04 05:33:55] Installer finished.
[2026-05-04 05:38:55] Running installer: C:\Users\18826\Documents\work_doc_ob\Telpo\scripts\obsidian-claudian-auto\Install-ClaudianToObsidianVaults.ps1
[2026-05-04 05:38:55] [2026-05-04 05:38:55] Plugins already installed/enabled for vault: C:\Users\18826\Documents\work_doc_ob\Telpo; installed=22; enabledTotal=23
[2026-05-04 05:38:55] [2026-05-04 05:38:55] Finished. Plugins=22; processed vaults=1; skipped entries=0.
[2026-05-04 05:38:55] Installer finished.
[2026-05-04 05:43:56] Running installer: C:\Users\18826\Documents\work_doc_ob\Telpo\scripts\obsidian-claudian-auto\Install-ClaudianToObsidianVaults.ps1
[2026-05-04 05:43:56] [2026-05-04 05:43:56] Plugins already installed/enabled for vault: C:\Users\18826\Documents\work_doc_ob\Telpo; installed=22; enabledTotal=23
[2026-05-04 05:43:56] [2026-05-04 05:43:56] Finished. Plugins=22; processed vaults=1; skipped entries=0.
[2026-05-04 05:43:56] Installer finished.
[2026-05-04 05:47:56] Obsidian vault registry changed: C:\Users\18826\AppData\Roaming\obsidian\obsidian.json
[2026-05-04 05:47:56] Running installer: C:\Users\18826\Documents\work_doc_ob\Telpo\scripts\obsidian-claudian-auto\Install-ClaudianToObsidianVaults.ps1
[2026-05-04 05:47:56] [2026-05-04 05:47:56] Plugins already installed/enabled for vault: C:\Users\18826\Documents\work_doc_ob\Telpo; installed=22; enabledTotal=23
[2026-05-04 05:47:56] [2026-05-04 05:47:56] Finished. Plugins=22; processed vaults=1; skipped entries=0.
[2026-05-04 05:47:56] Installer finished.
[2026-05-04 05:52:56] Running installer: C:\Users\18826\Documents\work_doc_ob\Telpo\scripts\obsidian-claudian-auto\Install-ClaudianToObsidianVaults.ps1
[2026-05-04 05:52:57] [2026-05-04 05:52:57] Plugins already installed/enabled for vault: C:\Users\18826\Documents\work_doc_ob\Telpo; installed=22; enabledTotal=23
[2026-05-04 05:52:57] [2026-05-04 05:52:57] Finished. Plugins=22; processed vaults=1; skipped entries=0.
[2026-05-04 05:52:57] Installer finished.
[2026-05-04 05:57:57] Running installer: C:\Users\18826\Documents\work_doc_ob\Telpo\scripts\obsidian-claudian-auto\Install-ClaudianToObsidianVaults.ps1
[2026-05-04 05:57:57] [2026-05-04 05:57:57] Plugins already installed/enabled for vault: C:\Users\18826\Documents\work_doc_ob\Telpo; installed=22; enabledTotal=23
[2026-05-04 05:57:57] [2026-05-04 05:57:57] Finished. Plugins=22; processed vaults=1; skipped entries=0.
[2026-05-04 05:57:57] Installer finished.
[2026-05-04 06:02:57] Running installer: C:\Users\18826\Documents\work_doc_ob\Telpo\scripts\obsidian-claudian-auto\Install-ClaudianToObsidianVaults.ps1
[2026-05-04 06:02:57] [2026-05-04 06:02:57] Plugins already installed/enabled for vault: C:\Users\18826\Documents\work_doc_ob\Telpo; installed=22; enabledTotal=23
[2026-05-04 06:02:57] [2026-05-04 06:02:57] Finished. Plugins=22; processed vaults=1; skipped entries=0.
[2026-05-04 06:02:57] Installer finished.
[2026-05-04 06:07:57] Running installer: C:\Users\18826\Documents\work_doc_ob\Telpo\scripts\obsidian-claudian-auto\Install-ClaudianToObsidianVaults.ps1
[2026-05-04 06:07:58] [2026-05-04 06:07:58] Plugins already installed/enabled for vault: C:\Users\18826\Documents\work_doc_ob\Telpo; installed=22; enabledTotal=23
[2026-05-04 06:07:58] [2026-05-04 06:07:58] Finished. Plugins=22; processed vaults=1; skipped entries=0.
[2026-05-04 06:07:58] Installer finished.
[2026-05-04 06:12:58] Running installer: C:\Users\18826\Documents\work_doc_ob\Telpo\scripts\obsidian-claudian-auto\Install-ClaudianToObsidianVaults.ps1
[2026-05-04 06:12:58] [2026-05-04 06:12:58] Plugins already installed/enabled for vault: C:\Users\18826\Documents\work_doc_ob\Telpo; installed=22; enabledTotal=23
[2026-05-04 06:12:58] [2026-05-04 06:12:58] Finished. Plugins=22; processed vaults=1; skipped entries=0.
[2026-05-04 06:12:58] Installer finished.
[2026-05-04 06:17:58] Running installer: C:\Users\18826\Documents\work_doc_ob\Telpo\scripts\obsidian-claudian-auto\Install-ClaudianToObsidianVaults.ps1
[2026-05-04 06:17:58] [2026-05-04 06:17:58] Installed/enabled plugins for vault: C:\Users\18826\Documents\work_doc_ob\Telpo; installed=23; enabledTotal=24
[2026-05-04 06:17:58] [2026-05-04 06:17:58] Finished. Plugins=23; processed vaults=1; skipped entries=0.
[2026-05-04 06:17:58] Installer finished.
[2026-05-04 06:22:58] Running installer: C:\Users\18826\Documents\work_doc_ob\Telpo\scripts\obsidian-claudian-auto\Install-ClaudianToObsidianVaults.ps1
[2026-05-04 06:22:59] [2026-05-04 06:22:59] Plugins already installed/enabled for vault: C:\Users\18826\Documents\work_doc_ob\Telpo; installed=23; enabledTotal=24
[2026-05-04 06:22:59] [2026-05-04 06:22:59] Finished. Plugins=23; processed vaults=1; skipped entries=0.
[2026-05-04 06:22:59] Installer finished.
[2026-05-04 06:27:59] Running installer: C:\Users\18826\Documents\work_doc_ob\Telpo\scripts\obsidian-claudian-auto\Install-ClaudianToObsidianVaults.ps1
[2026-05-04 06:27:59] [2026-05-04 06:27:59] Plugins already installed/enabled for vault: C:\Users\18826\Documents\work_doc_ob\Telpo; installed=23; enabledTotal=24
[2026-05-04 06:27:59] [2026-05-04 06:27:59] Finished. Plugins=23; processed vaults=1; skipped entries=0.
[2026-05-04 06:27:59] Installer finished.
[2026-05-04 06:32:59] Running installer: C:\Users\18826\Documents\work_doc_ob\Telpo\scripts\obsidian-claudian-auto\Install-ClaudianToObsidianVaults.ps1
[2026-05-04 06:32:59] [2026-05-04 06:32:59] Plugins already installed/enabled for vault: C:\Users\18826\Documents\work_doc_ob\Telpo; installed=23; enabledTotal=24
[2026-05-04 06:32:59] [2026-05-04 06:32:59] Finished. Plugins=23; processed vaults=1; skipped entries=0.
[2026-05-04 06:32:59] Installer finished.
[2026-05-04 06:37:59] Running installer: C:\Users\18826\Documents\work_doc_ob\Telpo\scripts\obsidian-claudian-auto\Install-ClaudianToObsidianVaults.ps1
[2026-05-04 06:37:59] [2026-05-04 06:37:59] Plugins already installed/enabled for vault: C:\Users\18826\Documents\work_doc_ob\Telpo; installed=23; enabledTotal=24
[2026-05-04 06:37:59] [2026-05-04 06:37:59] Finished. Plugins=23; processed vaults=1; skipped entries=0.
[2026-05-04 06:37:59] Installer finished.
[2026-05-04 06:43:00] Running installer: C:\Users\18826\Documents\work_doc_ob\Telpo\scripts\obsidian-claudian-auto\Install-ClaudianToObsidianVaults.ps1
[2026-05-04 06:43:00] [2026-05-04 06:43:00] Plugins already installed/enabled for vault: C:\Users\18826\Documents\work_doc_ob\Telpo; installed=23; enabledTotal=24
[2026-05-04 06:43:00] [2026-05-04 06:43:00] Finished. Plugins=23; processed vaults=1; skipped entries=0.
[2026-05-04 06:43:00] Installer finished.
[2026-05-04 06:48:00] Running installer: C:\Users\18826\Documents\work_doc_ob\Telpo\scripts\obsidian-claudian-auto\Install-ClaudianToObsidianVaults.ps1
[2026-05-04 06:48:00] [2026-05-04 06:48:00] Plugins already installed/enabled for vault: C:\Users\18826\Documents\work_doc_ob\Telpo; installed=23; enabledTotal=24
[2026-05-04 06:48:00] [2026-05-04 06:48:00] Finished. Plugins=23; processed vaults=1; skipped entries=0.
[2026-05-04 06:48:00] Installer finished.
[2026-05-04 06:53:00] Running installer: C:\Users\18826\Documents\work_doc_ob\Telpo\scripts\obsidian-claudian-auto\Install-ClaudianToObsidianVaults.ps1
[2026-05-04 06:53:00] [2026-05-04 06:53:00] Plugins already installed/enabled for vault: C:\Users\18826\Documents\work_doc_ob\Telpo; installed=23; enabledTotal=24
[2026-05-04 06:53:00] [2026-05-04 06:53:00] Finished. Plugins=23; processed vaults=1; skipped entries=0.
[2026-05-04 06:53:00] Installer finished.
[2026-05-04 06:58:01] Running installer: C:\Users\18826\Documents\work_doc_ob\Telpo\scripts\obsidian-claudian-auto\Install-ClaudianToObsidianVaults.ps1
[2026-05-04 06:58:01] [2026-05-04 06:58:01] Plugins already installed/enabled for vault: C:\Users\18826\Documents\work_doc_ob\Telpo; installed=23; enabledTotal=24
[2026-05-04 06:58:01] [2026-05-04 06:58:01] Finished. Plugins=23; processed vaults=1; skipped entries=0.
[2026-05-04 06:58:01] Installer finished.
[2026-05-04 07:03:01] Running installer: C:\Users\18826\Documents\work_doc_ob\Telpo\scripts\obsidian-claudian-auto\Install-ClaudianToObsidianVaults.ps1
[2026-05-04 07:03:01] [2026-05-04 07:03:01] Plugins already installed/enabled for vault: C:\Users\18826\Documents\work_doc_ob\Telpo; installed=23; enabledTotal=24
[2026-05-04 07:03:01] [2026-05-04 07:03:01] Finished. Plugins=23; processed vaults=1; skipped entries=0.
[2026-05-04 07:03:01] Installer finished.
[2026-05-04 07:08:01] Running installer: C:\Users\18826\Documents\work_doc_ob\Telpo\scripts\obsidian-claudian-auto\Install-ClaudianToObsidianVaults.ps1
[2026-05-04 07:08:01] [2026-05-04 07:08:01] Plugins already installed/enabled for vault: C:\Users\18826\Documents\work_doc_ob\Telpo; installed=23; enabledTotal=24
[2026-05-04 07:08:01] [2026-05-04 07:08:01] Finished. Plugins=23; processed vaults=1; skipped entries=0.
[2026-05-04 07:08:01] Installer finished.
[2026-05-04 07:13:02] Running installer: C:\Users\18826\Documents\work_doc_ob\Telpo\scripts\obsidian-claudian-auto\Install-ClaudianToObsidianVaults.ps1
[2026-05-04 07:13:02] [2026-05-04 07:13:02] Plugins already installed/enabled for vault: C:\Users\18826\Documents\work_doc_ob\Telpo; installed=23; enabledTotal=24
[2026-05-04 07:13:02] [2026-05-04 07:13:02] Finished. Plugins=23; processed vaults=1; skipped entries=0.
[2026-05-04 07:13:02] Installer finished.
[2026-05-04 07:18:02] Running installer: C:\Users\18826\Documents\work_doc_ob\Telpo\scripts\obsidian-claudian-auto\Install-ClaudianToObsidianVaults.ps1
[2026-05-04 07:18:02] [2026-05-04 07:18:02] Plugins already installed/enabled for vault: C:\Users\18826\Documents\work_doc_ob\Telpo; installed=23; enabledTotal=24
[2026-05-04 07:18:02] [2026-05-04 07:18:02] Finished. Plugins=23; processed vaults=1; skipped entries=0.
[2026-05-04 07:18:02] Installer finished.
[2026-05-04 07:23:02] Running installer: C:\Users\18826\Documents\work_doc_ob\Telpo\scripts\obsidian-claudian-auto\Install-ClaudianToObsidianVaults.ps1
[2026-05-04 07:23:03] [2026-05-04 07:23:03] Plugins already installed/enabled for vault: C:\Users\18826\Documents\work_doc_ob\Telpo; installed=23; enabledTotal=24
[2026-05-04 07:23:03] [2026-05-04 07:23:03] Finished. Plugins=23; processed vaults=1; skipped entries=0.
[2026-05-04 07:23:03] Installer finished.
[2026-05-04 07:28:03] Running installer: C:\Users\18826\Documents\work_doc_ob\Telpo\scripts\obsidian-claudian-auto\Install-ClaudianToObsidianVaults.ps1
[2026-05-04 07:28:03] [2026-05-04 07:28:03] Plugins already installed/enabled for vault: C:\Users\18826\Documents\work_doc_ob\Telpo; installed=23; enabledTotal=24
[2026-05-04 07:28:03] [2026-05-04 07:28:03] Finished. Plugins=23; processed vaults=1; skipped entries=0.
[2026-05-04 07:28:03] Installer finished.
[2026-05-04 07:33:03] Running installer: C:\Users\18826\Documents\work_doc_ob\Telpo\scripts\obsidian-claudian-auto\Install-ClaudianToObsidianVaults.ps1
[2026-05-04 07:33:03] [2026-05-04 07:33:03] Plugins already installed/enabled for vault: C:\Users\18826\Documents\work_doc_ob\Telpo; installed=23; enabledTotal=24
[2026-05-04 07:33:03] [2026-05-04 07:33:03] Finished. Plugins=23; processed vaults=1; skipped entries=0.
[2026-05-04 07:33:03] Installer finished.
[2026-05-04 07:38:03] Running installer: C:\Users\18826\Documents\work_doc_ob\Telpo\scripts\obsidian-claudian-auto\Install-ClaudianToObsidianVaults.ps1
[2026-05-04 07:38:04] [2026-05-04 07:38:03] Plugins already installed/enabled for vault: C:\Users\18826\Documents\work_doc_ob\Telpo; installed=23; enabledTotal=24
[2026-05-04 07:38:04] [2026-05-04 07:38:03] Finished. Plugins=23; processed vaults=1; skipped entries=0.
[2026-05-04 07:38:04] Installer finished.
[2026-05-04 07:43:04] Running installer: C:\Users\18826\Documents\work_doc_ob\Telpo\scripts\obsidian-claudian-auto\Install-ClaudianToObsidianVaults.ps1
[2026-05-04 07:43:04] [2026-05-04 07:43:04] Plugins already installed/enabled for vault: C:\Users\18826\Documents\work_doc_ob\Telpo; installed=23; enabledTotal=24
[2026-05-04 07:43:04] [2026-05-04 07:43:04] Finished. Plugins=23; processed vaults=1; skipped entries=0.
[2026-05-04 07:43:04] Installer finished.
[2026-05-04 07:48:04] Running installer: C:\Users\18826\Documents\work_doc_ob\Telpo\scripts\obsidian-claudian-auto\Install-ClaudianToObsidianVaults.ps1
[2026-05-04 07:48:04] [2026-05-04 07:48:04] Plugins already installed/enabled for vault: C:\Users\18826\Documents\work_doc_ob\Telpo; installed=23; enabledTotal=24
[2026-05-04 07:48:04] [2026-05-04 07:48:04] Finished. Plugins=23; processed vaults=1; skipped entries=0.
[2026-05-04 07:48:04] Installer finished.
[2026-05-04 07:53:04] Running installer: C:\Users\18826\Documents\work_doc_ob\Telpo\scripts\obsidian-claudian-auto\Install-ClaudianToObsidianVaults.ps1
[2026-05-04 07:53:04] [2026-05-04 07:53:04] Plugins already installed/enabled for vault: C:\Users\18826\Documents\work_doc_ob\Telpo; installed=23; enabledTotal=24
[2026-05-04 07:53:04] [2026-05-04 07:53:04] Finished. Plugins=23; processed vaults=1; skipped entries=0.
[2026-05-04 07:53:04] Installer finished.
[2026-05-04 07:58:05] Running installer: C:\Users\18826\Documents\work_doc_ob\Telpo\scripts\obsidian-claudian-auto\Install-ClaudianToObsidianVaults.ps1
[2026-05-04 07:58:05] [2026-05-04 07:58:05] Plugins already installed/enabled for vault: C:\Users\18826\Documents\work_doc_ob\Telpo; installed=23; enabledTotal=24
[2026-05-04 07:58:05] [2026-05-04 07:58:05] Finished. Plugins=23; processed vaults=1; skipped entries=0.
[2026-05-04 07:58:05] Installer finished.
[2026-05-04 08:03:05] Running installer: C:\Users\18826\Documents\work_doc_ob\Telpo\scripts\obsidian-claudian-auto\Install-ClaudianToObsidianVaults.ps1
[2026-05-04 08:03:05] [2026-05-04 08:03:05] Plugins already installed/enabled for vault: C:\Users\18826\Documents\work_doc_ob\Telpo; installed=23; enabledTotal=24
[2026-05-04 08:03:05] [2026-05-04 08:03:05] Finished. Plugins=23; processed vaults=1; skipped entries=0.
[2026-05-04 08:03:05] Installer finished.
[2026-05-04 08:08:05] Running installer: C:\Users\18826\Documents\work_doc_ob\Telpo\scripts\obsidian-claudian-auto\Install-ClaudianToObsidianVaults.ps1
[2026-05-04 08:08:05] [2026-05-04 08:08:05] Plugins already installed/enabled for vault: C:\Users\18826\Documents\work_doc_ob\Telpo; installed=23; enabledTotal=24
[2026-05-04 08:08:05] [2026-05-04 08:08:05] Finished. Plugins=23; processed vaults=1; skipped entries=0.
[2026-05-04 08:08:05] Installer finished.
[2026-05-04 08:13:06] Running installer: C:\Users\18826\Documents\work_doc_ob\Telpo\scripts\obsidian-claudian-auto\Install-ClaudianToObsidianVaults.ps1
[2026-05-04 08:13:06] [2026-05-04 08:13:06] Plugins already installed/enabled for vault: C:\Users\18826\Documents\work_doc_ob\Telpo; installed=23; enabledTotal=24
[2026-05-04 08:13:06] [2026-05-04 08:13:06] Finished. Plugins=23; processed vaults=1; skipped entries=0.
[2026-05-04 08:13:06] Installer finished.
[2026-05-04 08:18:06] Running installer: C:\Users\18826\Documents\work_doc_ob\Telpo\scripts\obsidian-claudian-auto\Install-ClaudianToObsidianVaults.ps1
[2026-05-04 08:18:06] [2026-05-04 08:18:06] Plugins already installed/enabled for vault: C:\Users\18826\Documents\work_doc_ob\Telpo; installed=23; enabledTotal=24
[2026-05-04 08:18:06] [2026-05-04 08:18:06] Finished. Plugins=23; processed vaults=1; skipped entries=0.
[2026-05-04 08:18:06] Installer finished.
[2026-05-04 08:23:06] Running installer: C:\Users\18826\Documents\work_doc_ob\Telpo\scripts\obsidian-claudian-auto\Install-ClaudianToObsidianVaults.ps1
[2026-05-04 08:23:06] [2026-05-04 08:23:06] Plugins already installed/enabled for vault: C:\Users\18826\Documents\work_doc_ob\Telpo; installed=23; enabledTotal=24
[2026-05-04 08:23:06] [2026-05-04 08:23:06] Finished. Plugins=23; processed vaults=1; skipped entries=0.
[2026-05-04 08:23:06] Installer finished.
[2026-05-04 08:28:07] Running installer: C:\Users\18826\Documents\work_doc_ob\Telpo\scripts\obsidian-claudian-auto\Install-ClaudianToObsidianVaults.ps1
[2026-05-04 08:28:07] [2026-05-04 08:28:07] Plugins already installed/enabled for vault: C:\Users\18826\Documents\work_doc_ob\Telpo; installed=23; enabledTotal=24
[2026-05-04 08:28:07] [2026-05-04 08:28:07] Finished. Plugins=23; processed vaults=1; skipped entries=0.
[2026-05-04 08:28:07] Installer finished.
[2026-05-04 08:33:07] Running installer: C:\Users\18826\Documents\work_doc_ob\Telpo\scripts\obsidian-claudian-auto\Install-ClaudianToObsidianVaults.ps1
[2026-05-04 08:33:07] [2026-05-04 08:33:07] Plugins already installed/enabled for vault: C:\Users\18826\Documents\work_doc_ob\Telpo; installed=23; enabledTotal=24
[2026-05-04 08:33:07] [2026-05-04 08:33:07] Finished. Plugins=23; processed vaults=1; skipped entries=0.
[2026-05-04 08:33:07] Installer finished.
[2026-05-04 08:38:07] Running installer: C:\Users\18826\Documents\work_doc_ob\Telpo\scripts\obsidian-claudian-auto\Install-ClaudianToObsidianVaults.ps1
[2026-05-04 08:38:07] [2026-05-04 08:38:07] Plugins already installed/enabled for vault: C:\Users\18826\Documents\work_doc_ob\Telpo; installed=23; enabledTotal=24
[2026-05-04 08:38:07] [2026-05-04 08:38:07] Finished. Plugins=23; processed vaults=1; skipped entries=0.
[2026-05-04 08:38:07] Installer finished.
[2026-05-04 08:43:07] Running installer: C:\Users\18826\Documents\work_doc_ob\Telpo\scripts\obsidian-claudian-auto\Install-ClaudianToObsidianVaults.ps1
[2026-05-04 08:43:08] [2026-05-04 08:43:08] Plugins already installed/enabled for vault: C:\Users\18826\Documents\work_doc_ob\Telpo; installed=23; enabledTotal=24
[2026-05-04 08:43:08] [2026-05-04 08:43:08] Finished. Plugins=23; processed vaults=1; skipped entries=0.
[2026-05-04 08:43:08] Installer finished.
[2026-05-04 08:48:08] Running installer: C:\Users\18826\Documents\work_doc_ob\Telpo\scripts\obsidian-claudian-auto\Install-ClaudianToObsidianVaults.ps1
[2026-05-04 08:48:08] [2026-05-04 08:48:08] Plugins already installed/enabled for vault: C:\Users\18826\Documents\work_doc_ob\Telpo; installed=23; enabledTotal=24
[2026-05-04 08:48:08] [2026-05-04 08:48:08] Finished. Plugins=23; processed vaults=1; skipped entries=0.
[2026-05-04 08:48:08] Installer finished.
[2026-05-04 08:53:08] Running installer: C:\Users\18826\Documents\work_doc_ob\Telpo\scripts\obsidian-claudian-auto\Install-ClaudianToObsidianVaults.ps1
[2026-05-04 08:53:08] [2026-05-04 08:53:08] Plugins already installed/enabled for vault: C:\Users\18826\Documents\work_doc_ob\Telpo; installed=23; enabledTotal=24
[2026-05-04 08:53:08] [2026-05-04 08:53:08] Finished. Plugins=23; processed vaults=1; skipped entries=0.
[2026-05-04 08:53:08] Installer finished.
[2026-05-04 08:58:08] Running installer: C:\Users\18826\Documents\work_doc_ob\Telpo\scripts\obsidian-claudian-auto\Install-ClaudianToObsidianVaults.ps1
[2026-05-04 08:58:09] [2026-05-04 08:58:09] Plugins already installed/enabled for vault: C:\Users\18826\Documents\work_doc_ob\Telpo; installed=23; enabledTotal=24
[2026-05-04 08:58:09] [2026-05-04 08:58:09] Finished. Plugins=23; processed vaults=1; skipped entries=0.
[2026-05-04 08:58:09] Installer finished.
[2026-05-04 09:03:09] Running installer: C:\Users\18826\Documents\work_doc_ob\Telpo\scripts\obsidian-claudian-auto\Install-ClaudianToObsidianVaults.ps1
[2026-05-04 09:03:09] [2026-05-04 09:03:09] Plugins already installed/enabled for vault: C:\Users\18826\Documents\work_doc_ob\Telpo; installed=23; enabledTotal=24
[2026-05-04 09:03:09] [2026-05-04 09:03:09] Finished. Plugins=23; processed vaults=1; skipped entries=0.
[2026-05-04 09:03:09] Installer finished.
[2026-05-04 09:08:09] Running installer: C:\Users\18826\Documents\work_doc_ob\Telpo\scripts\obsidian-claudian-auto\Install-ClaudianToObsidianVaults.ps1
[2026-05-04 09:08:09] [2026-05-04 09:08:09] Plugins already installed/enabled for vault: C:\Users\18826\Documents\work_doc_ob\Telpo; installed=23; enabledTotal=24
[2026-05-04 09:08:09] [2026-05-04 09:08:09] Finished. Plugins=23; processed vaults=1; skipped entries=0.
[2026-05-04 09:08:09] Installer finished.
[2026-05-04 09:13:09] Running installer: C:\Users\18826\Documents\work_doc_ob\Telpo\scripts\obsidian-claudian-auto\Install-ClaudianToObsidianVaults.ps1
[2026-05-04 09:13:10] [2026-05-04 09:13:10] Plugins already installed/enabled for vault: C:\Users\18826\Documents\work_doc_ob\Telpo; installed=23; enabledTotal=24
[2026-05-04 09:13:10] [2026-05-04 09:13:10] Finished. Plugins=23; processed vaults=1; skipped entries=0.
[2026-05-04 09:13:10] Installer finished.
[2026-05-04 09:18:10] Running installer: C:\Users\18826\Documents\work_doc_ob\Telpo\scripts\obsidian-claudian-auto\Install-ClaudianToObsidianVaults.ps1
[2026-05-04 09:18:10] [2026-05-04 09:18:10] Plugins already installed/enabled for vault: C:\Users\18826\Documents\work_doc_ob\Telpo; installed=23; enabledTotal=24
[2026-05-04 09:18:10] [2026-05-04 09:18:10] Finished. Plugins=23; processed vaults=1; skipped entries=0.
[2026-05-04 09:18:10] Installer finished.
[2026-05-04 09:23:10] Running installer: C:\Users\18826\Documents\work_doc_ob\Telpo\scripts\obsidian-claudian-auto\Install-ClaudianToObsidianVaults.ps1
[2026-05-04 09:23:10] [2026-05-04 09:23:10] Plugins already installed/enabled for vault: C:\Users\18826\Documents\work_doc_ob\Telpo; installed=23; enabledTotal=24
[2026-05-04 09:23:10] [2026-05-04 09:23:10] Finished. Plugins=23; processed vaults=1; skipped entries=0.
[2026-05-04 09:23:10] Installer finished.
[2026-05-04 09:28:10] Running installer: C:\Users\18826\Documents\work_doc_ob\Telpo\scripts\obsidian-claudian-auto\Install-ClaudianToObsidianVaults.ps1
[2026-05-04 09:28:11] [2026-05-04 09:28:11] Plugins already installed/enabled for vault: C:\Users\18826\Documents\work_doc_ob\Telpo; installed=23; enabledTotal=24
[2026-05-04 09:28:11] [2026-05-04 09:28:11] Finished. Plugins=23; processed vaults=1; skipped entries=0.
[2026-05-04 09:28:11] Installer finished.
[2026-05-04 09:33:11] Running installer: C:\Users\18826\Documents\work_doc_ob\Telpo\scripts\obsidian-claudian-auto\Install-ClaudianToObsidianVaults.ps1
[2026-05-04 09:33:11] [2026-05-04 09:33:11] Plugins already installed/enabled for vault: C:\Users\18826\Documents\work_doc_ob\Telpo; installed=23; enabledTotal=24
[2026-05-04 09:33:11] [2026-05-04 09:33:11] Finished. Plugins=23; processed vaults=1; skipped entries=0.
[2026-05-04 09:33:11] Installer finished.
[2026-05-04 09:38:13] Running installer: C:\Users\18826\Documents\work_doc_ob\Telpo\scripts\obsidian-claudian-auto\Install-ClaudianToObsidianVaults.ps1
[2026-05-04 09:38:13] [2026-05-04 09:38:13] Plugins already installed/enabled for vault: C:\Users\18826\Documents\work_doc_ob\Telpo; installed=23; enabledTotal=24
[2026-05-04 09:38:13] [2026-05-04 09:38:13] Finished. Plugins=23; processed vaults=1; skipped entries=0.
[2026-05-04 09:38:13] Installer finished.
[2026-05-04 09:43:13] Running installer: C:\Users\18826\Documents\work_doc_ob\Telpo\scripts\obsidian-claudian-auto\Install-ClaudianToObsidianVaults.ps1
[2026-05-04 09:43:14] [2026-05-04 09:43:14] Plugins already installed/enabled for vault: C:\Users\18826\Documents\work_doc_ob\Telpo; installed=23; enabledTotal=24
[2026-05-04 09:43:14] [2026-05-04 09:43:14] Finished. Plugins=23; processed vaults=1; skipped entries=0.
[2026-05-04 09:43:14] Installer finished.
[2026-05-04 09:48:14] Running installer: C:\Users\18826\Documents\work_doc_ob\Telpo\scripts\obsidian-claudian-auto\Install-ClaudianToObsidianVaults.ps1
[2026-05-04 09:48:14] [2026-05-04 09:48:14] Plugins already installed/enabled for vault: C:\Users\18826\Documents\work_doc_ob\Telpo; installed=23; enabledTotal=24
[2026-05-04 09:48:14] [2026-05-04 09:48:14] Finished. Plugins=23; processed vaults=1; skipped entries=0.
[2026-05-04 09:48:14] Installer finished.
[2026-05-04 09:53:14] Running installer: C:\Users\18826\Documents\work_doc_ob\Telpo\scripts\obsidian-claudian-auto\Install-ClaudianToObsidianVaults.ps1
[2026-05-04 09:53:14] [2026-05-04 09:53:14] Plugins already installed/enabled for vault: C:\Users\18826\Documents\work_doc_ob\Telpo; installed=23; enabledTotal=24
[2026-05-04 09:53:14] [2026-05-04 09:53:14] Finished. Plugins=23; processed vaults=1; skipped entries=0.
[2026-05-04 09:53:14] Installer finished.
[2026-05-04 09:58:14] Running installer: C:\Users\18826\Documents\work_doc_ob\Telpo\scripts\obsidian-claudian-auto\Install-ClaudianToObsidianVaults.ps1
[2026-05-04 09:58:15] [2026-05-04 09:58:15] Plugins already installed/enabled for vault: C:\Users\18826\Documents\work_doc_ob\Telpo; installed=23; enabledTotal=24
[2026-05-04 09:58:15] [2026-05-04 09:58:15] Finished. Plugins=23; processed vaults=1; skipped entries=0.
[2026-05-04 09:58:15] Installer finished.
[2026-05-04 10:03:15] Running installer: C:\Users\18826\Documents\work_doc_ob\Telpo\scripts\obsidian-claudian-auto\Install-ClaudianToObsidianVaults.ps1
[2026-05-04 10:03:15] [2026-05-04 10:03:15] Plugins already installed/enabled for vault: C:\Users\18826\Documents\work_doc_ob\Telpo; installed=23; enabledTotal=24
[2026-05-04 10:03:15] [2026-05-04 10:03:15] Finished. Plugins=23; processed vaults=1; skipped entries=0.
[2026-05-04 10:03:15] Installer finished.
[2026-05-04 10:08:15] Running installer: C:\Users\18826\Documents\work_doc_ob\Telpo\scripts\obsidian-claudian-auto\Install-ClaudianToObsidianVaults.ps1
[2026-05-04 10:08:15] [2026-05-04 10:08:15] Plugins already installed/enabled for vault: C:\Users\18826\Documents\work_doc_ob\Telpo; installed=23; enabledTotal=24
[2026-05-04 10:08:15] [2026-05-04 10:08:15] Finished. Plugins=23; processed vaults=1; skipped entries=0.
[2026-05-04 10:08:15] Installer finished.
[2026-05-04 10:13:15] Running installer: C:\Users\18826\Documents\work_doc_ob\Telpo\scripts\obsidian-claudian-auto\Install-ClaudianToObsidianVaults.ps1
[2026-05-04 10:13:15] [2026-05-04 10:13:15] Plugins already installed/enabled for vault: C:\Users\18826\Documents\work_doc_ob\Telpo; installed=23; enabledTotal=24
[2026-05-04 10:13:15] [2026-05-04 10:13:15] Finished. Plugins=23; processed vaults=1; skipped entries=0.
[2026-05-04 10:13:15] Installer finished.
[2026-05-04 10:18:16] Running installer: C:\Users\18826\Documents\work_doc_ob\Telpo\scripts\obsidian-claudian-auto\Install-ClaudianToObsidianVaults.ps1
[2026-05-04 10:18:16] [2026-05-04 10:18:16] Plugins already installed/enabled for vault: C:\Users\18826\Documents\work_doc_ob\Telpo; installed=23; enabledTotal=24
[2026-05-04 10:18:16] [2026-05-04 10:18:16] Finished. Plugins=23; processed vaults=1; skipped entries=0.
[2026-05-04 10:18:16] Installer finished.
[2026-05-04 10:23:16] Running installer: C:\Users\18826\Documents\work_doc_ob\Telpo\scripts\obsidian-claudian-auto\Install-ClaudianToObsidianVaults.ps1
[2026-05-04 10:23:16] [2026-05-04 10:23:16] Plugins already installed/enabled for vault: C:\Users\18826\Documents\work_doc_ob\Telpo; installed=23; enabledTotal=24
[2026-05-04 10:23:16] [2026-05-04 10:23:16] Finished. Plugins=23; processed vaults=1; skipped entries=0.
[2026-05-04 10:23:16] Installer finished.
[2026-05-04 10:28:16] Running installer: C:\Users\18826\Documents\work_doc_ob\Telpo\scripts\obsidian-claudian-auto\Install-ClaudianToObsidianVaults.ps1
[2026-05-04 10:28:16] [2026-05-04 10:28:16] Plugins already installed/enabled for vault: C:\Users\18826\Documents\work_doc_ob\Telpo; installed=23; enabledTotal=24
[2026-05-04 10:28:16] [2026-05-04 10:28:16] Finished. Plugins=23; processed vaults=1; skipped entries=0.
[2026-05-04 10:28:16] Installer finished.
[2026-05-04 10:33:16] Running installer: C:\Users\18826\Documents\work_doc_ob\Telpo\scripts\obsidian-claudian-auto\Install-ClaudianToObsidianVaults.ps1
[2026-05-04 10:33:17] [2026-05-04 10:33:17] Plugins already installed/enabled for vault: C:\Users\18826\Documents\work_doc_ob\Telpo; installed=23; enabledTotal=24
[2026-05-04 10:33:17] [2026-05-04 10:33:17] Finished. Plugins=23; processed vaults=1; skipped entries=0.
[2026-05-04 10:33:17] Installer finished.
[2026-05-04 10:38:17] Running installer: C:\Users\18826\Documents\work_doc_ob\Telpo\scripts\obsidian-claudian-auto\Install-ClaudianToObsidianVaults.ps1
[2026-05-04 10:38:17] [2026-05-04 10:38:17] Plugins already installed/enabled for vault: C:\Users\18826\Documents\work_doc_ob\Telpo; installed=23; enabledTotal=24
[2026-05-04 10:38:17] [2026-05-04 10:38:17] Finished. Plugins=23; processed vaults=1; skipped entries=0.
[2026-05-04 10:38:17] Installer finished.
[2026-05-04 10:43:17] Running installer: C:\Users\18826\Documents\work_doc_ob\Telpo\scripts\obsidian-claudian-auto\Install-ClaudianToObsidianVaults.ps1
[2026-05-04 10:43:17] [2026-05-04 10:43:17] Plugins already installed/enabled for vault: C:\Users\18826\Documents\work_doc_ob\Telpo; installed=23; enabledTotal=24
[2026-05-04 10:43:17] [2026-05-04 10:43:17] Finished. Plugins=23; processed vaults=1; skipped entries=0.
[2026-05-04 10:43:17] Installer finished.
[2026-05-04 10:48:17] Running installer: C:\Users\18826\Documents\work_doc_ob\Telpo\scripts\obsidian-claudian-auto\Install-ClaudianToObsidianVaults.ps1
[2026-05-04 10:48:18] [2026-05-04 10:48:18] Plugins already installed/enabled for vault: C:\Users\18826\Documents\work_doc_ob\Telpo; installed=23; enabledTotal=24
[2026-05-04 10:48:18] [2026-05-04 10:48:18] Finished. Plugins=23; processed vaults=1; skipped entries=0.
[2026-05-04 10:48:18] Installer finished.
[2026-05-04 10:53:18] Running installer: C:\Users\18826\Documents\work_doc_ob\Telpo\scripts\obsidian-claudian-auto\Install-ClaudianToObsidianVaults.ps1
[2026-05-04 10:53:18] [2026-05-04 10:53:18] Plugins already installed/enabled for vault: C:\Users\18826\Documents\work_doc_ob\Telpo; installed=23; enabledTotal=24
[2026-05-04 10:53:18] [2026-05-04 10:53:18] Finished. Plugins=23; processed vaults=1; skipped entries=0.
[2026-05-04 10:53:18] Installer finished.
[2026-05-04 10:58:18] Running installer: C:\Users\18826\Documents\work_doc_ob\Telpo\scripts\obsidian-claudian-auto\Install-ClaudianToObsidianVaults.ps1
[2026-05-04 10:58:18] [2026-05-04 10:58:18] Plugins already installed/enabled for vault: C:\Users\18826\Documents\work_doc_ob\Telpo; installed=23; enabledTotal=24
[2026-05-04 10:58:18] [2026-05-04 10:58:18] Finished. Plugins=23; processed vaults=1; skipped entries=0.
[2026-05-04 10:58:18] Installer finished.
[2026-05-04 11:03:19] Running installer: C:\Users\18826\Documents\work_doc_ob\Telpo\scripts\obsidian-claudian-auto\Install-ClaudianToObsidianVaults.ps1
[2026-05-04 11:03:19] [2026-05-04 11:03:19] Plugins already installed/enabled for vault: C:\Users\18826\Documents\work_doc_ob\Telpo; installed=23; enabledTotal=24
[2026-05-04 11:03:19] [2026-05-04 11:03:19] Finished. Plugins=23; processed vaults=1; skipped entries=0.
[2026-05-04 11:03:19] Installer finished.
[2026-05-04 11:08:19] Running installer: C:\Users\18826\Documents\work_doc_ob\Telpo\scripts\obsidian-claudian-auto\Install-ClaudianToObsidianVaults.ps1
[2026-05-04 11:08:19] [2026-05-04 11:08:19] Plugins already installed/enabled for vault: C:\Users\18826\Documents\work_doc_ob\Telpo; installed=23; enabledTotal=24
[2026-05-04 11:08:19] [2026-05-04 11:08:19] Finished. Plugins=23; processed vaults=1; skipped entries=0.
[2026-05-04 11:08:19] Installer finished.
[2026-05-04 11:13:19] Running installer: C:\Users\18826\Documents\work_doc_ob\Telpo\scripts\obsidian-claudian-auto\Install-ClaudianToObsidianVaults.ps1
[2026-05-04 11:13:19] [2026-05-04 11:13:19] Plugins already installed/enabled for vault: C:\Users\18826\Documents\work_doc_ob\Telpo; installed=23; enabledTotal=24
[2026-05-04 11:13:19] [2026-05-04 11:13:19] Finished. Plugins=23; processed vaults=1; skipped entries=0.
[2026-05-04 11:13:19] Installer finished.
[2026-05-04 11:18:20] Running installer: C:\Users\18826\Documents\work_doc_ob\Telpo\scripts\obsidian-claudian-auto\Install-ClaudianToObsidianVaults.ps1
[2026-05-04 11:18:20] [2026-05-04 11:18:20] Plugins already installed/enabled for vault: C:\Users\18826\Documents\work_doc_ob\Telpo; installed=23; enabledTotal=24
[2026-05-04 11:18:20] [2026-05-04 11:18:20] Finished. Plugins=23; processed vaults=1; skipped entries=0.
[2026-05-04 11:18:20] Installer finished.
[2026-05-04 11:23:20] Running installer: C:\Users\18826\Documents\work_doc_ob\Telpo\scripts\obsidian-claudian-auto\Install-ClaudianToObsidianVaults.ps1
[2026-05-04 11:23:20] [2026-05-04 11:23:20] Plugins already installed/enabled for vault: C:\Users\18826\Documents\work_doc_ob\Telpo; installed=23; enabledTotal=24
[2026-05-04 11:23:20] [2026-05-04 11:23:20] Finished. Plugins=23; processed vaults=1; skipped entries=0.
[2026-05-04 11:23:20] Installer finished.
[2026-05-04 11:28:20] Running installer: C:\Users\18826\Documents\work_doc_ob\Telpo\scripts\obsidian-claudian-auto\Install-ClaudianToObsidianVaults.ps1
[2026-05-04 11:28:20] [2026-05-04 11:28:20] Plugins already installed/enabled for vault: C:\Users\18826\Documents\work_doc_ob\Telpo; installed=23; enabledTotal=24
[2026-05-04 11:28:20] [2026-05-04 11:28:20] Finished. Plugins=23; processed vaults=1; skipped entries=0.
[2026-05-04 11:28:20] Installer finished.
[2026-05-04 11:33:20] Running installer: C:\Users\18826\Documents\work_doc_ob\Telpo\scripts\obsidian-claudian-auto\Install-ClaudianToObsidianVaults.ps1
[2026-05-04 11:33:21] [2026-05-04 11:33:21] Plugins already installed/enabled for vault: C:\Users\18826\Documents\work_doc_ob\Telpo; installed=23; enabledTotal=24
[2026-05-04 11:33:21] [2026-05-04 11:33:21] Finished. Plugins=23; processed vaults=1; skipped entries=0.
[2026-05-04 11:33:21] Installer finished.
[2026-05-04 11:38:21] Running installer: C:\Users\18826\Documents\work_doc_ob\Telpo\scripts\obsidian-claudian-auto\Install-ClaudianToObsidianVaults.ps1
[2026-05-04 11:38:21] [2026-05-04 11:38:21] Plugins already installed/enabled for vault: C:\Users\18826\Documents\work_doc_ob\Telpo; installed=23; enabledTotal=24
[2026-05-04 11:38:21] [2026-05-04 11:38:21] Finished. Plugins=23; processed vaults=1; skipped entries=0.
[2026-05-04 11:38:21] Installer finished.
[2026-05-04 11:43:21] Running installer: C:\Users\18826\Documents\work_doc_ob\Telpo\scripts\obsidian-claudian-auto\Install-ClaudianToObsidianVaults.ps1
[2026-05-04 11:43:21] [2026-05-04 11:43:21] Plugins already installed/enabled for vault: C:\Users\18826\Documents\work_doc_ob\Telpo; installed=23; enabledTotal=24
[2026-05-04 11:43:21] [2026-05-04 11:43:21] Finished. Plugins=23; processed vaults=1; skipped entries=0.
[2026-05-04 11:43:21] Installer finished.
[2026-05-04 11:48:21] Running installer: C:\Users\18826\Documents\work_doc_ob\Telpo\scripts\obsidian-claudian-auto\Install-ClaudianToObsidianVaults.ps1
[2026-05-04 11:48:22] [2026-05-04 11:48:22] Plugins already installed/enabled for vault: C:\Users\18826\Documents\work_doc_ob\Telpo; installed=23; enabledTotal=24
[2026-05-04 11:48:22] [2026-05-04 11:48:22] Finished. Plugins=23; processed vaults=1; skipped entries=0.
[2026-05-04 11:48:22] Installer finished.
[2026-05-04 11:53:22] Running installer: C:\Users\18826\Documents\work_doc_ob\Telpo\scripts\obsidian-claudian-auto\Install-ClaudianToObsidianVaults.ps1
[2026-05-04 11:53:22] [2026-05-04 11:53:22] Plugins already installed/enabled for vault: C:\Users\18826\Documents\work_doc_ob\Telpo; installed=23; enabledTotal=24
[2026-05-04 11:53:22] [2026-05-04 11:53:22] Finished. Plugins=23; processed vaults=1; skipped entries=0.
[2026-05-04 11:53:22] Installer finished.
[2026-05-04 11:58:22] Running installer: C:\Users\18826\Documents\work_doc_ob\Telpo\scripts\obsidian-claudian-auto\Install-ClaudianToObsidianVaults.ps1
[2026-05-04 11:58:22] [2026-05-04 11:58:22] Plugins already installed/enabled for vault: C:\Users\18826\Documents\work_doc_ob\Telpo; installed=23; enabledTotal=24
[2026-05-04 11:58:22] [2026-05-04 11:58:22] Finished. Plugins=23; processed vaults=1; skipped entries=0.
[2026-05-04 11:58:22] Installer finished.
[2026-05-04 12:03:22] Running installer: C:\Users\18826\Documents\work_doc_ob\Telpo\scripts\obsidian-claudian-auto\Install-ClaudianToObsidianVaults.ps1
[2026-05-04 12:03:23] [2026-05-04 12:03:23] Plugins already installed/enabled for vault: C:\Users\18826\Documents\work_doc_ob\Telpo; installed=23; enabledTotal=24
[2026-05-04 12:03:23] [2026-05-04 12:03:23] Finished. Plugins=23; processed vaults=1; skipped entries=0.
[2026-05-04 12:03:23] Installer finished.
[2026-05-04 12:08:23] Running installer: C:\Users\18826\Documents\work_doc_ob\Telpo\scripts\obsidian-claudian-auto\Install-ClaudianToObsidianVaults.ps1
[2026-05-04 12:08:23] [2026-05-04 12:08:23] Plugins already installed/enabled for vault: C:\Users\18826\Documents\work_doc_ob\Telpo; installed=23; enabledTotal=24
[2026-05-04 12:08:23] [2026-05-04 12:08:23] Finished. Plugins=23; processed vaults=1; skipped entries=0.
[2026-05-04 12:08:23] Installer finished.
[2026-05-04 12:13:23] Running installer: C:\Users\18826\Documents\work_doc_ob\Telpo\scripts\obsidian-claudian-auto\Install-ClaudianToObsidianVaults.ps1
[2026-05-04 12:13:23] [2026-05-04 12:13:23] Plugins already installed/enabled for vault: C:\Users\18826\Documents\work_doc_ob\Telpo; installed=23; enabledTotal=24
[2026-05-04 12:13:23] [2026-05-04 12:13:23] Finished. Plugins=23; processed vaults=1; skipped entries=0.
[2026-05-04 12:13:23] Installer finished.
[2026-05-04 12:18:23] Running installer: C:\Users\18826\Documents\work_doc_ob\Telpo\scripts\obsidian-claudian-auto\Install-ClaudianToObsidianVaults.ps1
[2026-05-04 12:18:24] [2026-05-04 12:18:24] Plugins already installed/enabled for vault: C:\Users\18826\Documents\work_doc_ob\Telpo; installed=23; enabledTotal=24
[2026-05-04 12:18:24] [2026-05-04 12:18:24] Finished. Plugins=23; processed vaults=1; skipped entries=0.
[2026-05-04 12:18:24] Installer finished.
[2026-05-04 12:23:24] Running installer: C:\Users\18826\Documents\work_doc_ob\Telpo\scripts\obsidian-claudian-auto\Install-ClaudianToObsidianVaults.ps1
[2026-05-04 12:23:24] [2026-05-04 12:23:24] Plugins already installed/enabled for vault: C:\Users\18826\Documents\work_doc_ob\Telpo; installed=23; enabledTotal=24
[2026-05-04 12:23:24] [2026-05-04 12:23:24] Finished. Plugins=23; processed vaults=1; skipped entries=0.
[2026-05-04 12:23:24] Installer finished.
[2026-05-04 12:28:24] Running installer: C:\Users\18826\Documents\work_doc_ob\Telpo\scripts\obsidian-claudian-auto\Install-ClaudianToObsidianVaults.ps1
[2026-05-04 12:28:24] [2026-05-04 12:28:24] Plugins already installed/enabled for vault: C:\Users\18826\Documents\work_doc_ob\Telpo; installed=23; enabledTotal=24
[2026-05-04 12:28:24] [2026-05-04 12:28:24] Finished. Plugins=23; processed vaults=1; skipped entries=0.
[2026-05-04 12:28:24] Installer finished.
[2026-05-04 12:33:24] Running installer: C:\Users\18826\Documents\work_doc_ob\Telpo\scripts\obsidian-claudian-auto\Install-ClaudianToObsidianVaults.ps1
[2026-05-04 12:33:25] [2026-05-04 12:33:25] Plugins already installed/enabled for vault: C:\Users\18826\Documents\work_doc_ob\Telpo; installed=23; enabledTotal=24
[2026-05-04 12:33:25] [2026-05-04 12:33:25] Finished. Plugins=23; processed vaults=1; skipped entries=0.
[2026-05-04 12:33:25] Installer finished.
[2026-05-04 12:38:25] Running installer: C:\Users\18826\Documents\work_doc_ob\Telpo\scripts\obsidian-claudian-auto\Install-ClaudianToObsidianVaults.ps1
[2026-05-04 12:38:25] [2026-05-04 12:38:25] Plugins already installed/enabled for vault: C:\Users\18826\Documents\work_doc_ob\Telpo; installed=23; enabledTotal=24
[2026-05-04 12:38:25] [2026-05-04 12:38:25] Finished. Plugins=23; processed vaults=1; skipped entries=0.
[2026-05-04 12:38:25] Installer finished.
[2026-05-04 12:43:25] Running installer: C:\Users\18826\Documents\work_doc_ob\Telpo\scripts\obsidian-claudian-auto\Install-ClaudianToObsidianVaults.ps1
[2026-05-04 12:43:25] [2026-05-04 12:43:25] Plugins already installed/enabled for vault: C:\Users\18826\Documents\work_doc_ob\Telpo; installed=23; enabledTotal=24
[2026-05-04 12:43:25] [2026-05-04 12:43:25] Finished. Plugins=23; processed vaults=1; skipped entries=0.
[2026-05-04 12:43:25] Installer finished.
[2026-05-04 12:48:25] Running installer: C:\Users\18826\Documents\work_doc_ob\Telpo\scripts\obsidian-claudian-auto\Install-ClaudianToObsidianVaults.ps1
[2026-05-04 12:48:26] [2026-05-04 12:48:26] Plugins already installed/enabled for vault: C:\Users\18826\Documents\work_doc_ob\Telpo; installed=23; enabledTotal=24
[2026-05-04 12:48:26] [2026-05-04 12:48:26] Finished. Plugins=23; processed vaults=1; skipped entries=0.
[2026-05-04 12:48:26] Installer finished.
[2026-05-04 12:53:26] Running installer: C:\Users\18826\Documents\work_doc_ob\Telpo\scripts\obsidian-claudian-auto\Install-ClaudianToObsidianVaults.ps1
[2026-05-04 12:53:26] [2026-05-04 12:53:26] Plugins already installed/enabled for vault: C:\Users\18826\Documents\work_doc_ob\Telpo; installed=23; enabledTotal=24
[2026-05-04 12:53:26] [2026-05-04 12:53:26] Finished. Plugins=23; processed vaults=1; skipped entries=0.
[2026-05-04 12:53:26] Installer finished.
[2026-05-04 12:58:26] Running installer: C:\Users\18826\Documents\work_doc_ob\Telpo\scripts\obsidian-claudian-auto\Install-ClaudianToObsidianVaults.ps1
[2026-05-04 12:58:26] [2026-05-04 12:58:26] Plugins already installed/enabled for vault: C:\Users\18826\Documents\work_doc_ob\Telpo; installed=23; enabledTotal=24
[2026-05-04 12:58:26] [2026-05-04 12:58:26] Finished. Plugins=23; processed vaults=1; skipped entries=0.
[2026-05-04 12:58:26] Installer finished.
[2026-05-04 13:03:26] Running installer: C:\Users\18826\Documents\work_doc_ob\Telpo\scripts\obsidian-claudian-auto\Install-ClaudianToObsidianVaults.ps1
[2026-05-04 13:03:26] [2026-05-04 13:03:26] Plugins already installed/enabled for vault: C:\Users\18826\Documents\work_doc_ob\Telpo; installed=23; enabledTotal=24
[2026-05-04 13:03:26] [2026-05-04 13:03:26] Finished. Plugins=23; processed vaults=1; skipped entries=0.
[2026-05-04 13:03:26] Installer finished.
[2026-05-04 13:08:27] Running installer: C:\Users\18826\Documents\work_doc_ob\Telpo\scripts\obsidian-claudian-auto\Install-ClaudianToObsidianVaults.ps1
[2026-05-04 13:08:27] [2026-05-04 13:08:27] Plugins already installed/enabled for vault: C:\Users\18826\Documents\work_doc_ob\Telpo; installed=23; enabledTotal=24
[2026-05-04 13:08:27] [2026-05-04 13:08:27] Finished. Plugins=23; processed vaults=1; skipped entries=0.
[2026-05-04 13:08:27] Installer finished.
[2026-05-04 13:13:27] Running installer: C:\Users\18826\Documents\work_doc_ob\Telpo\scripts\obsidian-claudian-auto\Install-ClaudianToObsidianVaults.ps1
[2026-05-04 13:13:27] [2026-05-04 13:13:27] Plugins already installed/enabled for vault: C:\Users\18826\Documents\work_doc_ob\Telpo; installed=23; enabledTotal=24
[2026-05-04 13:13:27] [2026-05-04 13:13:27] Finished. Plugins=23; processed vaults=1; skipped entries=0.
[2026-05-04 13:13:27] Installer finished.
[2026-05-04 13:18:27] Running installer: C:\Users\18826\Documents\work_doc_ob\Telpo\scripts\obsidian-claudian-auto\Install-ClaudianToObsidianVaults.ps1
[2026-05-04 13:18:27] [2026-05-04 13:18:27] Plugins already installed/enabled for vault: C:\Users\18826\Documents\work_doc_ob\Telpo; installed=23; enabledTotal=24
[2026-05-04 13:18:27] [2026-05-04 13:18:27] Finished. Plugins=23; processed vaults=1; skipped entries=0.
[2026-05-04 13:18:27] Installer finished.
[2026-05-04 13:23:28] Running installer: C:\Users\18826\Documents\work_doc_ob\Telpo\scripts\obsidian-claudian-auto\Install-ClaudianToObsidianVaults.ps1
[2026-05-04 13:23:28] [2026-05-04 13:23:28] Plugins already installed/enabled for vault: C:\Users\18826\Documents\work_doc_ob\Telpo; installed=23; enabledTotal=24
[2026-05-04 13:23:28] [2026-05-04 13:23:28] Finished. Plugins=23; processed vaults=1; skipped entries=0.
[2026-05-04 13:23:28] Installer finished.
[2026-05-04 13:28:28] Running installer: C:\Users\18826\Documents\work_doc_ob\Telpo\scripts\obsidian-claudian-auto\Install-ClaudianToObsidianVaults.ps1
[2026-05-04 13:28:28] [2026-05-04 13:28:28] Plugins already installed/enabled for vault: C:\Users\18826\Documents\work_doc_ob\Telpo; installed=23; enabledTotal=24
[2026-05-04 13:28:28] [2026-05-04 13:28:28] Finished. Plugins=23; processed vaults=1; skipped entries=0.
[2026-05-04 13:28:28] Installer finished.
[2026-05-04 13:33:28] Running installer: C:\Users\18826\Documents\work_doc_ob\Telpo\scripts\obsidian-claudian-auto\Install-ClaudianToObsidianVaults.ps1
[2026-05-04 13:33:28] [2026-05-04 13:33:28] Plugins already installed/enabled for vault: C:\Users\18826\Documents\work_doc_ob\Telpo; installed=23; enabledTotal=24
[2026-05-04 13:33:28] [2026-05-04 13:33:28] Finished. Plugins=23; processed vaults=1; skipped entries=0.
[2026-05-04 13:33:28] Installer finished.
[2026-05-04 13:38:29] Running installer: C:\Users\18826\Documents\work_doc_ob\Telpo\scripts\obsidian-claudian-auto\Install-ClaudianToObsidianVaults.ps1
[2026-05-04 13:38:29] [2026-05-04 13:38:29] Plugins already installed/enabled for vault: C:\Users\18826\Documents\work_doc_ob\Telpo; installed=23; enabledTotal=24
[2026-05-04 13:38:29] [2026-05-04 13:38:29] Finished. Plugins=23; processed vaults=1; skipped entries=0.
[2026-05-04 13:38:29] Installer finished.
[2026-05-04 13:43:29] Running installer: C:\Users\18826\Documents\work_doc_ob\Telpo\scripts\obsidian-claudian-auto\Install-ClaudianToObsidianVaults.ps1
[2026-05-04 13:43:29] [2026-05-04 13:43:29] Plugins already installed/enabled for vault: C:\Users\18826\Documents\work_doc_ob\Telpo; installed=23; enabledTotal=24
[2026-05-04 13:43:29] [2026-05-04 13:43:29] Finished. Plugins=23; processed vaults=1; skipped entries=0.
[2026-05-04 13:43:29] Installer finished.
[2026-05-04 13:48:29] Running installer: C:\Users\18826\Documents\work_doc_ob\Telpo\scripts\obsidian-claudian-auto\Install-ClaudianToObsidianVaults.ps1
[2026-05-04 13:48:29] [2026-05-04 13:48:29] Plugins already installed/enabled for vault: C:\Users\18826\Documents\work_doc_ob\Telpo; installed=23; enabledTotal=24
[2026-05-04 13:48:29] [2026-05-04 13:48:29] Finished. Plugins=23; processed vaults=1; skipped entries=0.
[2026-05-04 13:48:29] Installer finished.
[2026-05-04 13:53:30] Running installer: C:\Users\18826\Documents\work_doc_ob\Telpo\scripts\obsidian-claudian-auto\Install-ClaudianToObsidianVaults.ps1
[2026-05-04 13:53:30] [2026-05-04 13:53:30] Plugins already installed/enabled for vault: C:\Users\18826\Documents\work_doc_ob\Telpo; installed=23; enabledTotal=24
[2026-05-04 13:53:30] [2026-05-04 13:53:30] Finished. Plugins=23; processed vaults=1; skipped entries=0.
[2026-05-04 13:53:30] Installer finished.
[2026-05-04 13:58:30] Running installer: C:\Users\18826\Documents\work_doc_ob\Telpo\scripts\obsidian-claudian-auto\Install-ClaudianToObsidianVaults.ps1
[2026-05-04 13:58:30] [2026-05-04 13:58:30] Plugins already installed/enabled for vault: C:\Users\18826\Documents\work_doc_ob\Telpo; installed=23; enabledTotal=24
[2026-05-04 13:58:30] [2026-05-04 13:58:30] Finished. Plugins=23; processed vaults=1; skipped entries=0.
[2026-05-04 13:58:30] Installer finished.
[2026-05-04 14:03:30] Running installer: C:\Users\18826\Documents\work_doc_ob\Telpo\scripts\obsidian-claudian-auto\Install-ClaudianToObsidianVaults.ps1
[2026-05-04 14:03:30] [2026-05-04 14:03:30] Plugins already installed/enabled for vault: C:\Users\18826\Documents\work_doc_ob\Telpo; installed=23; enabledTotal=24
[2026-05-04 14:03:30] [2026-05-04 14:03:30] Finished. Plugins=23; processed vaults=1; skipped entries=0.
[2026-05-04 14:03:30] Installer finished.
[2026-05-04 14:04:00] Obsidian vault registry changed: C:\Users\18826\AppData\Roaming\obsidian\obsidian.json
[2026-05-04 14:04:00] Running installer: C:\Users\18826\Documents\work_doc_ob\Telpo\scripts\obsidian-claudian-auto\Install-ClaudianToObsidianVaults.ps1
[2026-05-04 14:04:01] [2026-05-04 14:04:01] Installed/enabled plugins for vault: C:\Users\18826\Documents\work_doc_ob\Telpo; installed=23; enabledTotal=23
[2026-05-04 14:04:01] [2026-05-04 14:04:01] Finished. Plugins=23; processed vaults=1; skipped entries=0.
[2026-05-04 14:04:01] Installer finished.
[2026-05-04 14:05:31] Obsidian vault registry changed: C:\Users\18826\AppData\Roaming\obsidian\obsidian.json
[2026-05-04 14:05:31] Running installer: C:\Users\18826\Documents\work_doc_ob\Telpo\scripts\obsidian-claudian-auto\Install-ClaudianToObsidianVaults.ps1
[2026-05-04 14:05:31] [2026-05-04 14:05:31] Plugins already installed/enabled for vault: C:\Users\18826\Documents\work_doc_ob\Telpo; installed=23; enabledTotal=23
[2026-05-04 14:05:31] [2026-05-04 14:05:31] Finished. Plugins=23; processed vaults=1; skipped entries=0.
[2026-05-04 14:05:31] Installer finished.
[2026-05-04 14:10:31] Running installer: C:\Users\18826\Documents\work_doc_ob\Telpo\scripts\obsidian-claudian-auto\Install-ClaudianToObsidianVaults.ps1
[2026-05-04 14:10:31] [2026-05-04 14:10:31] Installed/enabled plugins for vault: C:\Users\18826\Documents\work_doc_ob\Telpo; installed=23; enabledTotal=24
[2026-05-04 14:10:31] [2026-05-04 14:10:31] Finished. Plugins=23; processed vaults=1; skipped entries=0.
[2026-05-04 14:10:31] Installer finished.
[2026-05-04 14:15:31] Running installer: C:\Users\18826\Documents\work_doc_ob\Telpo\scripts\obsidian-claudian-auto\Install-ClaudianToObsidianVaults.ps1
[2026-05-04 14:15:32] [2026-05-04 14:15:32] Plugins already installed/enabled for vault: C:\Users\18826\Documents\work_doc_ob\Telpo; installed=23; enabledTotal=24
[2026-05-04 14:15:32] [2026-05-04 14:15:32] Finished. Plugins=23; processed vaults=1; skipped entries=0.
[2026-05-04 14:15:32] Installer finished.
[2026-05-04 14:20:32] Running installer: C:\Users\18826\Documents\work_doc_ob\Telpo\scripts\obsidian-claudian-auto\Install-ClaudianToObsidianVaults.ps1
[2026-05-04 14:20:32] [2026-05-04 14:20:32] Installed/enabled plugins for vault: C:\Users\18826\Documents\work_doc_ob\Telpo; installed=23; enabledTotal=24
[2026-05-04 14:20:32] [2026-05-04 14:20:32] Finished. Plugins=23; processed vaults=1; skipped entries=0.
[2026-05-04 14:20:32] Installer finished.
[2026-05-04 14:25:32] Running installer: C:\Users\18826\Documents\work_doc_ob\Telpo\scripts\obsidian-claudian-auto\Install-ClaudianToObsidianVaults.ps1
[2026-05-04 14:25:32] [2026-05-04 14:25:32] Plugins already installed/enabled for vault: C:\Users\18826\Documents\work_doc_ob\Telpo; installed=23; enabledTotal=24
[2026-05-04 14:25:32] [2026-05-04 14:25:32] Finished. Plugins=23; processed vaults=1; skipped entries=0.
[2026-05-04 14:25:32] Installer finished.
[2026-05-04 14:30:32] Running installer: C:\Users\18826\Documents\work_doc_ob\Telpo\scripts\obsidian-claudian-auto\Install-ClaudianToObsidianVaults.ps1
[2026-05-04 14:30:33] [2026-05-04 14:30:33] Plugins already installed/enabled for vault: C:\Users\18826\Documents\work_doc_ob\Telpo; installed=23; enabledTotal=24
[2026-05-04 14:30:33] [2026-05-04 14:30:33] Finished. Plugins=23; processed vaults=1; skipped entries=0.
[2026-05-04 14:30:33] Installer finished.
[2026-05-04 14:35:33] Running installer: C:\Users\18826\Documents\work_doc_ob\Telpo\scripts\obsidian-claudian-auto\Install-ClaudianToObsidianVaults.ps1
[2026-05-04 14:35:33] [2026-05-04 14:35:33] Plugins already installed/enabled for vault: C:\Users\18826\Documents\work_doc_ob\Telpo; installed=23; enabledTotal=24
[2026-05-04 14:35:33] [2026-05-04 14:35:33] Finished. Plugins=23; processed vaults=1; skipped entries=0.
[2026-05-04 14:35:33] Installer finished.
[2026-05-04 14:40:33] Running installer: C:\Users\18826\Documents\work_doc_ob\Telpo\scripts\obsidian-claudian-auto\Install-ClaudianToObsidianVaults.ps1
[2026-05-04 14:40:33] [2026-05-04 14:40:33] Plugins already installed/enabled for vault: C:\Users\18826\Documents\work_doc_ob\Telpo; installed=23; enabledTotal=24
[2026-05-04 14:40:33] [2026-05-04 14:40:33] Finished. Plugins=23; processed vaults=1; skipped entries=0.
[2026-05-04 14:40:33] Installer finished.
[2026-05-04 14:45:33] Running installer: C:\Users\18826\Documents\work_doc_ob\Telpo\scripts\obsidian-claudian-auto\Install-ClaudianToObsidianVaults.ps1
[2026-05-04 14:45:34] [2026-05-04 14:45:34] Plugins already installed/enabled for vault: C:\Users\18826\Documents\work_doc_ob\Telpo; installed=23; enabledTotal=24
[2026-05-04 14:45:34] [2026-05-04 14:45:34] Finished. Plugins=23; processed vaults=1; skipped entries=0.
[2026-05-04 14:45:34] Installer finished.
[2026-05-04 14:50:34] Running installer: C:\Users\18826\Documents\work_doc_ob\Telpo\scripts\obsidian-claudian-auto\Install-ClaudianToObsidianVaults.ps1
[2026-05-04 14:50:34] [2026-05-04 14:50:34] Plugins already installed/enabled for vault: C:\Users\18826\Documents\work_doc_ob\Telpo; installed=23; enabledTotal=24
[2026-05-04 14:50:34] [2026-05-04 14:50:34] Finished. Plugins=23; processed vaults=1; skipped entries=0.
[2026-05-04 14:50:34] Installer finished.
[2026-05-04 14:55:34] Running installer: C:\Users\18826\Documents\work_doc_ob\Telpo\scripts\obsidian-claudian-auto\Install-ClaudianToObsidianVaults.ps1
[2026-05-04 14:55:34] [2026-05-04 14:55:34] Plugins already installed/enabled for vault: C:\Users\18826\Documents\work_doc_ob\Telpo; installed=23; enabledTotal=24
[2026-05-04 14:55:34] [2026-05-04 14:55:34] Finished. Plugins=23; processed vaults=1; skipped entries=0.
[2026-05-04 14:55:34] Installer finished.
[2026-05-04 15:00:34] Running installer: C:\Users\18826\Documents\work_doc_ob\Telpo\scripts\obsidian-claudian-auto\Install-ClaudianToObsidianVaults.ps1
[2026-05-04 15:00:35] [2026-05-04 15:00:35] Plugins already installed/enabled for vault: C:\Users\18826\Documents\work_doc_ob\Telpo; installed=23; enabledTotal=24
[2026-05-04 15:00:35] [2026-05-04 15:00:35] Finished. Plugins=23; processed vaults=1; skipped entries=0.
[2026-05-04 15:00:35] Installer finished.
[2026-05-04 15:05:35] Running installer: C:\Users\18826\Documents\work_doc_ob\Telpo\scripts\obsidian-claudian-auto\Install-ClaudianToObsidianVaults.ps1
[2026-05-04 15:05:35] [2026-05-04 15:05:35] Plugins already installed/enabled for vault: C:\Users\18826\Documents\work_doc_ob\Telpo; installed=23; enabledTotal=24
[2026-05-04 15:05:35] [2026-05-04 15:05:35] Finished. Plugins=23; processed vaults=1; skipped entries=0.
[2026-05-04 15:05:35] Installer finished.
[2026-05-04 15:10:35] Running installer: C:\Users\18826\Documents\work_doc_ob\Telpo\scripts\obsidian-claudian-auto\Install-ClaudianToObsidianVaults.ps1
[2026-05-04 15:10:35] [2026-05-04 15:10:35] Plugins already installed/enabled for vault: C:\Users\18826\Documents\work_doc_ob\Telpo; installed=23; enabledTotal=24
[2026-05-04 15:10:35] [2026-05-04 15:10:35] Finished. Plugins=23; processed vaults=1; skipped entries=0.
[2026-05-04 15:10:35] Installer finished.
[2026-05-04 15:15:35] Running installer: C:\Users\18826\Documents\work_doc_ob\Telpo\scripts\obsidian-claudian-auto\Install-ClaudianToObsidianVaults.ps1
[2026-05-04 15:15:36] [2026-05-04 15:15:36] Plugins already installed/enabled for vault: C:\Users\18826\Documents\work_doc_ob\Telpo; installed=23; enabledTotal=24
[2026-05-04 15:15:36] [2026-05-04 15:15:36] Finished. Plugins=23; processed vaults=1; skipped entries=0.
[2026-05-04 15:15:36] Installer finished.
[2026-05-04 15:20:36] Running installer: C:\Users\18826\Documents\work_doc_ob\Telpo\scripts\obsidian-claudian-auto\Install-ClaudianToObsidianVaults.ps1
[2026-05-04 15:20:36] [2026-05-04 15:20:36] Plugins already installed/enabled for vault: C:\Users\18826\Documents\work_doc_ob\Telpo; installed=23; enabledTotal=24
[2026-05-04 15:20:36] [2026-05-04 15:20:36] Finished. Plugins=23; processed vaults=1; skipped entries=0.
[2026-05-04 15:20:36] Installer finished.
[2026-05-04 15:25:36] Running installer: C:\Users\18826\Documents\work_doc_ob\Telpo\scripts\obsidian-claudian-auto\Install-ClaudianToObsidianVaults.ps1
[2026-05-04 15:25:36] [2026-05-04 15:25:36] Plugins already installed/enabled for vault: C:\Users\18826\Documents\work_doc_ob\Telpo; installed=23; enabledTotal=24
[2026-05-04 15:25:36] [2026-05-04 15:25:36] Finished. Plugins=23; processed vaults=1; skipped entries=0.
[2026-05-04 15:25:36] Installer finished.
[2026-05-04 15:30:36] Running installer: C:\Users\18826\Documents\work_doc_ob\Telpo\scripts\obsidian-claudian-auto\Install-ClaudianToObsidianVaults.ps1
[2026-05-04 15:30:37] [2026-05-04 15:30:37] Plugins already installed/enabled for vault: C:\Users\18826\Documents\work_doc_ob\Telpo; installed=23; enabledTotal=24
[2026-05-04 15:30:37] [2026-05-04 15:30:37] Finished. Plugins=23; processed vaults=1; skipped entries=0.
[2026-05-04 15:30:37] Installer finished.
[2026-05-04 15:35:37] Running installer: C:\Users\18826\Documents\work_doc_ob\Telpo\scripts\obsidian-claudian-auto\Install-ClaudianToObsidianVaults.ps1
[2026-05-04 15:35:37] [2026-05-04 15:35:37] Plugins already installed/enabled for vault: C:\Users\18826\Documents\work_doc_ob\Telpo; installed=23; enabledTotal=24
[2026-05-04 15:35:37] [2026-05-04 15:35:37] Finished. Plugins=23; processed vaults=1; skipped entries=0.
[2026-05-04 15:35:37] Installer finished.
[2026-05-04 15:40:37] Running installer: C:\Users\18826\Documents\work_doc_ob\Telpo\scripts\obsidian-claudian-auto\Install-ClaudianToObsidianVaults.ps1
[2026-05-04 15:40:37] [2026-05-04 15:40:37] Plugins already installed/enabled for vault: C:\Users\18826\Documents\work_doc_ob\Telpo; installed=23; enabledTotal=24
[2026-05-04 15:40:37] [2026-05-04 15:40:37] Finished. Plugins=23; processed vaults=1; skipped entries=0.
[2026-05-04 15:40:37] Installer finished.
[2026-05-04 15:45:37] Running installer: C:\Users\18826\Documents\work_doc_ob\Telpo\scripts\obsidian-claudian-auto\Install-ClaudianToObsidianVaults.ps1
[2026-05-04 15:45:38] [2026-05-04 15:45:38] Plugins already installed/enabled for vault: C:\Users\18826\Documents\work_doc_ob\Telpo; installed=23; enabledTotal=24
[2026-05-04 15:45:38] [2026-05-04 15:45:38] Finished. Plugins=23; processed vaults=1; skipped entries=0.
[2026-05-04 15:45:38] Installer finished.
[2026-05-04 15:50:38] Running installer: C:\Users\18826\Documents\work_doc_ob\Telpo\scripts\obsidian-claudian-auto\Install-ClaudianToObsidianVaults.ps1
[2026-05-04 15:50:38] [2026-05-04 15:50:38] Plugins already installed/enabled for vault: C:\Users\18826\Documents\work_doc_ob\Telpo; installed=23; enabledTotal=24
[2026-05-04 15:50:38] [2026-05-04 15:50:38] Finished. Plugins=23; processed vaults=1; skipped entries=0.
[2026-05-04 15:50:38] Installer finished.
[2026-05-04 15:55:38] Running installer: C:\Users\18826\Documents\work_doc_ob\Telpo\scripts\obsidian-claudian-auto\Install-ClaudianToObsidianVaults.ps1
[2026-05-04 15:55:38] [2026-05-04 15:55:38] Plugins already installed/enabled for vault: C:\Users\18826\Documents\work_doc_ob\Telpo; installed=23; enabledTotal=24
[2026-05-04 15:55:38] [2026-05-04 15:55:38] Finished. Plugins=23; processed vaults=1; skipped entries=0.
[2026-05-04 15:55:38] Installer finished.
[2026-05-04 16:00:38] Running installer: C:\Users\18826\Documents\work_doc_ob\Telpo\scripts\obsidian-claudian-auto\Install-ClaudianToObsidianVaults.ps1
[2026-05-04 16:00:39] [2026-05-04 16:00:39] Plugins already installed/enabled for vault: C:\Users\18826\Documents\work_doc_ob\Telpo; installed=23; enabledTotal=24
[2026-05-04 16:00:39] [2026-05-04 16:00:39] Finished. Plugins=23; processed vaults=1; skipped entries=0.
[2026-05-04 16:00:39] Installer finished.
[2026-05-04 16:05:39] Running installer: C:\Users\18826\Documents\work_doc_ob\Telpo\scripts\obsidian-claudian-auto\Install-ClaudianToObsidianVaults.ps1
[2026-05-04 16:05:39] [2026-05-04 16:05:39] Plugins already installed/enabled for vault: C:\Users\18826\Documents\work_doc_ob\Telpo; installed=23; enabledTotal=24
[2026-05-04 16:05:39] [2026-05-04 16:05:39] Finished. Plugins=23; processed vaults=1; skipped entries=0.
[2026-05-04 16:05:39] Installer finished.
[2026-05-04 16:10:39] Running installer: C:\Users\18826\Documents\work_doc_ob\Telpo\scripts\obsidian-claudian-auto\Install-ClaudianToObsidianVaults.ps1
[2026-05-04 16:10:39] [2026-05-04 16:10:39] Plugins already installed/enabled for vault: C:\Users\18826\Documents\work_doc_ob\Telpo; installed=23; enabledTotal=24
[2026-05-04 16:10:39] [2026-05-04 16:10:39] Finished. Plugins=23; processed vaults=1; skipped entries=0.
[2026-05-04 16:10:39] Installer finished.
[2026-05-04 16:15:39] Running installer: C:\Users\18826\Documents\work_doc_ob\Telpo\scripts\obsidian-claudian-auto\Install-ClaudianToObsidianVaults.ps1
[2026-05-04 16:15:40] [2026-05-04 16:15:40] Plugins already installed/enabled for vault: C:\Users\18826\Documents\work_doc_ob\Telpo; installed=23; enabledTotal=24
[2026-05-04 16:15:40] [2026-05-04 16:15:40] Finished. Plugins=23; processed vaults=1; skipped entries=0.
[2026-05-04 16:15:40] Installer finished.
[2026-05-04 16:20:40] Running installer: C:\Users\18826\Documents\work_doc_ob\Telpo\scripts\obsidian-claudian-auto\Install-ClaudianToObsidianVaults.ps1
[2026-05-04 16:20:40] [2026-05-04 16:20:40] Plugins already installed/enabled for vault: C:\Users\18826\Documents\work_doc_ob\Telpo; installed=23; enabledTotal=24
[2026-05-04 16:20:40] [2026-05-04 16:20:40] Finished. Plugins=23; processed vaults=1; skipped entries=0.
[2026-05-04 16:20:40] Installer finished.
[2026-05-04 16:25:40] Running installer: C:\Users\18826\Documents\work_doc_ob\Telpo\scripts\obsidian-claudian-auto\Install-ClaudianToObsidianVaults.ps1
[2026-05-04 16:25:40] [2026-05-04 16:25:40] Plugins already installed/enabled for vault: C:\Users\18826\Documents\work_doc_ob\Telpo; installed=23; enabledTotal=24
[2026-05-04 16:25:40] [2026-05-04 16:25:40] Finished. Plugins=23; processed vaults=1; skipped entries=0.
[2026-05-04 16:25:40] Installer finished.
[2026-05-04 16:28:40] Obsidian vault registry changed: C:\Users\18826\AppData\Roaming\obsidian\obsidian.json
[2026-05-04 16:28:40] Running installer: C:\Users\18826\Documents\work_doc_ob\Telpo\scripts\obsidian-claudian-auto\Install-ClaudianToObsidianVaults.ps1
[2026-05-04 16:28:41] [2026-05-04 16:28:41] Installed/enabled plugins for vault: C:\Users\18826\Documents\work_doc_ob\Telpo; installed=23; enabledTotal=24
[2026-05-04 16:28:41] [2026-05-04 16:28:41] Finished. Plugins=23; processed vaults=1; skipped entries=0.
[2026-05-04 16:28:41] Installer finished.
[2026-05-04 16:33:41] Running installer: C:\Users\18826\Documents\work_doc_ob\Telpo\scripts\obsidian-claudian-auto\Install-ClaudianToObsidianVaults.ps1
[2026-05-04 16:33:41] [2026-05-04 16:33:41] Installed/enabled plugins for vault: C:\Users\18826\Documents\work_doc_ob\Telpo; installed=23; enabledTotal=24
[2026-05-04 16:33:41] [2026-05-04 16:33:41] Finished. Plugins=23; processed vaults=1; skipped entries=0.
[2026-05-04 16:33:41] Installer finished.
[2026-05-04 16:38:41] Obsidian vault registry changed: C:\Users\18826\AppData\Roaming\obsidian\obsidian.json
[2026-05-04 16:38:41] Running installer: C:\Users\18826\Documents\work_doc_ob\Telpo\scripts\obsidian-claudian-auto\Install-ClaudianToObsidianVaults.ps1
[2026-05-04 16:38:41] [2026-05-04 16:38:41] Installed/enabled plugins for vault: C:\Users\18826\Documents\work_doc_ob\Telpo; installed=23; enabledTotal=23
[2026-05-04 16:38:41] [2026-05-04 16:38:41] Finished. Plugins=23; processed vaults=1; skipped entries=0.
[2026-05-04 16:38:41] Installer finished.
[2026-05-04 16:43:41] Running installer: C:\Users\18826\Documents\work_doc_ob\Telpo\scripts\obsidian-claudian-auto\Install-ClaudianToObsidianVaults.ps1
[2026-05-04 16:43:42] [2026-05-04 16:43:42] Plugins already installed/enabled for vault: C:\Users\18826\Documents\work_doc_ob\Telpo; installed=23; enabledTotal=25
[2026-05-04 16:43:42] [2026-05-04 16:43:42] Finished. Plugins=23; processed vaults=1; skipped entries=0.
[2026-05-04 16:43:42] Installer finished.
[2026-05-04 16:48:42] Running installer: C:\Users\18826\Documents\work_doc_ob\Telpo\scripts\obsidian-claudian-auto\Install-ClaudianToObsidianVaults.ps1
[2026-05-04 16:48:42] [2026-05-04 16:48:42] Plugins already installed/enabled for vault: C:\Users\18826\Documents\work_doc_ob\Telpo; installed=23; enabledTotal=25
[2026-05-04 16:48:42] [2026-05-04 16:48:42] Finished. Plugins=23; processed vaults=1; skipped entries=0.
[2026-05-04 16:48:42] Installer finished.
[2026-05-04 16:53:42] Running installer: C:\Users\18826\Documents\work_doc_ob\Telpo\scripts\obsidian-claudian-auto\Install-ClaudianToObsidianVaults.ps1
[2026-05-04 16:53:42] [2026-05-04 16:53:42] Plugins already installed/enabled for vault: C:\Users\18826\Documents\work_doc_ob\Telpo; installed=23; enabledTotal=25
[2026-05-04 16:53:42] [2026-05-04 16:53:42] Finished. Plugins=23; processed vaults=1; skipped entries=0.
[2026-05-04 16:53:42] Installer finished.
[2026-05-04 16:58:42] Running installer: C:\Users\18826\Documents\work_doc_ob\Telpo\scripts\obsidian-claudian-auto\Install-ClaudianToObsidianVaults.ps1
[2026-05-04 16:58:43] [2026-05-04 16:58:43] Plugins already installed/enabled for vault: C:\Users\18826\Documents\work_doc_ob\Telpo; installed=23; enabledTotal=25
[2026-05-04 16:58:43] [2026-05-04 16:58:43] Finished. Plugins=23; processed vaults=1; skipped entries=0.
[2026-05-04 16:58:43] Installer finished.
[2026-05-04 16:59:13] Obsidian vault registry changed: C:\Users\18826\AppData\Roaming\obsidian\obsidian.json
[2026-05-04 16:59:13] Running installer: C:\Users\18826\Documents\work_doc_ob\Telpo\scripts\obsidian-claudian-auto\Install-ClaudianToObsidianVaults.ps1
[2026-05-04 16:59:13] [2026-05-04 16:59:13] Plugins already installed/enabled for vault: C:\Users\18826\Documents\work_doc_ob\Telpo; installed=23; enabledTotal=25
[2026-05-04 16:59:13] [2026-05-04 16:59:13] Finished. Plugins=23; processed vaults=1; skipped entries=0.
[2026-05-04 16:59:13] Installer finished.
[2026-05-04 17:04:13] Running installer: C:\Users\18826\Documents\work_doc_ob\Telpo\scripts\obsidian-claudian-auto\Install-ClaudianToObsidianVaults.ps1
[2026-05-04 17:04:13] [2026-05-04 17:04:13] Plugins already installed/enabled for vault: C:\Users\18826\Documents\work_doc_ob\Telpo; installed=23; enabledTotal=25
[2026-05-04 17:04:13] [2026-05-04 17:04:13] Finished. Plugins=23; processed vaults=1; skipped entries=0.
[2026-05-04 17:04:13] Installer finished.
[2026-05-04 17:09:13] Running installer: C:\Users\18826\Documents\work_doc_ob\Telpo\scripts\obsidian-claudian-auto\Install-ClaudianToObsidianVaults.ps1
[2026-05-04 17:09:14] [2026-05-04 17:09:14] Plugins already installed/enabled for vault: C:\Users\18826\Documents\work_doc_ob\Telpo; installed=23; enabledTotal=25
[2026-05-04 17:09:14] [2026-05-04 17:09:14] Finished. Plugins=23; processed vaults=1; skipped entries=0.
[2026-05-04 17:09:14] Installer finished.
[2026-05-04 17:14:14] Running installer: C:\Users\18826\Documents\work_doc_ob\Telpo\scripts\obsidian-claudian-auto\Install-ClaudianToObsidianVaults.ps1
[2026-05-04 17:14:14] [2026-05-04 17:14:14] Plugins already installed/enabled for vault: C:\Users\18826\Documents\work_doc_ob\Telpo; installed=23; enabledTotal=25
[2026-05-04 17:14:14] [2026-05-04 17:14:14] Finished. Plugins=23; processed vaults=1; skipped entries=0.
[2026-05-04 17:14:14] Installer finished.
[2026-05-04 17:19:14] Running installer: C:\Users\18826\Documents\work_doc_ob\Telpo\scripts\obsidian-claudian-auto\Install-ClaudianToObsidianVaults.ps1
[2026-05-04 17:19:14] [2026-05-04 17:19:14] Plugins already installed/enabled for vault: C:\Users\18826\Documents\work_doc_ob\Telpo; installed=23; enabledTotal=25
[2026-05-04 17:19:14] [2026-05-04 17:19:14] Finished. Plugins=23; processed vaults=1; skipped entries=0.
[2026-05-04 17:19:14] Installer finished.
[2026-05-04 17:24:14] Running installer: C:\Users\18826\Documents\work_doc_ob\Telpo\scripts\obsidian-claudian-auto\Install-ClaudianToObsidianVaults.ps1
[2026-05-04 17:24:15] [2026-05-04 17:24:15] Plugins already installed/enabled for vault: C:\Users\18826\Documents\work_doc_ob\Telpo; installed=23; enabledTotal=25
[2026-05-04 17:24:15] [2026-05-04 17:24:15] Finished. Plugins=23; processed vaults=1; skipped entries=0.
[2026-05-04 17:24:15] Installer finished.
[2026-05-04 17:29:15] Running installer: C:\Users\18826\Documents\work_doc_ob\Telpo\scripts\obsidian-claudian-auto\Install-ClaudianToObsidianVaults.ps1
[2026-05-04 17:29:15] [2026-05-04 17:29:15] Plugins already installed/enabled for vault: C:\Users\18826\Documents\work_doc_ob\Telpo; installed=23; enabledTotal=25
[2026-05-04 17:29:15] [2026-05-04 17:29:15] Finished. Plugins=23; processed vaults=1; skipped entries=0.
[2026-05-04 17:29:15] Installer finished.
[2026-05-04 17:34:15] Running installer: C:\Users\18826\Documents\work_doc_ob\Telpo\scripts\obsidian-claudian-auto\Install-ClaudianToObsidianVaults.ps1
[2026-05-04 17:34:15] [2026-05-04 17:34:15] Plugins already installed/enabled for vault: C:\Users\18826\Documents\work_doc_ob\Telpo; installed=23; enabledTotal=25
[2026-05-04 17:34:15] [2026-05-04 17:34:15] Finished. Plugins=23; processed vaults=1; skipped entries=0.
[2026-05-04 17:34:15] Installer finished.
[2026-05-04 17:39:15] Running installer: C:\Users\18826\Documents\work_doc_ob\Telpo\scripts\obsidian-claudian-auto\Install-ClaudianToObsidianVaults.ps1
[2026-05-04 17:39:15] [2026-05-04 17:39:15] Plugins already installed/enabled for vault: C:\Users\18826\Documents\work_doc_ob\Telpo; installed=23; enabledTotal=25
[2026-05-04 17:39:15] [2026-05-04 17:39:15] Finished. Plugins=23; processed vaults=1; skipped entries=0.
[2026-05-04 17:39:15] Installer finished.
[2026-05-04 17:44:16] Running installer: C:\Users\18826\Documents\work_doc_ob\Telpo\scripts\obsidian-claudian-auto\Install-ClaudianToObsidianVaults.ps1
[2026-05-04 17:44:16] [2026-05-04 17:44:16] Plugins already installed/enabled for vault: C:\Users\18826\Documents\work_doc_ob\Telpo; installed=23; enabledTotal=25
[2026-05-04 17:44:16] [2026-05-04 17:44:16] Finished. Plugins=23; processed vaults=1; skipped entries=0.
[2026-05-04 17:44:16] Installer finished.
[2026-05-04 17:49:16] Running installer: C:\Users\18826\Documents\work_doc_ob\Telpo\scripts\obsidian-claudian-auto\Install-ClaudianToObsidianVaults.ps1
[2026-05-04 17:49:16] [2026-05-04 17:49:16] Plugins already installed/enabled for vault: C:\Users\18826\Documents\work_doc_ob\Telpo; installed=23; enabledTotal=25
[2026-05-04 17:49:16] [2026-05-04 17:49:16] Finished. Plugins=23; processed vaults=1; skipped entries=0.
[2026-05-04 17:49:16] Installer finished.
[2026-05-04 17:54:16] Running installer: C:\Users\18826\Documents\work_doc_ob\Telpo\scripts\obsidian-claudian-auto\Install-ClaudianToObsidianVaults.ps1
[2026-05-04 17:54:16] [2026-05-04 17:54:16] Plugins already installed/enabled for vault: C:\Users\18826\Documents\work_doc_ob\Telpo; installed=23; enabledTotal=25
[2026-05-04 17:54:16] [2026-05-04 17:54:16] Finished. Plugins=23; processed vaults=1; skipped entries=0.
[2026-05-04 17:54:16] Installer finished.
[2026-05-04 17:59:17] Running installer: C:\Users\18826\Documents\work_doc_ob\Telpo\scripts\obsidian-claudian-auto\Install-ClaudianToObsidianVaults.ps1
[2026-05-04 17:59:17] [2026-05-04 17:59:17] Plugins already installed/enabled for vault: C:\Users\18826\Documents\work_doc_ob\Telpo; installed=23; enabledTotal=25
[2026-05-04 17:59:17] [2026-05-04 17:59:17] Finished. Plugins=23; processed vaults=1; skipped entries=0.
[2026-05-04 17:59:17] Installer finished.
[2026-05-04 18:04:17] Running installer: C:\Users\18826\Documents\work_doc_ob\Telpo\scripts\obsidian-claudian-auto\Install-ClaudianToObsidianVaults.ps1
[2026-05-04 18:04:17] [2026-05-04 18:04:17] Plugins already installed/enabled for vault: C:\Users\18826\Documents\work_doc_ob\Telpo; installed=23; enabledTotal=25
[2026-05-04 18:04:17] [2026-05-04 18:04:17] Finished. Plugins=23; processed vaults=1; skipped entries=0.
[2026-05-04 18:04:17] Installer finished.
[2026-05-04 18:09:17] Running installer: C:\Users\18826\Documents\work_doc_ob\Telpo\scripts\obsidian-claudian-auto\Install-ClaudianToObsidianVaults.ps1
[2026-05-04 18:09:17] [2026-05-04 18:09:17] Plugins already installed/enabled for vault: C:\Users\18826\Documents\work_doc_ob\Telpo; installed=23; enabledTotal=25
[2026-05-04 18:09:17] [2026-05-04 18:09:17] Finished. Plugins=23; processed vaults=1; skipped entries=0.
[2026-05-04 18:09:17] Installer finished.
[2026-05-04 18:14:18] Running installer: C:\Users\18826\Documents\work_doc_ob\Telpo\scripts\obsidian-claudian-auto\Install-ClaudianToObsidianVaults.ps1
[2026-05-04 18:14:18] [2026-05-04 18:14:18] Plugins already installed/enabled for vault: C:\Users\18826\Documents\work_doc_ob\Telpo; installed=23; enabledTotal=25
[2026-05-04 18:14:18] [2026-05-04 18:14:18] Finished. Plugins=23; processed vaults=1; skipped entries=0.
[2026-05-04 18:14:18] Installer finished.
[2026-05-04 18:19:18] Running installer: C:\Users\18826\Documents\work_doc_ob\Telpo\scripts\obsidian-claudian-auto\Install-ClaudianToObsidianVaults.ps1
[2026-05-04 18:19:18] [2026-05-04 18:19:18] Plugins already installed/enabled for vault: C:\Users\18826\Documents\work_doc_ob\Telpo; installed=23; enabledTotal=25
[2026-05-04 18:19:18] [2026-05-04 18:19:18] Finished. Plugins=23; processed vaults=1; skipped entries=0.
[2026-05-04 18:19:18] Installer finished.
[2026-05-04 18:24:18] Running installer: C:\Users\18826\Documents\work_doc_ob\Telpo\scripts\obsidian-claudian-auto\Install-ClaudianToObsidianVaults.ps1
[2026-05-04 18:24:18] [2026-05-04 18:24:18] Plugins already installed/enabled for vault: C:\Users\18826\Documents\work_doc_ob\Telpo; installed=23; enabledTotal=25
[2026-05-04 18:24:18] [2026-05-04 18:24:18] Finished. Plugins=23; processed vaults=1; skipped entries=0.
[2026-05-04 18:24:18] Installer finished.
[2026-05-04 18:29:19] Running installer: C:\Users\18826\Documents\work_doc_ob\Telpo\scripts\obsidian-claudian-auto\Install-ClaudianToObsidianVaults.ps1
[2026-05-04 18:29:19] [2026-05-04 18:29:19] Plugins already installed/enabled for vault: C:\Users\18826\Documents\work_doc_ob\Telpo; installed=23; enabledTotal=25
[2026-05-04 18:29:19] [2026-05-04 18:29:19] Finished. Plugins=23; processed vaults=1; skipped entries=0.
[2026-05-04 18:29:19] Installer finished.
[2026-05-04 18:34:19] Running installer: C:\Users\18826\Documents\work_doc_ob\Telpo\scripts\obsidian-claudian-auto\Install-ClaudianToObsidianVaults.ps1
[2026-05-04 18:34:19] [2026-05-04 18:34:19] Plugins already installed/enabled for vault: C:\Users\18826\Documents\work_doc_ob\Telpo; installed=23; enabledTotal=25
[2026-05-04 18:34:19] [2026-05-04 18:34:19] Finished. Plugins=23; processed vaults=1; skipped entries=0.
[2026-05-04 18:34:19] Installer finished.
[2026-05-04 18:39:19] Running installer: C:\Users\18826\Documents\work_doc_ob\Telpo\scripts\obsidian-claudian-auto\Install-ClaudianToObsidianVaults.ps1
[2026-05-04 18:39:19] [2026-05-04 18:39:19] Plugins already installed/enabled for vault: C:\Users\18826\Documents\work_doc_ob\Telpo; installed=23; enabledTotal=25
[2026-05-04 18:39:19] [2026-05-04 18:39:19] Finished. Plugins=23; processed vaults=1; skipped entries=0.
[2026-05-04 18:39:19] Installer finished.
[2026-05-04 18:44:19] Running installer: C:\Users\18826\Documents\work_doc_ob\Telpo\scripts\obsidian-claudian-auto\Install-ClaudianToObsidianVaults.ps1
[2026-05-04 18:44:20] [2026-05-04 18:44:20] Plugins already installed/enabled for vault: C:\Users\18826\Documents\work_doc_ob\Telpo; installed=23; enabledTotal=25
[2026-05-04 18:44:20] [2026-05-04 18:44:20] Finished. Plugins=23; processed vaults=1; skipped entries=0.
[2026-05-04 18:44:20] Installer finished.
[2026-05-04 18:49:20] Running installer: C:\Users\18826\Documents\work_doc_ob\Telpo\scripts\obsidian-claudian-auto\Install-ClaudianToObsidianVaults.ps1
[2026-05-04 18:49:20] [2026-05-04 18:49:20] Plugins already installed/enabled for vault: C:\Users\18826\Documents\work_doc_ob\Telpo; installed=23; enabledTotal=25
[2026-05-04 18:49:20] [2026-05-04 18:49:20] Finished. Plugins=23; processed vaults=1; skipped entries=0.
[2026-05-04 18:49:20] Installer finished.
[2026-05-04 18:54:20] Running installer: C:\Users\18826\Documents\work_doc_ob\Telpo\scripts\obsidian-claudian-auto\Install-ClaudianToObsidianVaults.ps1
[2026-05-04 18:54:20] [2026-05-04 18:54:20] Plugins already installed/enabled for vault: C:\Users\18826\Documents\work_doc_ob\Telpo; installed=23; enabledTotal=25
[2026-05-04 18:54:20] [2026-05-04 18:54:20] Finished. Plugins=23; processed vaults=1; skipped entries=0.
[2026-05-04 18:54:20] Installer finished.
[2026-05-04 18:59:20] Running installer: C:\Users\18826\Documents\work_doc_ob\Telpo\scripts\obsidian-claudian-auto\Install-ClaudianToObsidianVaults.ps1
[2026-05-04 18:59:21] [2026-05-04 18:59:21] Plugins already installed/enabled for vault: C:\Users\18826\Documents\work_doc_ob\Telpo; installed=23; enabledTotal=25
[2026-05-04 18:59:21] [2026-05-04 18:59:21] Finished. Plugins=23; processed vaults=1; skipped entries=0.
[2026-05-04 18:59:21] Installer finished.
[2026-05-04 19:04:21] Running installer: C:\Users\18826\Documents\work_doc_ob\Telpo\scripts\obsidian-claudian-auto\Install-ClaudianToObsidianVaults.ps1
[2026-05-04 19:04:21] [2026-05-04 19:04:21] Plugins already installed/enabled for vault: C:\Users\18826\Documents\work_doc_ob\Telpo; installed=23; enabledTotal=25
[2026-05-04 19:04:21] [2026-05-04 19:04:21] Finished. Plugins=23; processed vaults=1; skipped entries=0.
[2026-05-04 19:04:21] Installer finished.
[2026-05-04 19:09:21] Running installer: C:\Users\18826\Documents\work_doc_ob\Telpo\scripts\obsidian-claudian-auto\Install-ClaudianToObsidianVaults.ps1
[2026-05-04 19:09:21] [2026-05-04 19:09:21] Plugins already installed/enabled for vault: C:\Users\18826\Documents\work_doc_ob\Telpo; installed=23; enabledTotal=25
[2026-05-04 19:09:21] [2026-05-04 19:09:21] Finished. Plugins=23; processed vaults=1; skipped entries=0.
[2026-05-04 19:09:21] Installer finished.
[2026-05-04 19:14:21] Running installer: C:\Users\18826\Documents\work_doc_ob\Telpo\scripts\obsidian-claudian-auto\Install-ClaudianToObsidianVaults.ps1
[2026-05-04 19:14:22] [2026-05-04 19:14:22] Plugins already installed/enabled for vault: C:\Users\18826\Documents\work_doc_ob\Telpo; installed=23; enabledTotal=25
[2026-05-04 19:14:22] [2026-05-04 19:14:22] Finished. Plugins=23; processed vaults=1; skipped entries=0.
[2026-05-04 19:14:22] Installer finished.
[2026-05-04 19:19:22] Running installer: C:\Users\18826\Documents\work_doc_ob\Telpo\scripts\obsidian-claudian-auto\Install-ClaudianToObsidianVaults.ps1
[2026-05-04 19:19:22] [2026-05-04 19:19:22] Plugins already installed/enabled for vault: C:\Users\18826\Documents\work_doc_ob\Telpo; installed=23; enabledTotal=25
[2026-05-04 19:19:22] [2026-05-04 19:19:22] Finished. Plugins=23; processed vaults=1; skipped entries=0.
[2026-05-04 19:19:22] Installer finished.
[2026-05-04 19:24:22] Running installer: C:\Users\18826\Documents\work_doc_ob\Telpo\scripts\obsidian-claudian-auto\Install-ClaudianToObsidianVaults.ps1
[2026-05-04 19:24:22] [2026-05-04 19:24:22] Plugins already installed/enabled for vault: C:\Users\18826\Documents\work_doc_ob\Telpo; installed=23; enabledTotal=25
[2026-05-04 19:24:22] [2026-05-04 19:24:22] Finished. Plugins=23; processed vaults=1; skipped entries=0.
[2026-05-04 19:24:22] Installer finished.
[2026-05-04 19:29:22] Running installer: C:\Users\18826\Documents\work_doc_ob\Telpo\scripts\obsidian-claudian-auto\Install-ClaudianToObsidianVaults.ps1
[2026-05-04 19:29:23] [2026-05-04 19:29:23] Plugins already installed/enabled for vault: C:\Users\18826\Documents\work_doc_ob\Telpo; installed=23; enabledTotal=25
[2026-05-04 19:29:23] [2026-05-04 19:29:23] Finished. Plugins=23; processed vaults=1; skipped entries=0.
[2026-05-04 19:29:23] Installer finished.
[2026-05-04 19:34:23] Running installer: C:\Users\18826\Documents\work_doc_ob\Telpo\scripts\obsidian-claudian-auto\Install-ClaudianToObsidianVaults.ps1
[2026-05-04 19:34:23] [2026-05-04 19:34:23] Plugins already installed/enabled for vault: C:\Users\18826\Documents\work_doc_ob\Telpo; installed=23; enabledTotal=25
[2026-05-04 19:34:23] [2026-05-04 19:34:23] Finished. Plugins=23; processed vaults=1; skipped entries=0.
[2026-05-04 19:34:23] Installer finished.
[2026-05-04 19:39:23] Running installer: C:\Users\18826\Documents\work_doc_ob\Telpo\scripts\obsidian-claudian-auto\Install-ClaudianToObsidianVaults.ps1
[2026-05-04 19:39:23] [2026-05-04 19:39:23] Plugins already installed/enabled for vault: C:\Users\18826\Documents\work_doc_ob\Telpo; installed=23; enabledTotal=25
[2026-05-04 19:39:23] [2026-05-04 19:39:23] Finished. Plugins=23; processed vaults=1; skipped entries=0.
[2026-05-04 19:39:23] Installer finished.
[2026-05-04 19:44:23] Running installer: C:\Users\18826\Documents\work_doc_ob\Telpo\scripts\obsidian-claudian-auto\Install-ClaudianToObsidianVaults.ps1
[2026-05-04 19:44:24] [2026-05-04 19:44:24] Plugins already installed/enabled for vault: C:\Users\18826\Documents\work_doc_ob\Telpo; installed=23; enabledTotal=25
[2026-05-04 19:44:24] [2026-05-04 19:44:24] Finished. Plugins=23; processed vaults=1; skipped entries=0.
[2026-05-04 19:44:24] Installer finished.
[2026-05-04 19:49:24] Running installer: C:\Users\18826\Documents\work_doc_ob\Telpo\scripts\obsidian-claudian-auto\Install-ClaudianToObsidianVaults.ps1
[2026-05-04 19:49:24] [2026-05-04 19:49:24] Plugins already installed/enabled for vault: C:\Users\18826\Documents\work_doc_ob\Telpo; installed=23; enabledTotal=25
[2026-05-04 19:49:24] [2026-05-04 19:49:24] Finished. Plugins=23; processed vaults=1; skipped entries=0.
[2026-05-04 19:49:24] Installer finished.
[2026-05-04 19:54:24] Running installer: C:\Users\18826\Documents\work_doc_ob\Telpo\scripts\obsidian-claudian-auto\Install-ClaudianToObsidianVaults.ps1
[2026-05-04 19:54:24] [2026-05-04 19:54:24] Plugins already installed/enabled for vault: C:\Users\18826\Documents\work_doc_ob\Telpo; installed=23; enabledTotal=25
[2026-05-04 19:54:24] [2026-05-04 19:54:24] Finished. Plugins=23; processed vaults=1; skipped entries=0.
[2026-05-04 19:54:24] Installer finished.
[2026-05-04 19:59:24] Running installer: C:\Users\18826\Documents\work_doc_ob\Telpo\scripts\obsidian-claudian-auto\Install-ClaudianToObsidianVaults.ps1
[2026-05-04 19:59:25] [2026-05-04 19:59:25] Plugins already installed/enabled for vault: C:\Users\18826\Documents\work_doc_ob\Telpo; installed=23; enabledTotal=25
[2026-05-04 19:59:25] [2026-05-04 19:59:25] Finished. Plugins=23; processed vaults=1; skipped entries=0.
[2026-05-04 19:59:25] Installer finished.
[2026-05-04 20:04:25] Running installer: C:\Users\18826\Documents\work_doc_ob\Telpo\scripts\obsidian-claudian-auto\Install-ClaudianToObsidianVaults.ps1
[2026-05-04 20:04:25] [2026-05-04 20:04:25] Plugins already installed/enabled for vault: C:\Users\18826\Documents\work_doc_ob\Telpo; installed=23; enabledTotal=25
[2026-05-04 20:04:25] [2026-05-04 20:04:25] Finished. Plugins=23; processed vaults=1; skipped entries=0.
[2026-05-04 20:04:25] Installer finished.
[2026-05-04 20:09:25] Running installer: C:\Users\18826\Documents\work_doc_ob\Telpo\scripts\obsidian-claudian-auto\Install-ClaudianToObsidianVaults.ps1
[2026-05-04 20:09:25] [2026-05-04 20:09:25] Plugins already installed/enabled for vault: C:\Users\18826\Documents\work_doc_ob\Telpo; installed=23; enabledTotal=25
[2026-05-04 20:09:25] [2026-05-04 20:09:25] Finished. Plugins=23; processed vaults=1; skipped entries=0.
[2026-05-04 20:09:25] Installer finished.
[2026-05-04 20:14:25] Running installer: C:\Users\18826\Documents\work_doc_ob\Telpo\scripts\obsidian-claudian-auto\Install-ClaudianToObsidianVaults.ps1
[2026-05-04 20:14:25] [2026-05-04 20:14:25] Plugins already installed/enabled for vault: C:\Users\18826\Documents\work_doc_ob\Telpo; installed=23; enabledTotal=25
[2026-05-04 20:14:25] [2026-05-04 20:14:25] Finished. Plugins=23; processed vaults=1; skipped entries=0.
[2026-05-04 20:14:25] Installer finished.
[2026-05-04 20:19:26] Running installer: C:\Users\18826\Documents\work_doc_ob\Telpo\scripts\obsidian-claudian-auto\Install-ClaudianToObsidianVaults.ps1
[2026-05-04 20:19:26] [2026-05-04 20:19:26] Plugins already installed/enabled for vault: C:\Users\18826\Documents\work_doc_ob\Telpo; installed=23; enabledTotal=25
[2026-05-04 20:19:26] [2026-05-04 20:19:26] Finished. Plugins=23; processed vaults=1; skipped entries=0.
[2026-05-04 20:19:26] Installer finished.
[2026-05-04 20:24:26] Running installer: C:\Users\18826\Documents\work_doc_ob\Telpo\scripts\obsidian-claudian-auto\Install-ClaudianToObsidianVaults.ps1
[2026-05-04 20:24:26] [2026-05-04 20:24:26] Plugins already installed/enabled for vault: C:\Users\18826\Documents\work_doc_ob\Telpo; installed=23; enabledTotal=25
[2026-05-04 20:24:26] [2026-05-04 20:24:26] Finished. Plugins=23; processed vaults=1; skipped entries=0.
[2026-05-04 20:24:26] Installer finished.
[2026-05-04 20:29:26] Running installer: C:\Users\18826\Documents\work_doc_ob\Telpo\scripts\obsidian-claudian-auto\Install-ClaudianToObsidianVaults.ps1
[2026-05-04 20:29:26] [2026-05-04 20:29:26] Plugins already installed/enabled for vault: C:\Users\18826\Documents\work_doc_ob\Telpo; installed=23; enabledTotal=25
[2026-05-04 20:29:26] [2026-05-04 20:29:26] Finished. Plugins=23; processed vaults=1; skipped entries=0.
[2026-05-04 20:29:26] Installer finished.
[2026-05-04 20:34:27] Running installer: C:\Users\18826\Documents\work_doc_ob\Telpo\scripts\obsidian-claudian-auto\Install-ClaudianToObsidianVaults.ps1
[2026-05-04 20:34:27] [2026-05-04 20:34:27] Plugins already installed/enabled for vault: C:\Users\18826\Documents\work_doc_ob\Telpo; installed=23; enabledTotal=25
[2026-05-04 20:34:27] [2026-05-04 20:34:27] Finished. Plugins=23; processed vaults=1; skipped entries=0.
[2026-05-04 20:34:27] Installer finished.
[2026-05-04 20:39:27] Running installer: C:\Users\18826\Documents\work_doc_ob\Telpo\scripts\obsidian-claudian-auto\Install-ClaudianToObsidianVaults.ps1
[2026-05-04 20:39:27] [2026-05-04 20:39:27] Plugins already installed/enabled for vault: C:\Users\18826\Documents\work_doc_ob\Telpo; installed=23; enabledTotal=25
[2026-05-04 20:39:27] [2026-05-04 20:39:27] Finished. Plugins=23; processed vaults=1; skipped entries=0.
[2026-05-04 20:39:27] Installer finished.
[2026-05-04 20:44:27] Running installer: C:\Users\18826\Documents\work_doc_ob\Telpo\scripts\obsidian-claudian-auto\Install-ClaudianToObsidianVaults.ps1
[2026-05-04 20:44:27] [2026-05-04 20:44:27] Plugins already installed/enabled for vault: C:\Users\18826\Documents\work_doc_ob\Telpo; installed=23; enabledTotal=25
[2026-05-04 20:44:27] [2026-05-04 20:44:27] Finished. Plugins=23; processed vaults=1; skipped entries=0.
[2026-05-04 20:44:27] Installer finished.
[2026-05-04 20:49:28] Running installer: C:\Users\18826\Documents\work_doc_ob\Telpo\scripts\obsidian-claudian-auto\Install-ClaudianToObsidianVaults.ps1
[2026-05-04 20:49:28] [2026-05-04 20:49:28] Plugins already installed/enabled for vault: C:\Users\18826\Documents\work_doc_ob\Telpo; installed=23; enabledTotal=25
[2026-05-04 20:49:28] [2026-05-04 20:49:28] Finished. Plugins=23; processed vaults=1; skipped entries=0.
[2026-05-04 20:49:28] Installer finished.
[2026-05-04 20:54:28] Running installer: C:\Users\18826\Documents\work_doc_ob\Telpo\scripts\obsidian-claudian-auto\Install-ClaudianToObsidianVaults.ps1
[2026-05-04 20:54:28] [2026-05-04 20:54:28] Plugins already installed/enabled for vault: C:\Users\18826\Documents\work_doc_ob\Telpo; installed=23; enabledTotal=25
[2026-05-04 20:54:28] [2026-05-04 20:54:28] Finished. Plugins=23; processed vaults=1; skipped entries=0.
[2026-05-04 20:54:28] Installer finished.
[2026-05-04 20:59:28] Running installer: C:\Users\18826\Documents\work_doc_ob\Telpo\scripts\obsidian-claudian-auto\Install-ClaudianToObsidianVaults.ps1
[2026-05-04 20:59:28] [2026-05-04 20:59:28] Plugins already installed/enabled for vault: C:\Users\18826\Documents\work_doc_ob\Telpo; installed=23; enabledTotal=25
[2026-05-04 20:59:28] [2026-05-04 20:59:28] Finished. Plugins=23; processed vaults=1; skipped entries=0.
[2026-05-04 20:59:28] Installer finished.
[2026-05-04 21:04:28] Running installer: C:\Users\18826\Documents\work_doc_ob\Telpo\scripts\obsidian-claudian-auto\Install-ClaudianToObsidianVaults.ps1
[2026-05-04 21:04:29] [2026-05-04 21:04:29] Plugins already installed/enabled for vault: C:\Users\18826\Documents\work_doc_ob\Telpo; installed=23; enabledTotal=25
[2026-05-04 21:04:29] [2026-05-04 21:04:29] Finished. Plugins=23; processed vaults=1; skipped entries=0.
[2026-05-04 21:04:29] Installer finished.
[2026-05-04 21:09:29] Running installer: C:\Users\18826\Documents\work_doc_ob\Telpo\scripts\obsidian-claudian-auto\Install-ClaudianToObsidianVaults.ps1
[2026-05-04 21:09:29] [2026-05-04 21:09:29] Plugins already installed/enabled for vault: C:\Users\18826\Documents\work_doc_ob\Telpo; installed=23; enabledTotal=25
[2026-05-04 21:09:29] [2026-05-04 21:09:29] Finished. Plugins=23; processed vaults=1; skipped entries=0.
[2026-05-04 21:09:29] Installer finished.
[2026-05-04 21:14:29] Running installer: C:\Users\18826\Documents\work_doc_ob\Telpo\scripts\obsidian-claudian-auto\Install-ClaudianToObsidianVaults.ps1
[2026-05-04 21:14:29] [2026-05-04 21:14:29] Plugins already installed/enabled for vault: C:\Users\18826\Documents\work_doc_ob\Telpo; installed=23; enabledTotal=25
[2026-05-04 21:14:29] [2026-05-04 21:14:29] Finished. Plugins=23; processed vaults=1; skipped entries=0.
[2026-05-04 21:14:29] Installer finished.
[2026-05-04 21:19:29] Running installer: C:\Users\18826\Documents\work_doc_ob\Telpo\scripts\obsidian-claudian-auto\Install-ClaudianToObsidianVaults.ps1
[2026-05-04 21:19:30] [2026-05-04 21:19:30] Plugins already installed/enabled for vault: C:\Users\18826\Documents\work_doc_ob\Telpo; installed=23; enabledTotal=25
[2026-05-04 21:19:30] [2026-05-04 21:19:30] Finished. Plugins=23; processed vaults=1; skipped entries=0.
[2026-05-04 21:19:30] Installer finished.
[2026-05-04 21:24:30] Running installer: C:\Users\18826\Documents\work_doc_ob\Telpo\scripts\obsidian-claudian-auto\Install-ClaudianToObsidianVaults.ps1
[2026-05-04 21:24:30] [2026-05-04 21:24:30] Plugins already installed/enabled for vault: C:\Users\18826\Documents\work_doc_ob\Telpo; installed=23; enabledTotal=25
[2026-05-04 21:24:30] [2026-05-04 21:24:30] Finished. Plugins=23; processed vaults=1; skipped entries=0.
[2026-05-04 21:24:30] Installer finished.
[2026-05-04 21:29:30] Running installer: C:\Users\18826\Documents\work_doc_ob\Telpo\scripts\obsidian-claudian-auto\Install-ClaudianToObsidianVaults.ps1
[2026-05-04 21:29:30] [2026-05-04 21:29:30] Plugins already installed/enabled for vault: C:\Users\18826\Documents\work_doc_ob\Telpo; installed=23; enabledTotal=25
[2026-05-04 21:29:30] [2026-05-04 21:29:30] Finished. Plugins=23; processed vaults=1; skipped entries=0.
[2026-05-04 21:29:30] Installer finished.
[2026-05-04 21:34:30] Running installer: C:\Users\18826\Documents\work_doc_ob\Telpo\scripts\obsidian-claudian-auto\Install-ClaudianToObsidianVaults.ps1
[2026-05-04 21:34:31] [2026-05-04 21:34:31] Plugins already installed/enabled for vault: C:\Users\18826\Documents\work_doc_ob\Telpo; installed=23; enabledTotal=25
[2026-05-04 21:34:31] [2026-05-04 21:34:31] Finished. Plugins=23; processed vaults=1; skipped entries=0.
[2026-05-04 21:34:31] Installer finished.
[2026-05-04 21:39:31] Running installer: C:\Users\18826\Documents\work_doc_ob\Telpo\scripts\obsidian-claudian-auto\Install-ClaudianToObsidianVaults.ps1
[2026-05-04 21:39:31] [2026-05-04 21:39:31] Plugins already installed/enabled for vault: C:\Users\18826\Documents\work_doc_ob\Telpo; installed=23; enabledTotal=25
[2026-05-04 21:39:31] [2026-05-04 21:39:31] Finished. Plugins=23; processed vaults=1; skipped entries=0.
[2026-05-04 21:39:31] Installer finished.
[2026-05-04 21:44:31] Running installer: C:\Users\18826\Documents\work_doc_ob\Telpo\scripts\obsidian-claudian-auto\Install-ClaudianToObsidianVaults.ps1
[2026-05-04 21:44:31] [2026-05-04 21:44:31] Plugins already installed/enabled for vault: C:\Users\18826\Documents\work_doc_ob\Telpo; installed=23; enabledTotal=25
[2026-05-04 21:44:31] [2026-05-04 21:44:31] Finished. Plugins=23; processed vaults=1; skipped entries=0.
[2026-05-04 21:44:31] Installer finished.
[2026-05-04 21:49:31] Running installer: C:\Users\18826\Documents\work_doc_ob\Telpo\scripts\obsidian-claudian-auto\Install-ClaudianToObsidianVaults.ps1
[2026-05-04 21:49:32] [2026-05-04 21:49:32] Plugins already installed/enabled for vault: C:\Users\18826\Documents\work_doc_ob\Telpo; installed=23; enabledTotal=25
[2026-05-04 21:49:32] [2026-05-04 21:49:32] Finished. Plugins=23; processed vaults=1; skipped entries=0.
[2026-05-04 21:49:32] Installer finished.
[2026-05-04 21:54:32] Running installer: C:\Users\18826\Documents\work_doc_ob\Telpo\scripts\obsidian-claudian-auto\Install-ClaudianToObsidianVaults.ps1
[2026-05-04 21:54:32] [2026-05-04 21:54:32] Plugins already installed/enabled for vault: C:\Users\18826\Documents\work_doc_ob\Telpo; installed=23; enabledTotal=25
[2026-05-04 21:54:32] [2026-05-04 21:54:32] Finished. Plugins=23; processed vaults=1; skipped entries=0.
[2026-05-04 21:54:32] Installer finished.
[2026-05-04 21:59:32] Running installer: C:\Users\18826\Documents\work_doc_ob\Telpo\scripts\obsidian-claudian-auto\Install-ClaudianToObsidianVaults.ps1
[2026-05-04 21:59:32] [2026-05-04 21:59:32] Plugins already installed/enabled for vault: C:\Users\18826\Documents\work_doc_ob\Telpo; installed=23; enabledTotal=25
[2026-05-04 21:59:32] [2026-05-04 21:59:32] Finished. Plugins=23; processed vaults=1; skipped entries=0.
[2026-05-04 21:59:32] Installer finished.
[2026-05-04 22:04:32] Running installer: C:\Users\18826\Documents\work_doc_ob\Telpo\scripts\obsidian-claudian-auto\Install-ClaudianToObsidianVaults.ps1
[2026-05-04 22:04:33] [2026-05-04 22:04:33] Plugins already installed/enabled for vault: C:\Users\18826\Documents\work_doc_ob\Telpo; installed=23; enabledTotal=25
[2026-05-04 22:04:33] [2026-05-04 22:04:33] Finished. Plugins=23; processed vaults=1; skipped entries=0.
[2026-05-04 22:04:33] Installer finished.
[2026-05-04 22:09:33] Running installer: C:\Users\18826\Documents\work_doc_ob\Telpo\scripts\obsidian-claudian-auto\Install-ClaudianToObsidianVaults.ps1
[2026-05-04 22:09:33] [2026-05-04 22:09:33] Plugins already installed/enabled for vault: C:\Users\18826\Documents\work_doc_ob\Telpo; installed=23; enabledTotal=25
[2026-05-04 22:09:33] [2026-05-04 22:09:33] Finished. Plugins=23; processed vaults=1; skipped entries=0.
[2026-05-04 22:09:33] Installer finished.
[2026-05-04 22:14:33] Running installer: C:\Users\18826\Documents\work_doc_ob\Telpo\scripts\obsidian-claudian-auto\Install-ClaudianToObsidianVaults.ps1
[2026-05-04 22:14:33] [2026-05-04 22:14:33] Plugins already installed/enabled for vault: C:\Users\18826\Documents\work_doc_ob\Telpo; installed=23; enabledTotal=25
[2026-05-04 22:14:33] [2026-05-04 22:14:33] Finished. Plugins=23; processed vaults=1; skipped entries=0.
[2026-05-04 22:14:33] Installer finished.
[2026-05-04 22:19:33] Running installer: C:\Users\18826\Documents\work_doc_ob\Telpo\scripts\obsidian-claudian-auto\Install-ClaudianToObsidianVaults.ps1
[2026-05-04 22:19:34] [2026-05-04 22:19:34] Plugins already installed/enabled for vault: C:\Users\18826\Documents\work_doc_ob\Telpo; installed=23; enabledTotal=25
[2026-05-04 22:19:34] [2026-05-04 22:19:34] Finished. Plugins=23; processed vaults=1; skipped entries=0.
[2026-05-04 22:19:34] Installer finished.
[2026-05-04 22:24:34] Running installer: C:\Users\18826\Documents\work_doc_ob\Telpo\scripts\obsidian-claudian-auto\Install-ClaudianToObsidianVaults.ps1
[2026-05-04 22:24:34] [2026-05-04 22:24:34] Plugins already installed/enabled for vault: C:\Users\18826\Documents\work_doc_ob\Telpo; installed=23; enabledTotal=25
[2026-05-04 22:24:34] [2026-05-04 22:24:34] Finished. Plugins=23; processed vaults=1; skipped entries=0.
[2026-05-04 22:24:34] Installer finished.
[2026-05-04 22:29:34] Running installer: C:\Users\18826\Documents\work_doc_ob\Telpo\scripts\obsidian-claudian-auto\Install-ClaudianToObsidianVaults.ps1
[2026-05-04 22:29:34] [2026-05-04 22:29:34] Plugins already installed/enabled for vault: C:\Users\18826\Documents\work_doc_ob\Telpo; installed=23; enabledTotal=25
[2026-05-04 22:29:34] [2026-05-04 22:29:34] Finished. Plugins=23; processed vaults=1; skipped entries=0.
[2026-05-04 22:29:34] Installer finished.
[2026-05-04 22:34:34] Running installer: C:\Users\18826\Documents\work_doc_ob\Telpo\scripts\obsidian-claudian-auto\Install-ClaudianToObsidianVaults.ps1
[2026-05-04 22:34:35] [2026-05-04 22:34:35] Plugins already installed/enabled for vault: C:\Users\18826\Documents\work_doc_ob\Telpo; installed=23; enabledTotal=25
[2026-05-04 22:34:35] [2026-05-04 22:34:35] Finished. Plugins=23; processed vaults=1; skipped entries=0.
[2026-05-04 22:34:35] Installer finished.
[2026-05-04 22:39:35] Running installer: C:\Users\18826\Documents\work_doc_ob\Telpo\scripts\obsidian-claudian-auto\Install-ClaudianToObsidianVaults.ps1
[2026-05-04 22:39:35] [2026-05-04 22:39:35] Plugins already installed/enabled for vault: C:\Users\18826\Documents\work_doc_ob\Telpo; installed=23; enabledTotal=25
[2026-05-04 22:39:35] [2026-05-04 22:39:35] Finished. Plugins=23; processed vaults=1; skipped entries=0.
[2026-05-04 22:39:35] Installer finished.
[2026-05-04 22:44:35] Running installer: C:\Users\18826\Documents\work_doc_ob\Telpo\scripts\obsidian-claudian-auto\Install-ClaudianToObsidianVaults.ps1
[2026-05-04 22:44:35] [2026-05-04 22:44:35] Plugins already installed/enabled for vault: C:\Users\18826\Documents\work_doc_ob\Telpo; installed=23; enabledTotal=25
[2026-05-04 22:44:35] [2026-05-04 22:44:35] Finished. Plugins=23; processed vaults=1; skipped entries=0.
[2026-05-04 22:44:35] Installer finished.
[2026-05-04 22:49:35] Running installer: C:\Users\18826\Documents\work_doc_ob\Telpo\scripts\obsidian-claudian-auto\Install-ClaudianToObsidianVaults.ps1
[2026-05-04 22:49:36] [2026-05-04 22:49:36] Plugins already installed/enabled for vault: C:\Users\18826\Documents\work_doc_ob\Telpo; installed=23; enabledTotal=25
[2026-05-04 22:49:36] [2026-05-04 22:49:36] Finished. Plugins=23; processed vaults=1; skipped entries=0.
[2026-05-04 22:49:36] Installer finished.
[2026-05-04 22:54:36] Running installer: C:\Users\18826\Documents\work_doc_ob\Telpo\scripts\obsidian-claudian-auto\Install-ClaudianToObsidianVaults.ps1
[2026-05-04 22:54:36] [2026-05-04 22:54:36] Plugins already installed/enabled for vault: C:\Users\18826\Documents\work_doc_ob\Telpo; installed=23; enabledTotal=25
[2026-05-04 22:54:36] [2026-05-04 22:54:36] Finished. Plugins=23; processed vaults=1; skipped entries=0.
[2026-05-04 22:54:36] Installer finished.
[2026-05-04 22:59:36] Running installer: C:\Users\18826\Documents\work_doc_ob\Telpo\scripts\obsidian-claudian-auto\Install-ClaudianToObsidianVaults.ps1
[2026-05-04 22:59:36] [2026-05-04 22:59:36] Plugins already installed/enabled for vault: C:\Users\18826\Documents\work_doc_ob\Telpo; installed=23; enabledTotal=25
[2026-05-04 22:59:36] [2026-05-04 22:59:36] Finished. Plugins=23; processed vaults=1; skipped entries=0.
[2026-05-04 22:59:36] Installer finished.
[2026-05-04 23:04:36] Running installer: C:\Users\18826\Documents\work_doc_ob\Telpo\scripts\obsidian-claudian-auto\Install-ClaudianToObsidianVaults.ps1
[2026-05-04 23:04:36] [2026-05-04 23:04:36] Plugins already installed/enabled for vault: C:\Users\18826\Documents\work_doc_ob\Telpo; installed=23; enabledTotal=25
[2026-05-04 23:04:36] [2026-05-04 23:04:36] Finished. Plugins=23; processed vaults=1; skipped entries=0.
[2026-05-04 23:04:36] Installer finished.
[2026-05-04 23:09:37] Running installer: C:\Users\18826\Documents\work_doc_ob\Telpo\scripts\obsidian-claudian-auto\Install-ClaudianToObsidianVaults.ps1
[2026-05-04 23:09:37] [2026-05-04 23:09:37] Plugins already installed/enabled for vault: C:\Users\18826\Documents\work_doc_ob\Telpo; installed=23; enabledTotal=25
[2026-05-04 23:09:37] [2026-05-04 23:09:37] Finished. Plugins=23; processed vaults=1; skipped entries=0.
[2026-05-04 23:09:37] Installer finished.
[2026-05-04 23:14:37] Running installer: C:\Users\18826\Documents\work_doc_ob\Telpo\scripts\obsidian-claudian-auto\Install-ClaudianToObsidianVaults.ps1
[2026-05-04 23:14:37] [2026-05-04 23:14:37] Plugins already installed/enabled for vault: C:\Users\18826\Documents\work_doc_ob\Telpo; installed=23; enabledTotal=25
[2026-05-04 23:14:37] [2026-05-04 23:14:37] Finished. Plugins=23; processed vaults=1; skipped entries=0.
[2026-05-04 23:14:37] Installer finished.
[2026-05-04 23:19:37] Running installer: C:\Users\18826\Documents\work_doc_ob\Telpo\scripts\obsidian-claudian-auto\Install-ClaudianToObsidianVaults.ps1
[2026-05-04 23:19:37] [2026-05-04 23:19:37] Plugins already installed/enabled for vault: C:\Users\18826\Documents\work_doc_ob\Telpo; installed=23; enabledTotal=25
[2026-05-04 23:19:37] [2026-05-04 23:19:37] Finished. Plugins=23; processed vaults=1; skipped entries=0.
[2026-05-04 23:19:37] Installer finished.
[2026-05-04 23:24:37] Running installer: C:\Users\18826\Documents\work_doc_ob\Telpo\scripts\obsidian-claudian-auto\Install-ClaudianToObsidianVaults.ps1
[2026-05-04 23:24:38] [2026-05-04 23:24:38] Plugins already installed/enabled for vault: C:\Users\18826\Documents\work_doc_ob\Telpo; installed=23; enabledTotal=25
[2026-05-04 23:24:38] [2026-05-04 23:24:38] Finished. Plugins=23; processed vaults=1; skipped entries=0.
[2026-05-04 23:24:38] Installer finished.
[2026-05-04 23:29:38] Running installer: C:\Users\18826\Documents\work_doc_ob\Telpo\scripts\obsidian-claudian-auto\Install-ClaudianToObsidianVaults.ps1
[2026-05-04 23:29:38] [2026-05-04 23:29:38] Plugins already installed/enabled for vault: C:\Users\18826\Documents\work_doc_ob\Telpo; installed=23; enabledTotal=25
[2026-05-04 23:29:38] [2026-05-04 23:29:38] Finished. Plugins=23; processed vaults=1; skipped entries=0.
[2026-05-04 23:29:38] Installer finished.
[2026-05-04 23:34:38] Running installer: C:\Users\18826\Documents\work_doc_ob\Telpo\scripts\obsidian-claudian-auto\Install-ClaudianToObsidianVaults.ps1
[2026-05-04 23:34:38] [2026-05-04 23:34:38] Plugins already installed/enabled for vault: C:\Users\18826\Documents\work_doc_ob\Telpo; installed=23; enabledTotal=25
[2026-05-04 23:34:38] [2026-05-04 23:34:38] Finished. Plugins=23; processed vaults=1; skipped entries=0.
[2026-05-04 23:34:38] Installer finished.
[2026-05-04 23:39:38] Running installer: C:\Users\18826\Documents\work_doc_ob\Telpo\scripts\obsidian-claudian-auto\Install-ClaudianToObsidianVaults.ps1
[2026-05-04 23:39:39] [2026-05-04 23:39:39] Plugins already installed/enabled for vault: C:\Users\18826\Documents\work_doc_ob\Telpo; installed=23; enabledTotal=25
[2026-05-04 23:39:39] [2026-05-04 23:39:39] Finished. Plugins=23; processed vaults=1; skipped entries=0.
[2026-05-04 23:39:39] Installer finished.
[2026-05-04 23:41:09] Obsidian vault registry changed: C:\Users\18826\AppData\Roaming\obsidian\obsidian.json
[2026-05-04 23:41:09] Running installer: C:\Users\18826\Documents\work_doc_ob\Telpo\scripts\obsidian-claudian-auto\Install-ClaudianToObsidianVaults.ps1
[2026-05-04 23:41:09] [2026-05-04 23:41:09] Plugins already installed/enabled for vault: C:\Users\18826\Documents\work_doc_ob\Telpo; installed=23; enabledTotal=25
[2026-05-04 23:41:09] [2026-05-04 23:41:09] Finished. Plugins=23; processed vaults=1; skipped entries=0.
[2026-05-04 23:41:09] Installer finished.
[2026-05-04 23:46:09] Running installer: C:\Users\18826\Documents\work_doc_ob\Telpo\scripts\obsidian-claudian-auto\Install-ClaudianToObsidianVaults.ps1
[2026-05-04 23:46:09] [2026-05-04 23:46:09] Plugins already installed/enabled for vault: C:\Users\18826\Documents\work_doc_ob\Telpo; installed=23; enabledTotal=25
[2026-05-04 23:46:09] [2026-05-04 23:46:09] Finished. Plugins=23; processed vaults=1; skipped entries=0.
[2026-05-04 23:46:09] Installer finished.
[2026-05-04 23:51:09] Running installer: C:\Users\18826\Documents\work_doc_ob\Telpo\scripts\obsidian-claudian-auto\Install-ClaudianToObsidianVaults.ps1
[2026-05-04 23:51:09] [2026-05-04 23:51:09] Plugins already installed/enabled for vault: C:\Users\18826\Documents\work_doc_ob\Telpo; installed=23; enabledTotal=25
[2026-05-04 23:51:09] [2026-05-04 23:51:09] Finished. Plugins=23; processed vaults=1; skipped entries=0.
[2026-05-04 23:51:09] Installer finished.
[2026-05-04 23:56:10] Running installer: C:\Users\18826\Documents\work_doc_ob\Telpo\scripts\obsidian-claudian-auto\Install-ClaudianToObsidianVaults.ps1
[2026-05-04 23:56:10] [2026-05-04 23:56:10] Plugins already installed/enabled for vault: C:\Users\18826\Documents\work_doc_ob\Telpo; installed=23; enabledTotal=25
[2026-05-04 23:56:10] [2026-05-04 23:56:10] Finished. Plugins=23; processed vaults=1; skipped entries=0.
[2026-05-04 23:56:10] Installer finished.
[2026-05-05 00:01:10] Running installer: C:\Users\18826\Documents\work_doc_ob\Telpo\scripts\obsidian-claudian-auto\Install-ClaudianToObsidianVaults.ps1
[2026-05-05 00:01:10] [2026-05-05 00:01:10] Plugins already installed/enabled for vault: C:\Users\18826\Documents\work_doc_ob\Telpo; installed=23; enabledTotal=25
[2026-05-05 00:01:10] [2026-05-05 00:01:10] Finished. Plugins=23; processed vaults=1; skipped entries=0.
[2026-05-05 00:01:10] Installer finished.
[2026-05-05 00:06:10] Running installer: C:\Users\18826\Documents\work_doc_ob\Telpo\scripts\obsidian-claudian-auto\Install-ClaudianToObsidianVaults.ps1
[2026-05-05 00:06:11] [2026-05-05 00:06:11] Plugins already installed/enabled for vault: C:\Users\18826\Documents\work_doc_ob\Telpo; installed=23; enabledTotal=25
[2026-05-05 00:06:11] [2026-05-05 00:06:11] Finished. Plugins=23; processed vaults=1; skipped entries=0.
[2026-05-05 00:06:11] Installer finished.
[2026-05-05 00:11:11] Running installer: C:\Users\18826\Documents\work_doc_ob\Telpo\scripts\obsidian-claudian-auto\Install-ClaudianToObsidianVaults.ps1
[2026-05-05 00:11:11] [2026-05-05 00:11:11] Plugins already installed/enabled for vault: C:\Users\18826\Documents\work_doc_ob\Telpo; installed=23; enabledTotal=25
[2026-05-05 00:11:11] [2026-05-05 00:11:11] Finished. Plugins=23; processed vaults=1; skipped entries=0.
[2026-05-05 00:11:11] Installer finished.
[2026-05-05 00:16:11] Running installer: C:\Users\18826\Documents\work_doc_ob\Telpo\scripts\obsidian-claudian-auto\Install-ClaudianToObsidianVaults.ps1
[2026-05-05 00:16:11] [2026-05-05 00:16:11] Plugins already installed/enabled for vault: C:\Users\18826\Documents\work_doc_ob\Telpo; installed=23; enabledTotal=25
[2026-05-05 00:16:11] [2026-05-05 00:16:11] Finished. Plugins=23; processed vaults=1; skipped entries=0.
[2026-05-05 00:16:11] Installer finished.
[2026-05-05 00:21:11] Running installer: C:\Users\18826\Documents\work_doc_ob\Telpo\scripts\obsidian-claudian-auto\Install-ClaudianToObsidianVaults.ps1
[2026-05-05 00:21:11] [2026-05-05 00:21:11] Plugins already installed/enabled for vault: C:\Users\18826\Documents\work_doc_ob\Telpo; installed=23; enabledTotal=25
[2026-05-05 00:21:11] [2026-05-05 00:21:11] Finished. Plugins=23; processed vaults=1; skipped entries=0.
[2026-05-05 00:21:11] Installer finished.
[2026-05-05 00:26:12] Running installer: C:\Users\18826\Documents\work_doc_ob\Telpo\scripts\obsidian-claudian-auto\Install-ClaudianToObsidianVaults.ps1
[2026-05-05 00:26:12] [2026-05-05 00:26:12] Plugins already installed/enabled for vault: C:\Users\18826\Documents\work_doc_ob\Telpo; installed=23; enabledTotal=25
[2026-05-05 00:26:12] [2026-05-05 00:26:12] Finished. Plugins=23; processed vaults=1; skipped entries=0.
[2026-05-05 00:26:12] Installer finished.
[2026-05-05 00:31:12] Running installer: C:\Users\18826\Documents\work_doc_ob\Telpo\scripts\obsidian-claudian-auto\Install-ClaudianToObsidianVaults.ps1
[2026-05-05 00:31:12] [2026-05-05 00:31:12] Plugins already installed/enabled for vault: C:\Users\18826\Documents\work_doc_ob\Telpo; installed=23; enabledTotal=25
[2026-05-05 00:31:12] [2026-05-05 00:31:12] Finished. Plugins=23; processed vaults=1; skipped entries=0.
[2026-05-05 00:31:12] Installer finished.
[2026-05-05 00:36:12] Running installer: C:\Users\18826\Documents\work_doc_ob\Telpo\scripts\obsidian-claudian-auto\Install-ClaudianToObsidianVaults.ps1
[2026-05-05 00:36:12] [2026-05-05 00:36:12] Plugins already installed/enabled for vault: C:\Users\18826\Documents\work_doc_ob\Telpo; installed=23; enabledTotal=25
[2026-05-05 00:36:12] [2026-05-05 00:36:12] Finished. Plugins=23; processed vaults=1; skipped entries=0.
[2026-05-05 00:36:12] Installer finished.
[2026-05-05 00:41:13] Running installer: C:\Users\18826\Documents\work_doc_ob\Telpo\scripts\obsidian-claudian-auto\Install-ClaudianToObsidianVaults.ps1
[2026-05-05 00:41:13] [2026-05-05 00:41:13] Plugins already installed/enabled for vault: C:\Users\18826\Documents\work_doc_ob\Telpo; installed=23; enabledTotal=25
[2026-05-05 00:41:13] [2026-05-05 00:41:13] Finished. Plugins=23; processed vaults=1; skipped entries=0.
[2026-05-05 00:41:13] Installer finished.
[2026-05-05 00:46:13] Running installer: C:\Users\18826\Documents\work_doc_ob\Telpo\scripts\obsidian-claudian-auto\Install-ClaudianToObsidianVaults.ps1
[2026-05-05 00:46:13] [2026-05-05 00:46:13] Plugins already installed/enabled for vault: C:\Users\18826\Documents\work_doc_ob\Telpo; installed=23; enabledTotal=25
[2026-05-05 00:46:13] [2026-05-05 00:46:13] Finished. Plugins=23; processed vaults=1; skipped entries=0.
[2026-05-05 00:46:13] Installer finished.
[2026-05-05 00:51:13] Running installer: C:\Users\18826\Documents\work_doc_ob\Telpo\scripts\obsidian-claudian-auto\Install-ClaudianToObsidianVaults.ps1
[2026-05-05 00:51:13] [2026-05-05 00:51:13] Plugins already installed/enabled for vault: C:\Users\18826\Documents\work_doc_ob\Telpo; installed=23; enabledTotal=25
[2026-05-05 00:51:13] [2026-05-05 00:51:13] Finished. Plugins=23; processed vaults=1; skipped entries=0.
[2026-05-05 00:51:13] Installer finished.
[2026-05-05 00:56:14] Running installer: C:\Users\18826\Documents\work_doc_ob\Telpo\scripts\obsidian-claudian-auto\Install-ClaudianToObsidianVaults.ps1
[2026-05-05 00:56:14] [2026-05-05 00:56:14] Plugins already installed/enabled for vault: C:\Users\18826\Documents\work_doc_ob\Telpo; installed=23; enabledTotal=25
[2026-05-05 00:56:14] [2026-05-05 00:56:14] Finished. Plugins=23; processed vaults=1; skipped entries=0.
[2026-05-05 00:56:14] Installer finished.
[2026-05-05 01:01:14] Running installer: C:\Users\18826\Documents\work_doc_ob\Telpo\scripts\obsidian-claudian-auto\Install-ClaudianToObsidianVaults.ps1
[2026-05-05 01:01:14] [2026-05-05 01:01:14] Plugins already installed/enabled for vault: C:\Users\18826\Documents\work_doc_ob\Telpo; installed=23; enabledTotal=25
[2026-05-05 01:01:14] [2026-05-05 01:01:14] Finished. Plugins=23; processed vaults=1; skipped entries=0.
[2026-05-05 01:01:14] Installer finished.
[2026-05-05 01:06:14] Running installer: C:\Users\18826\Documents\work_doc_ob\Telpo\scripts\obsidian-claudian-auto\Install-ClaudianToObsidianVaults.ps1
[2026-05-05 01:06:14] [2026-05-05 01:06:14] Plugins already installed/enabled for vault: C:\Users\18826\Documents\work_doc_ob\Telpo; installed=23; enabledTotal=25
[2026-05-05 01:06:14] [2026-05-05 01:06:14] Finished. Plugins=23; processed vaults=1; skipped entries=0.
[2026-05-05 01:06:14] Installer finished.
[2026-05-05 01:11:14] Running installer: C:\Users\18826\Documents\work_doc_ob\Telpo\scripts\obsidian-claudian-auto\Install-ClaudianToObsidianVaults.ps1
[2026-05-05 01:11:15] [2026-05-05 01:11:15] Plugins already installed/enabled for vault: C:\Users\18826\Documents\work_doc_ob\Telpo; installed=23; enabledTotal=25
[2026-05-05 01:11:15] [2026-05-05 01:11:15] Finished. Plugins=23; processed vaults=1; skipped entries=0.
[2026-05-05 01:11:15] Installer finished.
[2026-05-05 01:16:15] Running installer: C:\Users\18826\Documents\work_doc_ob\Telpo\scripts\obsidian-claudian-auto\Install-ClaudianToObsidianVaults.ps1
[2026-05-05 01:16:15] [2026-05-05 01:16:15] Plugins already installed/enabled for vault: C:\Users\18826\Documents\work_doc_ob\Telpo; installed=23; enabledTotal=25
[2026-05-05 01:16:15] [2026-05-05 01:16:15] Finished. Plugins=23; processed vaults=1; skipped entries=0.
[2026-05-05 01:16:15] Installer finished.
[2026-05-05 01:21:15] Running installer: C:\Users\18826\Documents\work_doc_ob\Telpo\scripts\obsidian-claudian-auto\Install-ClaudianToObsidianVaults.ps1
[2026-05-05 01:21:15] [2026-05-05 01:21:15] Plugins already installed/enabled for vault: C:\Users\18826\Documents\work_doc_ob\Telpo; installed=23; enabledTotal=25
[2026-05-05 01:21:15] [2026-05-05 01:21:15] Finished. Plugins=23; processed vaults=1; skipped entries=0.
[2026-05-05 01:21:15] Installer finished.
[2026-05-05 01:26:15] Running installer: C:\Users\18826\Documents\work_doc_ob\Telpo\scripts\obsidian-claudian-auto\Install-ClaudianToObsidianVaults.ps1
[2026-05-05 01:26:16] [2026-05-05 01:26:16] Plugins already installed/enabled for vault: C:\Users\18826\Documents\work_doc_ob\Telpo; installed=23; enabledTotal=25
[2026-05-05 01:26:16] [2026-05-05 01:26:16] Finished. Plugins=23; processed vaults=1; skipped entries=0.
[2026-05-05 01:26:16] Installer finished.
[2026-05-05 01:31:16] Running installer: C:\Users\18826\Documents\work_doc_ob\Telpo\scripts\obsidian-claudian-auto\Install-ClaudianToObsidianVaults.ps1
[2026-05-05 01:31:16] [2026-05-05 01:31:16] Plugins already installed/enabled for vault: C:\Users\18826\Documents\work_doc_ob\Telpo; installed=23; enabledTotal=25
[2026-05-05 01:31:16] [2026-05-05 01:31:16] Finished. Plugins=23; processed vaults=1; skipped entries=0.
[2026-05-05 01:31:16] Installer finished.
[2026-05-05 01:36:16] Running installer: C:\Users\18826\Documents\work_doc_ob\Telpo\scripts\obsidian-claudian-auto\Install-ClaudianToObsidianVaults.ps1
[2026-05-05 01:36:16] [2026-05-05 01:36:16] Plugins already installed/enabled for vault: C:\Users\18826\Documents\work_doc_ob\Telpo; installed=23; enabledTotal=25
[2026-05-05 01:36:16] [2026-05-05 01:36:16] Finished. Plugins=23; processed vaults=1; skipped entries=0.
[2026-05-05 01:36:16] Installer finished.
[2026-05-05 01:41:16] Running installer: C:\Users\18826\Documents\work_doc_ob\Telpo\scripts\obsidian-claudian-auto\Install-ClaudianToObsidianVaults.ps1
[2026-05-05 01:41:17] [2026-05-05 01:41:17] Plugins already installed/enabled for vault: C:\Users\18826\Documents\work_doc_ob\Telpo; installed=23; enabledTotal=25
[2026-05-05 01:41:17] [2026-05-05 01:41:17] Finished. Plugins=23; processed vaults=1; skipped entries=0.
[2026-05-05 01:41:17] Installer finished.
[2026-05-05 01:46:17] Running installer: C:\Users\18826\Documents\work_doc_ob\Telpo\scripts\obsidian-claudian-auto\Install-ClaudianToObsidianVaults.ps1
[2026-05-05 01:46:17] [2026-05-05 01:46:17] Plugins already installed/enabled for vault: C:\Users\18826\Documents\work_doc_ob\Telpo; installed=23; enabledTotal=25
[2026-05-05 01:46:17] [2026-05-05 01:46:17] Finished. Plugins=23; processed vaults=1; skipped entries=0.
[2026-05-05 01:46:17] Installer finished.
[2026-05-05 01:51:17] Running installer: C:\Users\18826\Documents\work_doc_ob\Telpo\scripts\obsidian-claudian-auto\Install-ClaudianToObsidianVaults.ps1
[2026-05-05 01:51:17] [2026-05-05 01:51:17] Plugins already installed/enabled for vault: C:\Users\18826\Documents\work_doc_ob\Telpo; installed=23; enabledTotal=25
[2026-05-05 01:51:17] [2026-05-05 01:51:17] Finished. Plugins=23; processed vaults=1; skipped entries=0.
[2026-05-05 01:51:17] Installer finished.
[2026-05-05 01:56:17] Running installer: C:\Users\18826\Documents\work_doc_ob\Telpo\scripts\obsidian-claudian-auto\Install-ClaudianToObsidianVaults.ps1
[2026-05-05 01:56:18] [2026-05-05 01:56:18] Plugins already installed/enabled for vault: C:\Users\18826\Documents\work_doc_ob\Telpo; installed=23; enabledTotal=25
[2026-05-05 01:56:18] [2026-05-05 01:56:18] Finished. Plugins=23; processed vaults=1; skipped entries=0.
[2026-05-05 01:56:18] Installer finished.
[2026-05-05 02:01:18] Running installer: C:\Users\18826\Documents\work_doc_ob\Telpo\scripts\obsidian-claudian-auto\Install-ClaudianToObsidianVaults.ps1
[2026-05-05 02:01:18] [2026-05-05 02:01:18] Plugins already installed/enabled for vault: C:\Users\18826\Documents\work_doc_ob\Telpo; installed=23; enabledTotal=25
[2026-05-05 02:01:18] [2026-05-05 02:01:18] Finished. Plugins=23; processed vaults=1; skipped entries=0.
[2026-05-05 02:01:18] Installer finished.
[2026-05-05 02:06:18] Running installer: C:\Users\18826\Documents\work_doc_ob\Telpo\scripts\obsidian-claudian-auto\Install-ClaudianToObsidianVaults.ps1
[2026-05-05 02:06:18] [2026-05-05 02:06:18] Plugins already installed/enabled for vault: C:\Users\18826\Documents\work_doc_ob\Telpo; installed=23; enabledTotal=25
[2026-05-05 02:06:18] [2026-05-05 02:06:18] Finished. Plugins=23; processed vaults=1; skipped entries=0.
[2026-05-05 02:06:18] Installer finished.
[2026-05-05 02:11:18] Running installer: C:\Users\18826\Documents\work_doc_ob\Telpo\scripts\obsidian-claudian-auto\Install-ClaudianToObsidianVaults.ps1
[2026-05-05 02:11:19] [2026-05-05 02:11:19] Plugins already installed/enabled for vault: C:\Users\18826\Documents\work_doc_ob\Telpo; installed=23; enabledTotal=25
[2026-05-05 02:11:19] [2026-05-05 02:11:19] Finished. Plugins=23; processed vaults=1; skipped entries=0.
[2026-05-05 02:11:19] Installer finished.
[2026-05-05 02:16:19] Running installer: C:\Users\18826\Documents\work_doc_ob\Telpo\scripts\obsidian-claudian-auto\Install-ClaudianToObsidianVaults.ps1
[2026-05-05 02:16:19] [2026-05-05 02:16:19] Plugins already installed/enabled for vault: C:\Users\18826\Documents\work_doc_ob\Telpo; installed=23; enabledTotal=25
[2026-05-05 02:16:19] [2026-05-05 02:16:19] Finished. Plugins=23; processed vaults=1; skipped entries=0.
[2026-05-05 02:16:19] Installer finished.
[2026-05-05 02:21:19] Running installer: C:\Users\18826\Documents\work_doc_ob\Telpo\scripts\obsidian-claudian-auto\Install-ClaudianToObsidianVaults.ps1
[2026-05-05 02:21:19] [2026-05-05 02:21:19] Plugins already installed/enabled for vault: C:\Users\18826\Documents\work_doc_ob\Telpo; installed=23; enabledTotal=25
[2026-05-05 02:21:19] [2026-05-05 02:21:19] Finished. Plugins=23; processed vaults=1; skipped entries=0.
[2026-05-05 02:21:19] Installer finished.
[2026-05-05 02:26:19] Running installer: C:\Users\18826\Documents\work_doc_ob\Telpo\scripts\obsidian-claudian-auto\Install-ClaudianToObsidianVaults.ps1
[2026-05-05 02:26:20] [2026-05-05 02:26:20] Plugins already installed/enabled for vault: C:\Users\18826\Documents\work_doc_ob\Telpo; installed=23; enabledTotal=25
[2026-05-05 02:26:20] [2026-05-05 02:26:20] Finished. Plugins=23; processed vaults=1; skipped entries=0.
[2026-05-05 02:26:20] Installer finished.
[2026-05-05 02:31:20] Running installer: C:\Users\18826\Documents\work_doc_ob\Telpo\scripts\obsidian-claudian-auto\Install-ClaudianToObsidianVaults.ps1
[2026-05-05 02:31:20] [2026-05-05 02:31:20] Plugins already installed/enabled for vault: C:\Users\18826\Documents\work_doc_ob\Telpo; installed=23; enabledTotal=25
[2026-05-05 02:31:20] [2026-05-05 02:31:20] Finished. Plugins=23; processed vaults=1; skipped entries=0.
[2026-05-05 02:31:20] Installer finished.
[2026-05-05 02:36:20] Running installer: C:\Users\18826\Documents\work_doc_ob\Telpo\scripts\obsidian-claudian-auto\Install-ClaudianToObsidianVaults.ps1
[2026-05-05 02:36:20] [2026-05-05 02:36:20] Plugins already installed/enabled for vault: C:\Users\18826\Documents\work_doc_ob\Telpo; installed=23; enabledTotal=25
[2026-05-05 02:36:20] [2026-05-05 02:36:20] Finished. Plugins=23; processed vaults=1; skipped entries=0.
[2026-05-05 02:36:20] Installer finished.
[2026-05-05 02:41:20] Running installer: C:\Users\18826\Documents\work_doc_ob\Telpo\scripts\obsidian-claudian-auto\Install-ClaudianToObsidianVaults.ps1
[2026-05-05 02:41:21] [2026-05-05 02:41:21] Plugins already installed/enabled for vault: C:\Users\18826\Documents\work_doc_ob\Telpo; installed=23; enabledTotal=25
[2026-05-05 02:41:21] [2026-05-05 02:41:21] Finished. Plugins=23; processed vaults=1; skipped entries=0.
[2026-05-05 02:41:21] Installer finished.
[2026-05-05 02:46:21] Running installer: C:\Users\18826\Documents\work_doc_ob\Telpo\scripts\obsidian-claudian-auto\Install-ClaudianToObsidianVaults.ps1
[2026-05-05 02:46:21] [2026-05-05 02:46:21] Plugins already installed/enabled for vault: C:\Users\18826\Documents\work_doc_ob\Telpo; installed=23; enabledTotal=25
[2026-05-05 02:46:21] [2026-05-05 02:46:21] Finished. Plugins=23; processed vaults=1; skipped entries=0.
[2026-05-05 02:46:21] Installer finished.
[2026-05-05 02:51:21] Running installer: C:\Users\18826\Documents\work_doc_ob\Telpo\scripts\obsidian-claudian-auto\Install-ClaudianToObsidianVaults.ps1
[2026-05-05 02:51:21] [2026-05-05 02:51:21] Plugins already installed/enabled for vault: C:\Users\18826\Documents\work_doc_ob\Telpo; installed=23; enabledTotal=25
[2026-05-05 02:51:21] [2026-05-05 02:51:21] Finished. Plugins=23; processed vaults=1; skipped entries=0.
[2026-05-05 02:51:21] Installer finished.
[2026-05-05 02:56:21] Running installer: C:\Users\18826\Documents\work_doc_ob\Telpo\scripts\obsidian-claudian-auto\Install-ClaudianToObsidianVaults.ps1
[2026-05-05 02:56:22] [2026-05-05 02:56:22] Plugins already installed/enabled for vault: C:\Users\18826\Documents\work_doc_ob\Telpo; installed=23; enabledTotal=25
[2026-05-05 02:56:22] [2026-05-05 02:56:22] Finished. Plugins=23; processed vaults=1; skipped entries=0.
[2026-05-05 02:56:22] Installer finished.
[2026-05-05 03:01:22] Running installer: C:\Users\18826\Documents\work_doc_ob\Telpo\scripts\obsidian-claudian-auto\Install-ClaudianToObsidianVaults.ps1
[2026-05-05 03:01:22] [2026-05-05 03:01:22] Plugins already installed/enabled for vault: C:\Users\18826\Documents\work_doc_ob\Telpo; installed=23; enabledTotal=25
[2026-05-05 03:01:22] [2026-05-05 03:01:22] Finished. Plugins=23; processed vaults=1; skipped entries=0.
[2026-05-05 03:01:22] Installer finished.
[2026-05-05 03:06:22] Running installer: C:\Users\18826\Documents\work_doc_ob\Telpo\scripts\obsidian-claudian-auto\Install-ClaudianToObsidianVaults.ps1
[2026-05-05 03:06:22] [2026-05-05 03:06:22] Plugins already installed/enabled for vault: C:\Users\18826\Documents\work_doc_ob\Telpo; installed=23; enabledTotal=25
[2026-05-05 03:06:22] [2026-05-05 03:06:22] Finished. Plugins=23; processed vaults=1; skipped entries=0.
[2026-05-05 03:06:22] Installer finished.
[2026-05-05 03:11:22] Running installer: C:\Users\18826\Documents\work_doc_ob\Telpo\scripts\obsidian-claudian-auto\Install-ClaudianToObsidianVaults.ps1
[2026-05-05 03:11:23] [2026-05-05 03:11:23] Plugins already installed/enabled for vault: C:\Users\18826\Documents\work_doc_ob\Telpo; installed=23; enabledTotal=25
[2026-05-05 03:11:23] [2026-05-05 03:11:23] Finished. Plugins=23; processed vaults=1; skipped entries=0.
[2026-05-05 03:11:23] Installer finished.
[2026-05-05 03:16:23] Running installer: C:\Users\18826\Documents\work_doc_ob\Telpo\scripts\obsidian-claudian-auto\Install-ClaudianToObsidianVaults.ps1
[2026-05-05 03:16:23] [2026-05-05 03:16:23] Plugins already installed/enabled for vault: C:\Users\18826\Documents\work_doc_ob\Telpo; installed=23; enabledTotal=25
[2026-05-05 03:16:23] [2026-05-05 03:16:23] Finished. Plugins=23; processed vaults=1; skipped entries=0.
[2026-05-05 03:16:23] Installer finished.
[2026-05-05 03:21:23] Running installer: C:\Users\18826\Documents\work_doc_ob\Telpo\scripts\obsidian-claudian-auto\Install-ClaudianToObsidianVaults.ps1
[2026-05-05 03:21:23] [2026-05-05 03:21:23] Plugins already installed/enabled for vault: C:\Users\18826\Documents\work_doc_ob\Telpo; installed=23; enabledTotal=25
[2026-05-05 03:21:23] [2026-05-05 03:21:23] Finished. Plugins=23; processed vaults=1; skipped entries=0.
[2026-05-05 03:21:23] Installer finished.
[2026-05-05 03:26:23] Running installer: C:\Users\18826\Documents\work_doc_ob\Telpo\scripts\obsidian-claudian-auto\Install-ClaudianToObsidianVaults.ps1
[2026-05-05 03:26:24] [2026-05-05 03:26:24] Plugins already installed/enabled for vault: C:\Users\18826\Documents\work_doc_ob\Telpo; installed=23; enabledTotal=25
[2026-05-05 03:26:24] [2026-05-05 03:26:24] Finished. Plugins=23; processed vaults=1; skipped entries=0.
[2026-05-05 03:26:24] Installer finished.
[2026-05-05 03:31:24] Running installer: C:\Users\18826\Documents\work_doc_ob\Telpo\scripts\obsidian-claudian-auto\Install-ClaudianToObsidianVaults.ps1
[2026-05-05 03:31:24] [2026-05-05 03:31:24] Plugins already installed/enabled for vault: C:\Users\18826\Documents\work_doc_ob\Telpo; installed=23; enabledTotal=25
[2026-05-05 03:31:24] [2026-05-05 03:31:24] Finished. Plugins=23; processed vaults=1; skipped entries=0.
[2026-05-05 03:31:24] Installer finished.
[2026-05-05 03:36:24] Running installer: C:\Users\18826\Documents\work_doc_ob\Telpo\scripts\obsidian-claudian-auto\Install-ClaudianToObsidianVaults.ps1
[2026-05-05 03:36:24] [2026-05-05 03:36:24] Plugins already installed/enabled for vault: C:\Users\18826\Documents\work_doc_ob\Telpo; installed=23; enabledTotal=25
[2026-05-05 03:36:24] [2026-05-05 03:36:24] Finished. Plugins=23; processed vaults=1; skipped entries=0.
[2026-05-05 03:36:24] Installer finished.
[2026-05-05 03:41:24] Running installer: C:\Users\18826\Documents\work_doc_ob\Telpo\scripts\obsidian-claudian-auto\Install-ClaudianToObsidianVaults.ps1
[2026-05-05 03:41:24] [2026-05-05 03:41:24] Plugins already installed/enabled for vault: C:\Users\18826\Documents\work_doc_ob\Telpo; installed=23; enabledTotal=25
[2026-05-05 03:41:24] [2026-05-05 03:41:24] Finished. Plugins=23; processed vaults=1; skipped entries=0.
[2026-05-05 03:41:24] Installer finished.
[2026-05-05 03:46:25] Running installer: C:\Users\18826\Documents\work_doc_ob\Telpo\scripts\obsidian-claudian-auto\Install-ClaudianToObsidianVaults.ps1
[2026-05-05 03:46:25] [2026-05-05 03:46:25] Plugins already installed/enabled for vault: C:\Users\18826\Documents\work_doc_ob\Telpo; installed=23; enabledTotal=25
[2026-05-05 03:46:25] [2026-05-05 03:46:25] Finished. Plugins=23; processed vaults=1; skipped entries=0.
[2026-05-05 03:46:25] Installer finished.
[2026-05-05 03:51:25] Running installer: C:\Users\18826\Documents\work_doc_ob\Telpo\scripts\obsidian-claudian-auto\Install-ClaudianToObsidianVaults.ps1
[2026-05-05 03:51:25] [2026-05-05 03:51:25] Plugins already installed/enabled for vault: C:\Users\18826\Documents\work_doc_ob\Telpo; installed=23; enabledTotal=25
[2026-05-05 03:51:25] [2026-05-05 03:51:25] Finished. Plugins=23; processed vaults=1; skipped entries=0.
[2026-05-05 03:51:25] Installer finished.
[2026-05-05 03:56:25] Running installer: C:\Users\18826\Documents\work_doc_ob\Telpo\scripts\obsidian-claudian-auto\Install-ClaudianToObsidianVaults.ps1
[2026-05-05 03:56:25] [2026-05-05 03:56:25] Plugins already installed/enabled for vault: C:\Users\18826\Documents\work_doc_ob\Telpo; installed=23; enabledTotal=25
[2026-05-05 03:56:25] [2026-05-05 03:56:25] Finished. Plugins=23; processed vaults=1; skipped entries=0.
[2026-05-05 03:56:25] Installer finished.
[2026-05-05 04:01:26] Running installer: C:\Users\18826\Documents\work_doc_ob\Telpo\scripts\obsidian-claudian-auto\Install-ClaudianToObsidianVaults.ps1
[2026-05-05 04:01:26] [2026-05-05 04:01:26] Plugins already installed/enabled for vault: C:\Users\18826\Documents\work_doc_ob\Telpo; installed=23; enabledTotal=25
[2026-05-05 04:01:26] [2026-05-05 04:01:26] Finished. Plugins=23; processed vaults=1; skipped entries=0.
[2026-05-05 04:01:26] Installer finished.
[2026-05-05 04:06:26] Running installer: C:\Users\18826\Documents\work_doc_ob\Telpo\scripts\obsidian-claudian-auto\Install-ClaudianToObsidianVaults.ps1
[2026-05-05 04:06:26] [2026-05-05 04:06:26] Plugins already installed/enabled for vault: C:\Users\18826\Documents\work_doc_ob\Telpo; installed=23; enabledTotal=25
[2026-05-05 04:06:26] [2026-05-05 04:06:26] Finished. Plugins=23; processed vaults=1; skipped entries=0.
[2026-05-05 04:06:26] Installer finished.
[2026-05-05 04:11:26] Running installer: C:\Users\18826\Documents\work_doc_ob\Telpo\scripts\obsidian-claudian-auto\Install-ClaudianToObsidianVaults.ps1
[2026-05-05 04:11:26] [2026-05-05 04:11:26] Plugins already installed/enabled for vault: C:\Users\18826\Documents\work_doc_ob\Telpo; installed=23; enabledTotal=25
[2026-05-05 04:11:26] [2026-05-05 04:11:26] Finished. Plugins=23; processed vaults=1; skipped entries=0.
[2026-05-05 04:11:26] Installer finished.
[2026-05-05 04:16:26] Running installer: C:\Users\18826\Documents\work_doc_ob\Telpo\scripts\obsidian-claudian-auto\Install-ClaudianToObsidianVaults.ps1
[2026-05-05 04:16:27] [2026-05-05 04:16:27] Plugins already installed/enabled for vault: C:\Users\18826\Documents\work_doc_ob\Telpo; installed=23; enabledTotal=25
[2026-05-05 04:16:27] [2026-05-05 04:16:27] Finished. Plugins=23; processed vaults=1; skipped entries=0.
[2026-05-05 04:16:27] Installer finished.
[2026-05-05 04:21:27] Running installer: C:\Users\18826\Documents\work_doc_ob\Telpo\scripts\obsidian-claudian-auto\Install-ClaudianToObsidianVaults.ps1
[2026-05-05 04:21:27] [2026-05-05 04:21:27] Plugins already installed/enabled for vault: C:\Users\18826\Documents\work_doc_ob\Telpo; installed=23; enabledTotal=25
[2026-05-05 04:21:27] [2026-05-05 04:21:27] Finished. Plugins=23; processed vaults=1; skipped entries=0.
[2026-05-05 04:21:27] Installer finished.
[2026-05-05 04:26:27] Running installer: C:\Users\18826\Documents\work_doc_ob\Telpo\scripts\obsidian-claudian-auto\Install-ClaudianToObsidianVaults.ps1
[2026-05-05 04:26:27] [2026-05-05 04:26:27] Plugins already installed/enabled for vault: C:\Users\18826\Documents\work_doc_ob\Telpo; installed=23; enabledTotal=25
[2026-05-05 04:26:27] [2026-05-05 04:26:27] Finished. Plugins=23; processed vaults=1; skipped entries=0.
[2026-05-05 04:26:27] Installer finished.
[2026-05-05 04:31:27] Running installer: C:\Users\18826\Documents\work_doc_ob\Telpo\scripts\obsidian-claudian-auto\Install-ClaudianToObsidianVaults.ps1
[2026-05-05 04:31:28] [2026-05-05 04:31:28] Plugins already installed/enabled for vault: C:\Users\18826\Documents\work_doc_ob\Telpo; installed=23; enabledTotal=25
[2026-05-05 04:31:28] [2026-05-05 04:31:28] Finished. Plugins=23; processed vaults=1; skipped entries=0.
[2026-05-05 04:31:28] Installer finished.
[2026-05-05 04:36:28] Running installer: C:\Users\18826\Documents\work_doc_ob\Telpo\scripts\obsidian-claudian-auto\Install-ClaudianToObsidianVaults.ps1
[2026-05-05 04:36:28] [2026-05-05 04:36:28] Plugins already installed/enabled for vault: C:\Users\18826\Documents\work_doc_ob\Telpo; installed=23; enabledTotal=25
[2026-05-05 04:36:28] [2026-05-05 04:36:28] Finished. Plugins=23; processed vaults=1; skipped entries=0.
[2026-05-05 04:36:28] Installer finished.
[2026-05-05 04:41:28] Running installer: C:\Users\18826\Documents\work_doc_ob\Telpo\scripts\obsidian-claudian-auto\Install-ClaudianToObsidianVaults.ps1
[2026-05-05 04:41:28] [2026-05-05 04:41:28] Plugins already installed/enabled for vault: C:\Users\18826\Documents\work_doc_ob\Telpo; installed=23; enabledTotal=25
[2026-05-05 04:41:28] [2026-05-05 04:41:28] Finished. Plugins=23; processed vaults=1; skipped entries=0.
[2026-05-05 04:41:28] Installer finished.
[2026-05-05 04:46:28] Running installer: C:\Users\18826\Documents\work_doc_ob\Telpo\scripts\obsidian-claudian-auto\Install-ClaudianToObsidianVaults.ps1
[2026-05-05 04:46:29] [2026-05-05 04:46:29] Plugins already installed/enabled for vault: C:\Users\18826\Documents\work_doc_ob\Telpo; installed=23; enabledTotal=25
[2026-05-05 04:46:29] [2026-05-05 04:46:29] Finished. Plugins=23; processed vaults=1; skipped entries=0.
[2026-05-05 04:46:29] Installer finished.
[2026-05-05 04:51:29] Running installer: C:\Users\18826\Documents\work_doc_ob\Telpo\scripts\obsidian-claudian-auto\Install-ClaudianToObsidianVaults.ps1
[2026-05-05 04:51:29] [2026-05-05 04:51:29] Plugins already installed/enabled for vault: C:\Users\18826\Documents\work_doc_ob\Telpo; installed=23; enabledTotal=25
[2026-05-05 04:51:29] [2026-05-05 04:51:29] Finished. Plugins=23; processed vaults=1; skipped entries=0.
[2026-05-05 04:51:29] Installer finished.
[2026-05-05 04:56:29] Running installer: C:\Users\18826\Documents\work_doc_ob\Telpo\scripts\obsidian-claudian-auto\Install-ClaudianToObsidianVaults.ps1
[2026-05-05 04:56:29] [2026-05-05 04:56:29] Plugins already installed/enabled for vault: C:\Users\18826\Documents\work_doc_ob\Telpo; installed=23; enabledTotal=25
[2026-05-05 04:56:29] [2026-05-05 04:56:29] Finished. Plugins=23; processed vaults=1; skipped entries=0.
[2026-05-05 04:56:29] Installer finished.
[2026-05-05 05:01:29] Running installer: C:\Users\18826\Documents\work_doc_ob\Telpo\scripts\obsidian-claudian-auto\Install-ClaudianToObsidianVaults.ps1
[2026-05-05 05:01:30] [2026-05-05 05:01:30] Plugins already installed/enabled for vault: C:\Users\18826\Documents\work_doc_ob\Telpo; installed=23; enabledTotal=25
[2026-05-05 05:01:30] [2026-05-05 05:01:30] Finished. Plugins=23; processed vaults=1; skipped entries=0.
[2026-05-05 05:01:30] Installer finished.
[2026-05-05 05:06:30] Running installer: C:\Users\18826\Documents\work_doc_ob\Telpo\scripts\obsidian-claudian-auto\Install-ClaudianToObsidianVaults.ps1
[2026-05-05 05:06:30] [2026-05-05 05:06:30] Plugins already installed/enabled for vault: C:\Users\18826\Documents\work_doc_ob\Telpo; installed=23; enabledTotal=25
[2026-05-05 05:06:30] [2026-05-05 05:06:30] Finished. Plugins=23; processed vaults=1; skipped entries=0.
[2026-05-05 05:06:30] Installer finished.
[2026-05-05 05:11:30] Running installer: C:\Users\18826\Documents\work_doc_ob\Telpo\scripts\obsidian-claudian-auto\Install-ClaudianToObsidianVaults.ps1
[2026-05-05 05:11:30] [2026-05-05 05:11:30] Plugins already installed/enabled for vault: C:\Users\18826\Documents\work_doc_ob\Telpo; installed=23; enabledTotal=25
[2026-05-05 05:11:30] [2026-05-05 05:11:30] Finished. Plugins=23; processed vaults=1; skipped entries=0.
[2026-05-05 05:11:30] Installer finished.
[2026-05-05 05:16:30] Running installer: C:\Users\18826\Documents\work_doc_ob\Telpo\scripts\obsidian-claudian-auto\Install-ClaudianToObsidianVaults.ps1
[2026-05-05 05:16:31] [2026-05-05 05:16:31] Plugins already installed/enabled for vault: C:\Users\18826\Documents\work_doc_ob\Telpo; installed=23; enabledTotal=25
[2026-05-05 05:16:31] [2026-05-05 05:16:31] Finished. Plugins=23; processed vaults=1; skipped entries=0.
[2026-05-05 05:16:31] Installer finished.
[2026-05-05 05:21:31] Running installer: C:\Users\18826\Documents\work_doc_ob\Telpo\scripts\obsidian-claudian-auto\Install-ClaudianToObsidianVaults.ps1
[2026-05-05 05:21:31] [2026-05-05 05:21:31] Plugins already installed/enabled for vault: C:\Users\18826\Documents\work_doc_ob\Telpo; installed=23; enabledTotal=25
[2026-05-05 05:21:31] [2026-05-05 05:21:31] Finished. Plugins=23; processed vaults=1; skipped entries=0.
[2026-05-05 05:21:31] Installer finished.
[2026-05-05 05:26:31] Running installer: C:\Users\18826\Documents\work_doc_ob\Telpo\scripts\obsidian-claudian-auto\Install-ClaudianToObsidianVaults.ps1
[2026-05-05 05:26:31] [2026-05-05 05:26:31] Plugins already installed/enabled for vault: C:\Users\18826\Documents\work_doc_ob\Telpo; installed=23; enabledTotal=25
[2026-05-05 05:26:31] [2026-05-05 05:26:31] Finished. Plugins=23; processed vaults=1; skipped entries=0.
[2026-05-05 05:26:31] Installer finished.
[2026-05-05 05:31:31] Running installer: C:\Users\18826\Documents\work_doc_ob\Telpo\scripts\obsidian-claudian-auto\Install-ClaudianToObsidianVaults.ps1
[2026-05-05 05:31:31] [2026-05-05 05:31:31] Plugins already installed/enabled for vault: C:\Users\18826\Documents\work_doc_ob\Telpo; installed=23; enabledTotal=25
[2026-05-05 05:31:31] [2026-05-05 05:31:31] Finished. Plugins=23; processed vaults=1; skipped entries=0.
[2026-05-05 05:31:31] Installer finished.
[2026-05-05 05:36:32] Running installer: C:\Users\18826\Documents\work_doc_ob\Telpo\scripts\obsidian-claudian-auto\Install-ClaudianToObsidianVaults.ps1
[2026-05-05 05:36:32] [2026-05-05 05:36:32] Plugins already installed/enabled for vault: C:\Users\18826\Documents\work_doc_ob\Telpo; installed=23; enabledTotal=25
[2026-05-05 05:36:32] [2026-05-05 05:36:32] Finished. Plugins=23; processed vaults=1; skipped entries=0.
[2026-05-05 05:36:32] Installer finished.
[2026-05-05 05:41:32] Running installer: C:\Users\18826\Documents\work_doc_ob\Telpo\scripts\obsidian-claudian-auto\Install-ClaudianToObsidianVaults.ps1
[2026-05-05 05:41:32] [2026-05-05 05:41:32] Plugins already installed/enabled for vault: C:\Users\18826\Documents\work_doc_ob\Telpo; installed=23; enabledTotal=25
[2026-05-05 05:41:32] [2026-05-05 05:41:32] Finished. Plugins=23; processed vaults=1; skipped entries=0.
[2026-05-05 05:41:32] Installer finished.
[2026-05-05 05:46:32] Running installer: C:\Users\18826\Documents\work_doc_ob\Telpo\scripts\obsidian-claudian-auto\Install-ClaudianToObsidianVaults.ps1
[2026-05-05 05:46:32] [2026-05-05 05:46:32] Plugins already installed/enabled for vault: C:\Users\18826\Documents\work_doc_ob\Telpo; installed=23; enabledTotal=25
[2026-05-05 05:46:32] [2026-05-05 05:46:32] Finished. Plugins=23; processed vaults=1; skipped entries=0.
[2026-05-05 05:46:32] Installer finished.
[2026-05-05 05:51:33] Running installer: C:\Users\18826\Documents\work_doc_ob\Telpo\scripts\obsidian-claudian-auto\Install-ClaudianToObsidianVaults.ps1
[2026-05-05 05:51:33] [2026-05-05 05:51:33] Plugins already installed/enabled for vault: C:\Users\18826\Documents\work_doc_ob\Telpo; installed=23; enabledTotal=25
[2026-05-05 05:51:33] [2026-05-05 05:51:33] Finished. Plugins=23; processed vaults=1; skipped entries=0.
[2026-05-05 05:51:33] Installer finished.
[2026-05-05 05:56:33] Running installer: C:\Users\18826\Documents\work_doc_ob\Telpo\scripts\obsidian-claudian-auto\Install-ClaudianToObsidianVaults.ps1
[2026-05-05 05:56:33] [2026-05-05 05:56:33] Plugins already installed/enabled for vault: C:\Users\18826\Documents\work_doc_ob\Telpo; installed=23; enabledTotal=25
[2026-05-05 05:56:33] [2026-05-05 05:56:33] Finished. Plugins=23; processed vaults=1; skipped entries=0.
[2026-05-05 05:56:33] Installer finished.
[2026-05-05 06:01:33] Running installer: C:\Users\18826\Documents\work_doc_ob\Telpo\scripts\obsidian-claudian-auto\Install-ClaudianToObsidianVaults.ps1
[2026-05-05 06:01:33] [2026-05-05 06:01:33] Plugins already installed/enabled for vault: C:\Users\18826\Documents\work_doc_ob\Telpo; installed=23; enabledTotal=25
[2026-05-05 06:01:33] [2026-05-05 06:01:33] Finished. Plugins=23; processed vaults=1; skipped entries=0.
[2026-05-05 06:01:33] Installer finished.
[2026-05-05 06:06:34] Running installer: C:\Users\18826\Documents\work_doc_ob\Telpo\scripts\obsidian-claudian-auto\Install-ClaudianToObsidianVaults.ps1
[2026-05-05 06:06:34] [2026-05-05 06:06:34] Plugins already installed/enabled for vault: C:\Users\18826\Documents\work_doc_ob\Telpo; installed=23; enabledTotal=25
[2026-05-05 06:06:34] [2026-05-05 06:06:34] Finished. Plugins=23; processed vaults=1; skipped entries=0.
[2026-05-05 06:06:34] Installer finished.
[2026-05-05 06:11:34] Running installer: C:\Users\18826\Documents\work_doc_ob\Telpo\scripts\obsidian-claudian-auto\Install-ClaudianToObsidianVaults.ps1
[2026-05-05 06:11:34] [2026-05-05 06:11:34] Plugins already installed/enabled for vault: C:\Users\18826\Documents\work_doc_ob\Telpo; installed=23; enabledTotal=25
[2026-05-05 06:11:34] [2026-05-05 06:11:34] Finished. Plugins=23; processed vaults=1; skipped entries=0.
[2026-05-05 06:11:34] Installer finished.
[2026-05-05 06:16:34] Running installer: C:\Users\18826\Documents\work_doc_ob\Telpo\scripts\obsidian-claudian-auto\Install-ClaudianToObsidianVaults.ps1
[2026-05-05 06:16:34] [2026-05-05 06:16:34] Plugins already installed/enabled for vault: C:\Users\18826\Documents\work_doc_ob\Telpo; installed=23; enabledTotal=25
[2026-05-05 06:16:34] [2026-05-05 06:16:34] Finished. Plugins=23; processed vaults=1; skipped entries=0.
[2026-05-05 06:16:34] Installer finished.
[2026-05-05 06:21:35] Running installer: C:\Users\18826\Documents\work_doc_ob\Telpo\scripts\obsidian-claudian-auto\Install-ClaudianToObsidianVaults.ps1
[2026-05-05 06:21:35] [2026-05-05 06:21:35] Plugins already installed/enabled for vault: C:\Users\18826\Documents\work_doc_ob\Telpo; installed=23; enabledTotal=25
[2026-05-05 06:21:35] [2026-05-05 06:21:35] Finished. Plugins=23; processed vaults=1; skipped entries=0.
[2026-05-05 06:21:35] Installer finished.
[2026-05-05 06:26:35] Running installer: C:\Users\18826\Documents\work_doc_ob\Telpo\scripts\obsidian-claudian-auto\Install-ClaudianToObsidianVaults.ps1
[2026-05-05 06:26:35] [2026-05-05 06:26:35] Plugins already installed/enabled for vault: C:\Users\18826\Documents\work_doc_ob\Telpo; installed=23; enabledTotal=25
[2026-05-05 06:26:35] [2026-05-05 06:26:35] Finished. Plugins=23; processed vaults=1; skipped entries=0.
[2026-05-05 06:26:35] Installer finished.
[2026-05-05 06:31:35] Running installer: C:\Users\18826\Documents\work_doc_ob\Telpo\scripts\obsidian-claudian-auto\Install-ClaudianToObsidianVaults.ps1
[2026-05-05 06:31:35] [2026-05-05 06:31:35] Plugins already installed/enabled for vault: C:\Users\18826\Documents\work_doc_ob\Telpo; installed=23; enabledTotal=25
[2026-05-05 06:31:35] [2026-05-05 06:31:35] Finished. Plugins=23; processed vaults=1; skipped entries=0.
[2026-05-05 06:31:35] Installer finished.
[2026-05-05 06:36:35] Running installer: C:\Users\18826\Documents\work_doc_ob\Telpo\scripts\obsidian-claudian-auto\Install-ClaudianToObsidianVaults.ps1
[2026-05-05 06:36:36] [2026-05-05 06:36:36] Plugins already installed/enabled for vault: C:\Users\18826\Documents\work_doc_ob\Telpo; installed=23; enabledTotal=25
[2026-05-05 06:36:36] [2026-05-05 06:36:36] Finished. Plugins=23; processed vaults=1; skipped entries=0.
[2026-05-05 06:36:36] Installer finished.
[2026-05-05 06:41:36] Running installer: C:\Users\18826\Documents\work_doc_ob\Telpo\scripts\obsidian-claudian-auto\Install-ClaudianToObsidianVaults.ps1
[2026-05-05 06:41:36] [2026-05-05 06:41:36] Plugins already installed/enabled for vault: C:\Users\18826\Documents\work_doc_ob\Telpo; installed=23; enabledTotal=25
[2026-05-05 06:41:36] [2026-05-05 06:41:36] Finished. Plugins=23; processed vaults=1; skipped entries=0.
[2026-05-05 06:41:36] Installer finished.
[2026-05-05 06:46:36] Running installer: C:\Users\18826\Documents\work_doc_ob\Telpo\scripts\obsidian-claudian-auto\Install-ClaudianToObsidianVaults.ps1
[2026-05-05 06:46:36] [2026-05-05 06:46:36] Plugins already installed/enabled for vault: C:\Users\18826\Documents\work_doc_ob\Telpo; installed=23; enabledTotal=25
[2026-05-05 06:46:36] [2026-05-05 06:46:36] Finished. Plugins=23; processed vaults=1; skipped entries=0.
[2026-05-05 06:46:36] Installer finished.
[2026-05-05 06:51:36] Running installer: C:\Users\18826\Documents\work_doc_ob\Telpo\scripts\obsidian-claudian-auto\Install-ClaudianToObsidianVaults.ps1
[2026-05-05 06:51:37] [2026-05-05 06:51:37] Plugins already installed/enabled for vault: C:\Users\18826\Documents\work_doc_ob\Telpo; installed=23; enabledTotal=25
[2026-05-05 06:51:37] [2026-05-05 06:51:37] Finished. Plugins=23; processed vaults=1; skipped entries=0.
[2026-05-05 06:51:37] Installer finished.
[2026-05-05 06:56:37] Running installer: C:\Users\18826\Documents\work_doc_ob\Telpo\scripts\obsidian-claudian-auto\Install-ClaudianToObsidianVaults.ps1
[2026-05-05 06:56:37] [2026-05-05 06:56:37] Plugins already installed/enabled for vault: C:\Users\18826\Documents\work_doc_ob\Telpo; installed=23; enabledTotal=25
[2026-05-05 06:56:37] [2026-05-05 06:56:37] Finished. Plugins=23; processed vaults=1; skipped entries=0.
[2026-05-05 06:56:37] Installer finished.
[2026-05-05 07:01:37] Running installer: C:\Users\18826\Documents\work_doc_ob\Telpo\scripts\obsidian-claudian-auto\Install-ClaudianToObsidianVaults.ps1
[2026-05-05 07:01:37] [2026-05-05 07:01:37] Plugins already installed/enabled for vault: C:\Users\18826\Documents\work_doc_ob\Telpo; installed=23; enabledTotal=25
[2026-05-05 07:01:37] [2026-05-05 07:01:37] Finished. Plugins=23; processed vaults=1; skipped entries=0.
[2026-05-05 07:01:37] Installer finished.
[2026-05-05 07:06:37] Running installer: C:\Users\18826\Documents\work_doc_ob\Telpo\scripts\obsidian-claudian-auto\Install-ClaudianToObsidianVaults.ps1
[2026-05-05 07:06:38] [2026-05-05 07:06:38] Plugins already installed/enabled for vault: C:\Users\18826\Documents\work_doc_ob\Telpo; installed=23; enabledTotal=25
[2026-05-05 07:06:38] [2026-05-05 07:06:38] Finished. Plugins=23; processed vaults=1; skipped entries=0.
[2026-05-05 07:06:38] Installer finished.
[2026-05-05 07:11:38] Running installer: C:\Users\18826\Documents\work_doc_ob\Telpo\scripts\obsidian-claudian-auto\Install-ClaudianToObsidianVaults.ps1
[2026-05-05 07:11:38] [2026-05-05 07:11:38] Plugins already installed/enabled for vault: C:\Users\18826\Documents\work_doc_ob\Telpo; installed=23; enabledTotal=25
[2026-05-05 07:11:38] [2026-05-05 07:11:38] Finished. Plugins=23; processed vaults=1; skipped entries=0.
[2026-05-05 07:11:38] Installer finished.
[2026-05-05 07:16:38] Running installer: C:\Users\18826\Documents\work_doc_ob\Telpo\scripts\obsidian-claudian-auto\Install-ClaudianToObsidianVaults.ps1
[2026-05-05 07:16:38] [2026-05-05 07:16:38] Plugins already installed/enabled for vault: C:\Users\18826\Documents\work_doc_ob\Telpo; installed=23; enabledTotal=25
[2026-05-05 07:16:38] [2026-05-05 07:16:38] Finished. Plugins=23; processed vaults=1; skipped entries=0.
[2026-05-05 07:16:38] Installer finished.
[2026-05-05 07:21:38] Running installer: C:\Users\18826\Documents\work_doc_ob\Telpo\scripts\obsidian-claudian-auto\Install-ClaudianToObsidianVaults.ps1
[2026-05-05 07:21:38] [2026-05-05 07:21:38] Plugins already installed/enabled for vault: C:\Users\18826\Documents\work_doc_ob\Telpo; installed=23; enabledTotal=25
[2026-05-05 07:21:38] [2026-05-05 07:21:38] Finished. Plugins=23; processed vaults=1; skipped entries=0.
[2026-05-05 07:21:38] Installer finished.
[2026-05-05 07:26:39] Running installer: C:\Users\18826\Documents\work_doc_ob\Telpo\scripts\obsidian-claudian-auto\Install-ClaudianToObsidianVaults.ps1
[2026-05-05 07:26:39] [2026-05-05 07:26:39] Plugins already installed/enabled for vault: C:\Users\18826\Documents\work_doc_ob\Telpo; installed=23; enabledTotal=25
[2026-05-05 07:26:39] [2026-05-05 07:26:39] Finished. Plugins=23; processed vaults=1; skipped entries=0.
[2026-05-05 07:26:39] Installer finished.
[2026-05-05 07:31:39] Running installer: C:\Users\18826\Documents\work_doc_ob\Telpo\scripts\obsidian-claudian-auto\Install-ClaudianToObsidianVaults.ps1
[2026-05-05 07:31:39] [2026-05-05 07:31:39] Plugins already installed/enabled for vault: C:\Users\18826\Documents\work_doc_ob\Telpo; installed=23; enabledTotal=25
[2026-05-05 07:31:39] [2026-05-05 07:31:39] Finished. Plugins=23; processed vaults=1; skipped entries=0.
[2026-05-05 07:31:39] Installer finished.
[2026-05-05 07:36:39] Running installer: C:\Users\18826\Documents\work_doc_ob\Telpo\scripts\obsidian-claudian-auto\Install-ClaudianToObsidianVaults.ps1
[2026-05-05 07:36:39] [2026-05-05 07:36:39] Plugins already installed/enabled for vault: C:\Users\18826\Documents\work_doc_ob\Telpo; installed=23; enabledTotal=25
[2026-05-05 07:36:39] [2026-05-05 07:36:39] Finished. Plugins=23; processed vaults=1; skipped entries=0.
[2026-05-05 07:36:39] Installer finished.
[2026-05-05 07:41:39] Running installer: C:\Users\18826\Documents\work_doc_ob\Telpo\scripts\obsidian-claudian-auto\Install-ClaudianToObsidianVaults.ps1
[2026-05-05 07:41:40] [2026-05-05 07:41:40] Plugins already installed/enabled for vault: C:\Users\18826\Documents\work_doc_ob\Telpo; installed=23; enabledTotal=25
[2026-05-05 07:41:40] [2026-05-05 07:41:40] Finished. Plugins=23; processed vaults=1; skipped entries=0.
[2026-05-05 07:41:40] Installer finished.
[2026-05-05 07:46:40] Running installer: C:\Users\18826\Documents\work_doc_ob\Telpo\scripts\obsidian-claudian-auto\Install-ClaudianToObsidianVaults.ps1
[2026-05-05 07:46:40] [2026-05-05 07:46:40] Plugins already installed/enabled for vault: C:\Users\18826\Documents\work_doc_ob\Telpo; installed=23; enabledTotal=25
[2026-05-05 07:46:40] [2026-05-05 07:46:40] Finished. Plugins=23; processed vaults=1; skipped entries=0.
[2026-05-05 07:46:40] Installer finished.
[2026-05-05 07:51:40] Running installer: C:\Users\18826\Documents\work_doc_ob\Telpo\scripts\obsidian-claudian-auto\Install-ClaudianToObsidianVaults.ps1
[2026-05-05 07:51:40] [2026-05-05 07:51:40] Plugins already installed/enabled for vault: C:\Users\18826\Documents\work_doc_ob\Telpo; installed=23; enabledTotal=25
[2026-05-05 07:51:40] [2026-05-05 07:51:40] Finished. Plugins=23; processed vaults=1; skipped entries=0.
[2026-05-05 07:51:40] Installer finished.
[2026-05-05 07:56:40] Running installer: C:\Users\18826\Documents\work_doc_ob\Telpo\scripts\obsidian-claudian-auto\Install-ClaudianToObsidianVaults.ps1
[2026-05-05 07:56:41] [2026-05-05 07:56:41] Plugins already installed/enabled for vault: C:\Users\18826\Documents\work_doc_ob\Telpo; installed=23; enabledTotal=25
[2026-05-05 07:56:41] [2026-05-05 07:56:41] Finished. Plugins=23; processed vaults=1; skipped entries=0.
[2026-05-05 07:56:41] Installer finished.
[2026-05-05 08:01:41] Running installer: C:\Users\18826\Documents\work_doc_ob\Telpo\scripts\obsidian-claudian-auto\Install-ClaudianToObsidianVaults.ps1
[2026-05-05 08:01:41] [2026-05-05 08:01:41] Plugins already installed/enabled for vault: C:\Users\18826\Documents\work_doc_ob\Telpo; installed=23; enabledTotal=25
[2026-05-05 08:01:41] [2026-05-05 08:01:41] Finished. Plugins=23; processed vaults=1; skipped entries=0.
[2026-05-05 08:01:41] Installer finished.
[2026-05-05 08:06:41] Running installer: C:\Users\18826\Documents\work_doc_ob\Telpo\scripts\obsidian-claudian-auto\Install-ClaudianToObsidianVaults.ps1
[2026-05-05 08:06:41] [2026-05-05 08:06:41] Plugins already installed/enabled for vault: C:\Users\18826\Documents\work_doc_ob\Telpo; installed=23; enabledTotal=25
[2026-05-05 08:06:41] [2026-05-05 08:06:41] Finished. Plugins=23; processed vaults=1; skipped entries=0.
[2026-05-05 08:06:41] Installer finished.
[2026-05-05 08:11:41] Running installer: C:\Users\18826\Documents\work_doc_ob\Telpo\scripts\obsidian-claudian-auto\Install-ClaudianToObsidianVaults.ps1
[2026-05-05 08:11:42] [2026-05-05 08:11:42] Plugins already installed/enabled for vault: C:\Users\18826\Documents\work_doc_ob\Telpo; installed=23; enabledTotal=25
[2026-05-05 08:11:42] [2026-05-05 08:11:42] Finished. Plugins=23; processed vaults=1; skipped entries=0.
[2026-05-05 08:11:42] Installer finished.
[2026-05-05 08:16:42] Running installer: C:\Users\18826\Documents\work_doc_ob\Telpo\scripts\obsidian-claudian-auto\Install-ClaudianToObsidianVaults.ps1
[2026-05-05 08:16:42] [2026-05-05 08:16:42] Plugins already installed/enabled for vault: C:\Users\18826\Documents\work_doc_ob\Telpo; installed=23; enabledTotal=25
[2026-05-05 08:16:42] [2026-05-05 08:16:42] Finished. Plugins=23; processed vaults=1; skipped entries=0.
[2026-05-05 08:16:42] Installer finished.
[2026-05-05 08:21:42] Running installer: C:\Users\18826\Documents\work_doc_ob\Telpo\scripts\obsidian-claudian-auto\Install-ClaudianToObsidianVaults.ps1
[2026-05-05 08:21:42] [2026-05-05 08:21:42] Plugins already installed/enabled for vault: C:\Users\18826\Documents\work_doc_ob\Telpo; installed=23; enabledTotal=25
[2026-05-05 08:21:42] [2026-05-05 08:21:42] Finished. Plugins=23; processed vaults=1; skipped entries=0.
[2026-05-05 08:21:42] Installer finished.
[2026-05-05 08:26:42] Running installer: C:\Users\18826\Documents\work_doc_ob\Telpo\scripts\obsidian-claudian-auto\Install-ClaudianToObsidianVaults.ps1
[2026-05-05 08:26:43] [2026-05-05 08:26:43] Plugins already installed/enabled for vault: C:\Users\18826\Documents\work_doc_ob\Telpo; installed=23; enabledTotal=25
[2026-05-05 08:26:43] [2026-05-05 08:26:43] Finished. Plugins=23; processed vaults=1; skipped entries=0.
[2026-05-05 08:26:43] Installer finished.
[2026-05-05 08:31:43] Running installer: C:\Users\18826\Documents\work_doc_ob\Telpo\scripts\obsidian-claudian-auto\Install-ClaudianToObsidianVaults.ps1
[2026-05-05 08:31:43] [2026-05-05 08:31:43] Plugins already installed/enabled for vault: C:\Users\18826\Documents\work_doc_ob\Telpo; installed=23; enabledTotal=25
[2026-05-05 08:31:43] [2026-05-05 08:31:43] Finished. Plugins=23; processed vaults=1; skipped entries=0.
[2026-05-05 08:31:43] Installer finished.
[2026-05-05 08:36:43] Running installer: C:\Users\18826\Documents\work_doc_ob\Telpo\scripts\obsidian-claudian-auto\Install-ClaudianToObsidianVaults.ps1
[2026-05-05 08:36:43] [2026-05-05 08:36:43] Plugins already installed/enabled for vault: C:\Users\18826\Documents\work_doc_ob\Telpo; installed=23; enabledTotal=25
[2026-05-05 08:36:43] [2026-05-05 08:36:43] Finished. Plugins=23; processed vaults=1; skipped entries=0.
[2026-05-05 08:36:43] Installer finished.
[2026-05-05 08:41:43] Running installer: C:\Users\18826\Documents\work_doc_ob\Telpo\scripts\obsidian-claudian-auto\Install-ClaudianToObsidianVaults.ps1
[2026-05-05 08:41:44] [2026-05-05 08:41:44] Plugins already installed/enabled for vault: C:\Users\18826\Documents\work_doc_ob\Telpo; installed=23; enabledTotal=25
[2026-05-05 08:41:44] [2026-05-05 08:41:44] Finished. Plugins=23; processed vaults=1; skipped entries=0.
[2026-05-05 08:41:44] Installer finished.
[2026-05-05 08:46:44] Running installer: C:\Users\18826\Documents\work_doc_ob\Telpo\scripts\obsidian-claudian-auto\Install-ClaudianToObsidianVaults.ps1
[2026-05-05 08:46:44] [2026-05-05 08:46:44] Plugins already installed/enabled for vault: C:\Users\18826\Documents\work_doc_ob\Telpo; installed=23; enabledTotal=25
[2026-05-05 08:46:44] [2026-05-05 08:46:44] Finished. Plugins=23; processed vaults=1; skipped entries=0.
[2026-05-05 08:46:44] Installer finished.
[2026-05-05 08:51:44] Running installer: C:\Users\18826\Documents\work_doc_ob\Telpo\scripts\obsidian-claudian-auto\Install-ClaudianToObsidianVaults.ps1
[2026-05-05 08:51:44] [2026-05-05 08:51:44] Plugins already installed/enabled for vault: C:\Users\18826\Documents\work_doc_ob\Telpo; installed=23; enabledTotal=25
[2026-05-05 08:51:44] [2026-05-05 08:51:44] Finished. Plugins=23; processed vaults=1; skipped entries=0.
[2026-05-05 08:51:44] Installer finished.
[2026-05-05 08:56:44] Running installer: C:\Users\18826\Documents\work_doc_ob\Telpo\scripts\obsidian-claudian-auto\Install-ClaudianToObsidianVaults.ps1
[2026-05-05 08:56:45] [2026-05-05 08:56:45] Plugins already installed/enabled for vault: C:\Users\18826\Documents\work_doc_ob\Telpo; installed=23; enabledTotal=25
[2026-05-05 08:56:45] [2026-05-05 08:56:45] Finished. Plugins=23; processed vaults=1; skipped entries=0.
[2026-05-05 08:56:45] Installer finished.
[2026-05-05 09:01:45] Running installer: C:\Users\18826\Documents\work_doc_ob\Telpo\scripts\obsidian-claudian-auto\Install-ClaudianToObsidianVaults.ps1
[2026-05-05 09:01:45] [2026-05-05 09:01:45] Plugins already installed/enabled for vault: C:\Users\18826\Documents\work_doc_ob\Telpo; installed=23; enabledTotal=25
[2026-05-05 09:01:45] [2026-05-05 09:01:45] Finished. Plugins=23; processed vaults=1; skipped entries=0.
[2026-05-05 09:01:45] Installer finished.
[2026-05-05 09:06:45] Running installer: C:\Users\18826\Documents\work_doc_ob\Telpo\scripts\obsidian-claudian-auto\Install-ClaudianToObsidianVaults.ps1
[2026-05-05 09:06:45] [2026-05-05 09:06:45] Plugins already installed/enabled for vault: C:\Users\18826\Documents\work_doc_ob\Telpo; installed=23; enabledTotal=25
[2026-05-05 09:06:45] [2026-05-05 09:06:45] Finished. Plugins=23; processed vaults=1; skipped entries=0.
[2026-05-05 09:06:45] Installer finished.
[2026-05-05 09:11:45] Running installer: C:\Users\18826\Documents\work_doc_ob\Telpo\scripts\obsidian-claudian-auto\Install-ClaudianToObsidianVaults.ps1
[2026-05-05 09:11:46] [2026-05-05 09:11:46] Plugins already installed/enabled for vault: C:\Users\18826\Documents\work_doc_ob\Telpo; installed=23; enabledTotal=25
[2026-05-05 09:11:46] [2026-05-05 09:11:46] Finished. Plugins=23; processed vaults=1; skipped entries=0.
[2026-05-05 09:11:46] Installer finished.
[2026-05-05 09:16:46] Running installer: C:\Users\18826\Documents\work_doc_ob\Telpo\scripts\obsidian-claudian-auto\Install-ClaudianToObsidianVaults.ps1
[2026-05-05 09:16:46] [2026-05-05 09:16:46] Plugins already installed/enabled for vault: C:\Users\18826\Documents\work_doc_ob\Telpo; installed=23; enabledTotal=25
[2026-05-05 09:16:46] [2026-05-05 09:16:46] Finished. Plugins=23; processed vaults=1; skipped entries=0.
[2026-05-05 09:16:46] Installer finished.
[2026-05-05 09:21:46] Running installer: C:\Users\18826\Documents\work_doc_ob\Telpo\scripts\obsidian-claudian-auto\Install-ClaudianToObsidianVaults.ps1
[2026-05-05 09:21:46] [2026-05-05 09:21:46] Plugins already installed/enabled for vault: C:\Users\18826\Documents\work_doc_ob\Telpo; installed=23; enabledTotal=25
[2026-05-05 09:21:46] [2026-05-05 09:21:46] Finished. Plugins=23; processed vaults=1; skipped entries=0.
[2026-05-05 09:21:46] Installer finished.
[2026-05-05 09:26:46] Running installer: C:\Users\18826\Documents\work_doc_ob\Telpo\scripts\obsidian-claudian-auto\Install-ClaudianToObsidianVaults.ps1
[2026-05-05 09:26:47] [2026-05-05 09:26:47] Plugins already installed/enabled for vault: C:\Users\18826\Documents\work_doc_ob\Telpo; installed=23; enabledTotal=25
[2026-05-05 09:26:47] [2026-05-05 09:26:47] Finished. Plugins=23; processed vaults=1; skipped entries=0.
[2026-05-05 09:26:47] Installer finished.
[2026-05-05 09:31:47] Running installer: C:\Users\18826\Documents\work_doc_ob\Telpo\scripts\obsidian-claudian-auto\Install-ClaudianToObsidianVaults.ps1
[2026-05-05 09:31:47] [2026-05-05 09:31:47] Plugins already installed/enabled for vault: C:\Users\18826\Documents\work_doc_ob\Telpo; installed=23; enabledTotal=25
[2026-05-05 09:31:47] [2026-05-05 09:31:47] Finished. Plugins=23; processed vaults=1; skipped entries=0.
[2026-05-05 09:31:47] Installer finished.
[2026-05-05 09:36:47] Running installer: C:\Users\18826\Documents\work_doc_ob\Telpo\scripts\obsidian-claudian-auto\Install-ClaudianToObsidianVaults.ps1
[2026-05-05 09:36:47] [2026-05-05 09:36:47] Plugins already installed/enabled for vault: C:\Users\18826\Documents\work_doc_ob\Telpo; installed=23; enabledTotal=25
[2026-05-05 09:36:47] [2026-05-05 09:36:47] Finished. Plugins=23; processed vaults=1; skipped entries=0.
[2026-05-05 09:36:47] Installer finished.
[2026-05-05 09:41:49] Running installer: C:\Users\18826\Documents\work_doc_ob\Telpo\scripts\obsidian-claudian-auto\Install-ClaudianToObsidianVaults.ps1
[2026-05-05 09:41:49] [2026-05-05 09:41:49] Plugins already installed/enabled for vault: C:\Users\18826\Documents\work_doc_ob\Telpo; installed=23; enabledTotal=25
[2026-05-05 09:41:49] [2026-05-05 09:41:49] Finished. Plugins=23; processed vaults=1; skipped entries=0.
[2026-05-05 09:41:49] Installer finished.
[2026-05-05 09:46:49] Running installer: C:\Users\18826\Documents\work_doc_ob\Telpo\scripts\obsidian-claudian-auto\Install-ClaudianToObsidianVaults.ps1
[2026-05-05 09:46:50] [2026-05-05 09:46:50] Plugins already installed/enabled for vault: C:\Users\18826\Documents\work_doc_ob\Telpo; installed=23; enabledTotal=25
[2026-05-05 09:46:50] [2026-05-05 09:46:50] Finished. Plugins=23; processed vaults=1; skipped entries=0.
[2026-05-05 09:46:50] Installer finished.
[2026-05-05 09:51:50] Running installer: C:\Users\18826\Documents\work_doc_ob\Telpo\scripts\obsidian-claudian-auto\Install-ClaudianToObsidianVaults.ps1
[2026-05-05 09:51:50] [2026-05-05 09:51:50] Plugins already installed/enabled for vault: C:\Users\18826\Documents\work_doc_ob\Telpo; installed=23; enabledTotal=25
[2026-05-05 09:51:50] [2026-05-05 09:51:50] Finished. Plugins=23; processed vaults=1; skipped entries=0.
[2026-05-05 09:51:50] Installer finished.
[2026-05-05 09:56:50] Running installer: C:\Users\18826\Documents\work_doc_ob\Telpo\scripts\obsidian-claudian-auto\Install-ClaudianToObsidianVaults.ps1
[2026-05-05 09:56:50] [2026-05-05 09:56:50] Plugins already installed/enabled for vault: C:\Users\18826\Documents\work_doc_ob\Telpo; installed=23; enabledTotal=25
[2026-05-05 09:56:50] [2026-05-05 09:56:50] Finished. Plugins=23; processed vaults=1; skipped entries=0.
[2026-05-05 09:56:50] Installer finished.
[2026-05-05 10:01:50] Running installer: C:\Users\18826\Documents\work_doc_ob\Telpo\scripts\obsidian-claudian-auto\Install-ClaudianToObsidianVaults.ps1
[2026-05-05 10:01:51] [2026-05-05 10:01:51] Plugins already installed/enabled for vault: C:\Users\18826\Documents\work_doc_ob\Telpo; installed=23; enabledTotal=25
[2026-05-05 10:01:51] [2026-05-05 10:01:51] Finished. Plugins=23; processed vaults=1; skipped entries=0.
[2026-05-05 10:01:51] Installer finished.
[2026-05-05 10:06:51] Running installer: C:\Users\18826\Documents\work_doc_ob\Telpo\scripts\obsidian-claudian-auto\Install-ClaudianToObsidianVaults.ps1
[2026-05-05 10:06:51] [2026-05-05 10:06:51] Plugins already installed/enabled for vault: C:\Users\18826\Documents\work_doc_ob\Telpo; installed=23; enabledTotal=25
[2026-05-05 10:06:51] [2026-05-05 10:06:51] Finished. Plugins=23; processed vaults=1; skipped entries=0.
[2026-05-05 10:06:51] Installer finished.
[2026-05-05 10:11:51] Running installer: C:\Users\18826\Documents\work_doc_ob\Telpo\scripts\obsidian-claudian-auto\Install-ClaudianToObsidianVaults.ps1
[2026-05-05 10:11:51] [2026-05-05 10:11:51] Plugins already installed/enabled for vault: C:\Users\18826\Documents\work_doc_ob\Telpo; installed=23; enabledTotal=25
[2026-05-05 10:11:51] [2026-05-05 10:11:51] Finished. Plugins=23; processed vaults=1; skipped entries=0.
[2026-05-05 10:11:51] Installer finished.
[2026-05-05 10:16:51] Running installer: C:\Users\18826\Documents\work_doc_ob\Telpo\scripts\obsidian-claudian-auto\Install-ClaudianToObsidianVaults.ps1
[2026-05-05 10:16:52] [2026-05-05 10:16:52] Plugins already installed/enabled for vault: C:\Users\18826\Documents\work_doc_ob\Telpo; installed=23; enabledTotal=25
[2026-05-05 10:16:52] [2026-05-05 10:16:52] Finished. Plugins=23; processed vaults=1; skipped entries=0.
[2026-05-05 10:16:52] Installer finished.
[2026-05-05 10:21:52] Running installer: C:\Users\18826\Documents\work_doc_ob\Telpo\scripts\obsidian-claudian-auto\Install-ClaudianToObsidianVaults.ps1
[2026-05-05 10:21:52] [2026-05-05 10:21:52] Plugins already installed/enabled for vault: C:\Users\18826\Documents\work_doc_ob\Telpo; installed=23; enabledTotal=25
[2026-05-05 10:21:52] [2026-05-05 10:21:52] Finished. Plugins=23; processed vaults=1; skipped entries=0.
[2026-05-05 10:21:52] Installer finished.
[2026-05-05 10:26:52] Running installer: C:\Users\18826\Documents\work_doc_ob\Telpo\scripts\obsidian-claudian-auto\Install-ClaudianToObsidianVaults.ps1
[2026-05-05 10:26:52] [2026-05-05 10:26:52] Plugins already installed/enabled for vault: C:\Users\18826\Documents\work_doc_ob\Telpo; installed=23; enabledTotal=25
[2026-05-05 10:26:52] [2026-05-05 10:26:52] Finished. Plugins=23; processed vaults=1; skipped entries=0.
[2026-05-05 10:26:52] Installer finished.
[2026-05-05 10:31:52] Running installer: C:\Users\18826\Documents\work_doc_ob\Telpo\scripts\obsidian-claudian-auto\Install-ClaudianToObsidianVaults.ps1
[2026-05-05 10:31:53] [2026-05-05 10:31:53] Plugins already installed/enabled for vault: C:\Users\18826\Documents\work_doc_ob\Telpo; installed=23; enabledTotal=25
[2026-05-05 10:31:53] [2026-05-05 10:31:53] Finished. Plugins=23; processed vaults=1; skipped entries=0.
[2026-05-05 10:31:53] Installer finished.
[2026-05-05 10:36:53] Running installer: C:\Users\18826\Documents\work_doc_ob\Telpo\scripts\obsidian-claudian-auto\Install-ClaudianToObsidianVaults.ps1
[2026-05-05 10:36:53] [2026-05-05 10:36:53] Plugins already installed/enabled for vault: C:\Users\18826\Documents\work_doc_ob\Telpo; installed=23; enabledTotal=25
[2026-05-05 10:36:53] [2026-05-05 10:36:53] Finished. Plugins=23; processed vaults=1; skipped entries=0.
[2026-05-05 10:36:53] Installer finished.
[2026-05-05 10:41:53] Running installer: C:\Users\18826\Documents\work_doc_ob\Telpo\scripts\obsidian-claudian-auto\Install-ClaudianToObsidianVaults.ps1
[2026-05-05 10:41:53] [2026-05-05 10:41:53] Plugins already installed/enabled for vault: C:\Users\18826\Documents\work_doc_ob\Telpo; installed=23; enabledTotal=25
[2026-05-05 10:41:53] [2026-05-05 10:41:53] Finished. Plugins=23; processed vaults=1; skipped entries=0.
[2026-05-05 10:41:53] Installer finished.
[2026-05-05 10:46:53] Running installer: C:\Users\18826\Documents\work_doc_ob\Telpo\scripts\obsidian-claudian-auto\Install-ClaudianToObsidianVaults.ps1
[2026-05-05 10:46:53] [2026-05-05 10:46:53] Plugins already installed/enabled for vault: C:\Users\18826\Documents\work_doc_ob\Telpo; installed=23; enabledTotal=25
[2026-05-05 10:46:53] [2026-05-05 10:46:53] Finished. Plugins=23; processed vaults=1; skipped entries=0.
[2026-05-05 10:46:53] Installer finished.
[2026-05-05 10:51:54] Running installer: C:\Users\18826\Documents\work_doc_ob\Telpo\scripts\obsidian-claudian-auto\Install-ClaudianToObsidianVaults.ps1
[2026-05-05 10:51:54] [2026-05-05 10:51:54] Plugins already installed/enabled for vault: C:\Users\18826\Documents\work_doc_ob\Telpo; installed=23; enabledTotal=25
[2026-05-05 10:51:54] [2026-05-05 10:51:54] Finished. Plugins=23; processed vaults=1; skipped entries=0.
[2026-05-05 10:51:54] Installer finished.
[2026-05-05 10:56:54] Running installer: C:\Users\18826\Documents\work_doc_ob\Telpo\scripts\obsidian-claudian-auto\Install-ClaudianToObsidianVaults.ps1
[2026-05-05 10:56:54] [2026-05-05 10:56:54] Plugins already installed/enabled for vault: C:\Users\18826\Documents\work_doc_ob\Telpo; installed=23; enabledTotal=25
[2026-05-05 10:56:54] [2026-05-05 10:56:54] Finished. Plugins=23; processed vaults=1; skipped entries=0.
[2026-05-05 10:56:54] Installer finished.
[2026-05-05 11:01:54] Running installer: C:\Users\18826\Documents\work_doc_ob\Telpo\scripts\obsidian-claudian-auto\Install-ClaudianToObsidianVaults.ps1
[2026-05-05 11:01:54] [2026-05-05 11:01:54] Plugins already installed/enabled for vault: C:\Users\18826\Documents\work_doc_ob\Telpo; installed=23; enabledTotal=25
[2026-05-05 11:01:54] [2026-05-05 11:01:54] Finished. Plugins=23; processed vaults=1; skipped entries=0.
[2026-05-05 11:01:54] Installer finished.
[2026-05-05 11:06:55] Running installer: C:\Users\18826\Documents\work_doc_ob\Telpo\scripts\obsidian-claudian-auto\Install-ClaudianToObsidianVaults.ps1
[2026-05-05 11:06:55] [2026-05-05 11:06:55] Plugins already installed/enabled for vault: C:\Users\18826\Documents\work_doc_ob\Telpo; installed=23; enabledTotal=25
[2026-05-05 11:06:55] [2026-05-05 11:06:55] Finished. Plugins=23; processed vaults=1; skipped entries=0.
[2026-05-05 11:06:55] Installer finished.
[2026-05-05 11:11:55] Running installer: C:\Users\18826\Documents\work_doc_ob\Telpo\scripts\obsidian-claudian-auto\Install-ClaudianToObsidianVaults.ps1
[2026-05-05 11:11:55] [2026-05-05 11:11:55] Plugins already installed/enabled for vault: C:\Users\18826\Documents\work_doc_ob\Telpo; installed=23; enabledTotal=25
[2026-05-05 11:11:55] [2026-05-05 11:11:55] Finished. Plugins=23; processed vaults=1; skipped entries=0.
[2026-05-05 11:11:55] Installer finished.
[2026-05-05 11:16:55] Running installer: C:\Users\18826\Documents\work_doc_ob\Telpo\scripts\obsidian-claudian-auto\Install-ClaudianToObsidianVaults.ps1
[2026-05-05 11:16:55] [2026-05-05 11:16:55] Plugins already installed/enabled for vault: C:\Users\18826\Documents\work_doc_ob\Telpo; installed=23; enabledTotal=25
[2026-05-05 11:16:55] [2026-05-05 11:16:55] Finished. Plugins=23; processed vaults=1; skipped entries=0.
[2026-05-05 11:16:55] Installer finished.
[2026-05-05 11:21:56] Running installer: C:\Users\18826\Documents\work_doc_ob\Telpo\scripts\obsidian-claudian-auto\Install-ClaudianToObsidianVaults.ps1
[2026-05-05 11:21:56] [2026-05-05 11:21:56] Plugins already installed/enabled for vault: C:\Users\18826\Documents\work_doc_ob\Telpo; installed=23; enabledTotal=25
[2026-05-05 11:21:56] [2026-05-05 11:21:56] Finished. Plugins=23; processed vaults=1; skipped entries=0.
[2026-05-05 11:21:56] Installer finished.
[2026-05-05 11:26:56] Running installer: C:\Users\18826\Documents\work_doc_ob\Telpo\scripts\obsidian-claudian-auto\Install-ClaudianToObsidianVaults.ps1
[2026-05-05 11:26:56] [2026-05-05 11:26:56] Plugins already installed/enabled for vault: C:\Users\18826\Documents\work_doc_ob\Telpo; installed=23; enabledTotal=25
[2026-05-05 11:26:56] [2026-05-05 11:26:56] Finished. Plugins=23; processed vaults=1; skipped entries=0.
[2026-05-05 11:26:56] Installer finished.
[2026-05-05 11:31:56] Running installer: C:\Users\18826\Documents\work_doc_ob\Telpo\scripts\obsidian-claudian-auto\Install-ClaudianToObsidianVaults.ps1
[2026-05-05 11:31:56] [2026-05-05 11:31:56] Plugins already installed/enabled for vault: C:\Users\18826\Documents\work_doc_ob\Telpo; installed=23; enabledTotal=25
[2026-05-05 11:31:56] [2026-05-05 11:31:56] Finished. Plugins=23; processed vaults=1; skipped entries=0.
[2026-05-05 11:31:56] Installer finished.
[2026-05-05 11:36:56] Running installer: C:\Users\18826\Documents\work_doc_ob\Telpo\scripts\obsidian-claudian-auto\Install-ClaudianToObsidianVaults.ps1
[2026-05-05 11:36:57] [2026-05-05 11:36:57] Plugins already installed/enabled for vault: C:\Users\18826\Documents\work_doc_ob\Telpo; installed=23; enabledTotal=25
[2026-05-05 11:36:57] [2026-05-05 11:36:57] Finished. Plugins=23; processed vaults=1; skipped entries=0.
[2026-05-05 11:36:57] Installer finished.
[2026-05-05 11:41:57] Running installer: C:\Users\18826\Documents\work_doc_ob\Telpo\scripts\obsidian-claudian-auto\Install-ClaudianToObsidianVaults.ps1
[2026-05-05 11:41:57] [2026-05-05 11:41:57] Plugins already installed/enabled for vault: C:\Users\18826\Documents\work_doc_ob\Telpo; installed=23; enabledTotal=25
[2026-05-05 11:41:57] [2026-05-05 11:41:57] Finished. Plugins=23; processed vaults=1; skipped entries=0.
[2026-05-05 11:41:57] Installer finished.
[2026-05-05 11:46:57] Running installer: C:\Users\18826\Documents\work_doc_ob\Telpo\scripts\obsidian-claudian-auto\Install-ClaudianToObsidianVaults.ps1
[2026-05-05 11:46:57] [2026-05-05 11:46:57] Plugins already installed/enabled for vault: C:\Users\18826\Documents\work_doc_ob\Telpo; installed=23; enabledTotal=25
[2026-05-05 11:46:57] [2026-05-05 11:46:57] Finished. Plugins=23; processed vaults=1; skipped entries=0.
[2026-05-05 11:46:57] Installer finished.
[2026-05-05 11:51:57] Running installer: C:\Users\18826\Documents\work_doc_ob\Telpo\scripts\obsidian-claudian-auto\Install-ClaudianToObsidianVaults.ps1
[2026-05-05 11:51:58] [2026-05-05 11:51:58] Plugins already installed/enabled for vault: C:\Users\18826\Documents\work_doc_ob\Telpo; installed=23; enabledTotal=25
[2026-05-05 11:51:58] [2026-05-05 11:51:58] Finished. Plugins=23; processed vaults=1; skipped entries=0.
[2026-05-05 11:51:58] Installer finished.
[2026-05-05 11:56:58] Running installer: C:\Users\18826\Documents\work_doc_ob\Telpo\scripts\obsidian-claudian-auto\Install-ClaudianToObsidianVaults.ps1
[2026-05-05 11:56:58] [2026-05-05 11:56:58] Plugins already installed/enabled for vault: C:\Users\18826\Documents\work_doc_ob\Telpo; installed=23; enabledTotal=25
[2026-05-05 11:56:58] [2026-05-05 11:56:58] Finished. Plugins=23; processed vaults=1; skipped entries=0.
[2026-05-05 11:56:58] Installer finished.
[2026-05-05 12:01:58] Running installer: C:\Users\18826\Documents\work_doc_ob\Telpo\scripts\obsidian-claudian-auto\Install-ClaudianToObsidianVaults.ps1
[2026-05-05 12:01:58] [2026-05-05 12:01:58] Plugins already installed/enabled for vault: C:\Users\18826\Documents\work_doc_ob\Telpo; installed=23; enabledTotal=25
[2026-05-05 12:01:58] [2026-05-05 12:01:58] Finished. Plugins=23; processed vaults=1; skipped entries=0.
[2026-05-05 12:01:58] Installer finished.
[2026-05-05 12:06:58] Running installer: C:\Users\18826\Documents\work_doc_ob\Telpo\scripts\obsidian-claudian-auto\Install-ClaudianToObsidianVaults.ps1
[2026-05-05 12:06:59] [2026-05-05 12:06:59] Plugins already installed/enabled for vault: C:\Users\18826\Documents\work_doc_ob\Telpo; installed=23; enabledTotal=25
[2026-05-05 12:06:59] [2026-05-05 12:06:59] Finished. Plugins=23; processed vaults=1; skipped entries=0.
[2026-05-05 12:06:59] Installer finished.
[2026-05-05 12:11:59] Running installer: C:\Users\18826\Documents\work_doc_ob\Telpo\scripts\obsidian-claudian-auto\Install-ClaudianToObsidianVaults.ps1
[2026-05-05 12:11:59] [2026-05-05 12:11:59] Plugins already installed/enabled for vault: C:\Users\18826\Documents\work_doc_ob\Telpo; installed=23; enabledTotal=25
[2026-05-05 12:11:59] [2026-05-05 12:11:59] Finished. Plugins=23; processed vaults=1; skipped entries=0.
[2026-05-05 12:11:59] Installer finished.
[2026-05-05 12:16:59] Running installer: C:\Users\18826\Documents\work_doc_ob\Telpo\scripts\obsidian-claudian-auto\Install-ClaudianToObsidianVaults.ps1
[2026-05-05 12:16:59] [2026-05-05 12:16:59] Plugins already installed/enabled for vault: C:\Users\18826\Documents\work_doc_ob\Telpo; installed=23; enabledTotal=25
[2026-05-05 12:16:59] [2026-05-05 12:16:59] Finished. Plugins=23; processed vaults=1; skipped entries=0.
[2026-05-05 12:16:59] Installer finished.
[2026-05-05 12:21:59] Running installer: C:\Users\18826\Documents\work_doc_ob\Telpo\scripts\obsidian-claudian-auto\Install-ClaudianToObsidianVaults.ps1
[2026-05-05 12:21:59] [2026-05-05 12:21:59] Plugins already installed/enabled for vault: C:\Users\18826\Documents\work_doc_ob\Telpo; installed=23; enabledTotal=25
[2026-05-05 12:21:59] [2026-05-05 12:21:59] Finished. Plugins=23; processed vaults=1; skipped entries=0.
[2026-05-05 12:21:59] Installer finished.
[2026-05-05 12:27:00] Running installer: C:\Users\18826\Documents\work_doc_ob\Telpo\scripts\obsidian-claudian-auto\Install-ClaudianToObsidianVaults.ps1
[2026-05-05 12:27:00] [2026-05-05 12:27:00] Plugins already installed/enabled for vault: C:\Users\18826\Documents\work_doc_ob\Telpo; installed=23; enabledTotal=25
[2026-05-05 12:27:00] [2026-05-05 12:27:00] Finished. Plugins=23; processed vaults=1; skipped entries=0.
[2026-05-05 12:27:00] Installer finished.
[2026-05-05 12:32:00] Running installer: C:\Users\18826\Documents\work_doc_ob\Telpo\scripts\obsidian-claudian-auto\Install-ClaudianToObsidianVaults.ps1
[2026-05-05 12:32:00] [2026-05-05 12:32:00] Plugins already installed/enabled for vault: C:\Users\18826\Documents\work_doc_ob\Telpo; installed=23; enabledTotal=25
[2026-05-05 12:32:00] [2026-05-05 12:32:00] Finished. Plugins=23; processed vaults=1; skipped entries=0.
[2026-05-05 12:32:00] Installer finished.
[2026-05-05 12:37:00] Running installer: C:\Users\18826\Documents\work_doc_ob\Telpo\scripts\obsidian-claudian-auto\Install-ClaudianToObsidianVaults.ps1
[2026-05-05 12:37:00] [2026-05-05 12:37:00] Plugins already installed/enabled for vault: C:\Users\18826\Documents\work_doc_ob\Telpo; installed=23; enabledTotal=25
[2026-05-05 12:37:00] [2026-05-05 12:37:00] Finished. Plugins=23; processed vaults=1; skipped entries=0.
[2026-05-05 12:37:00] Installer finished.
[2026-05-05 12:42:01] Running installer: C:\Users\18826\Documents\work_doc_ob\Telpo\scripts\obsidian-claudian-auto\Install-ClaudianToObsidianVaults.ps1
[2026-05-05 12:42:01] [2026-05-05 12:42:01] Plugins already installed/enabled for vault: C:\Users\18826\Documents\work_doc_ob\Telpo; installed=23; enabledTotal=25
[2026-05-05 12:42:01] [2026-05-05 12:42:01] Finished. Plugins=23; processed vaults=1; skipped entries=0.
[2026-05-05 12:42:01] Installer finished.
[2026-05-05 12:47:01] Running installer: C:\Users\18826\Documents\work_doc_ob\Telpo\scripts\obsidian-claudian-auto\Install-ClaudianToObsidianVaults.ps1
[2026-05-05 12:47:01] [2026-05-05 12:47:01] Plugins already installed/enabled for vault: C:\Users\18826\Documents\work_doc_ob\Telpo; installed=23; enabledTotal=25
[2026-05-05 12:47:01] [2026-05-05 12:47:01] Finished. Plugins=23; processed vaults=1; skipped entries=0.
[2026-05-05 12:47:01] Installer finished.
[2026-05-05 12:52:01] Running installer: C:\Users\18826\Documents\work_doc_ob\Telpo\scripts\obsidian-claudian-auto\Install-ClaudianToObsidianVaults.ps1
[2026-05-05 12:52:01] [2026-05-05 12:52:01] Plugins already installed/enabled for vault: C:\Users\18826\Documents\work_doc_ob\Telpo; installed=23; enabledTotal=25
[2026-05-05 12:52:01] [2026-05-05 12:52:01] Finished. Plugins=23; processed vaults=1; skipped entries=0.
[2026-05-05 12:52:01] Installer finished.
[2026-05-05 12:57:01] Running installer: C:\Users\18826\Documents\work_doc_ob\Telpo\scripts\obsidian-claudian-auto\Install-ClaudianToObsidianVaults.ps1
[2026-05-05 12:57:02] [2026-05-05 12:57:02] Plugins already installed/enabled for vault: C:\Users\18826\Documents\work_doc_ob\Telpo; installed=23; enabledTotal=25
[2026-05-05 12:57:02] [2026-05-05 12:57:02] Finished. Plugins=23; processed vaults=1; skipped entries=0.
[2026-05-05 12:57:02] Installer finished.
[2026-05-05 13:02:02] Running installer: C:\Users\18826\Documents\work_doc_ob\Telpo\scripts\obsidian-claudian-auto\Install-ClaudianToObsidianVaults.ps1
[2026-05-05 13:02:02] [2026-05-05 13:02:02] Plugins already installed/enabled for vault: C:\Users\18826\Documents\work_doc_ob\Telpo; installed=23; enabledTotal=25
[2026-05-05 13:02:02] [2026-05-05 13:02:02] Finished. Plugins=23; processed vaults=1; skipped entries=0.
[2026-05-05 13:02:02] Installer finished.
[2026-05-05 13:07:02] Running installer: C:\Users\18826\Documents\work_doc_ob\Telpo\scripts\obsidian-claudian-auto\Install-ClaudianToObsidianVaults.ps1
[2026-05-05 13:07:02] [2026-05-05 13:07:02] Plugins already installed/enabled for vault: C:\Users\18826\Documents\work_doc_ob\Telpo; installed=23; enabledTotal=25
[2026-05-05 13:07:02] [2026-05-05 13:07:02] Finished. Plugins=23; processed vaults=1; skipped entries=0.
[2026-05-05 13:07:02] Installer finished.
[2026-05-05 13:12:02] Running installer: C:\Users\18826\Documents\work_doc_ob\Telpo\scripts\obsidian-claudian-auto\Install-ClaudianToObsidianVaults.ps1
[2026-05-05 13:12:03] [2026-05-05 13:12:03] Plugins already installed/enabled for vault: C:\Users\18826\Documents\work_doc_ob\Telpo; installed=23; enabledTotal=25
[2026-05-05 13:12:03] [2026-05-05 13:12:03] Finished. Plugins=23; processed vaults=1; skipped entries=0.
[2026-05-05 13:12:03] Installer finished.
[2026-05-05 13:17:03] Running installer: C:\Users\18826\Documents\work_doc_ob\Telpo\scripts\obsidian-claudian-auto\Install-ClaudianToObsidianVaults.ps1
[2026-05-05 13:17:03] [2026-05-05 13:17:03] Plugins already installed/enabled for vault: C:\Users\18826\Documents\work_doc_ob\Telpo; installed=23; enabledTotal=25
[2026-05-05 13:17:03] [2026-05-05 13:17:03] Finished. Plugins=23; processed vaults=1; skipped entries=0.
[2026-05-05 13:17:03] Installer finished.
[2026-05-05 13:22:03] Running installer: C:\Users\18826\Documents\work_doc_ob\Telpo\scripts\obsidian-claudian-auto\Install-ClaudianToObsidianVaults.ps1
[2026-05-05 13:22:03] [2026-05-05 13:22:03] Plugins already installed/enabled for vault: C:\Users\18826\Documents\work_doc_ob\Telpo; installed=23; enabledTotal=25
[2026-05-05 13:22:03] [2026-05-05 13:22:03] Finished. Plugins=23; processed vaults=1; skipped entries=0.
[2026-05-05 13:22:03] Installer finished.
[2026-05-05 13:27:03] Running installer: C:\Users\18826\Documents\work_doc_ob\Telpo\scripts\obsidian-claudian-auto\Install-ClaudianToObsidianVaults.ps1
[2026-05-05 13:27:04] [2026-05-05 13:27:04] Plugins already installed/enabled for vault: C:\Users\18826\Documents\work_doc_ob\Telpo; installed=23; enabledTotal=25
[2026-05-05 13:27:04] [2026-05-05 13:27:04] Finished. Plugins=23; processed vaults=1; skipped entries=0.
[2026-05-05 13:27:04] Installer finished.
[2026-05-05 13:32:04] Running installer: C:\Users\18826\Documents\work_doc_ob\Telpo\scripts\obsidian-claudian-auto\Install-ClaudianToObsidianVaults.ps1
[2026-05-05 13:32:04] [2026-05-05 13:32:04] Plugins already installed/enabled for vault: C:\Users\18826\Documents\work_doc_ob\Telpo; installed=23; enabledTotal=25
[2026-05-05 13:32:04] [2026-05-05 13:32:04] Finished. Plugins=23; processed vaults=1; skipped entries=0.
[2026-05-05 13:32:04] Installer finished.
[2026-05-05 13:37:04] Running installer: C:\Users\18826\Documents\work_doc_ob\Telpo\scripts\obsidian-claudian-auto\Install-ClaudianToObsidianVaults.ps1
[2026-05-05 13:37:04] [2026-05-05 13:37:04] Plugins already installed/enabled for vault: C:\Users\18826\Documents\work_doc_ob\Telpo; installed=23; enabledTotal=25
[2026-05-05 13:37:04] [2026-05-05 13:37:04] Finished. Plugins=23; processed vaults=1; skipped entries=0.
[2026-05-05 13:37:04] Installer finished.
[2026-05-05 13:42:04] Running installer: C:\Users\18826\Documents\work_doc_ob\Telpo\scripts\obsidian-claudian-auto\Install-ClaudianToObsidianVaults.ps1
[2026-05-05 13:42:05] [2026-05-05 13:42:05] Plugins already installed/enabled for vault: C:\Users\18826\Documents\work_doc_ob\Telpo; installed=23; enabledTotal=25
[2026-05-05 13:42:05] [2026-05-05 13:42:05] Finished. Plugins=23; processed vaults=1; skipped entries=0.
[2026-05-05 13:42:05] Installer finished.
[2026-05-05 13:47:05] Running installer: C:\Users\18826\Documents\work_doc_ob\Telpo\scripts\obsidian-claudian-auto\Install-ClaudianToObsidianVaults.ps1
[2026-05-05 13:47:05] [2026-05-05 13:47:05] Plugins already installed/enabled for vault: C:\Users\18826\Documents\work_doc_ob\Telpo; installed=23; enabledTotal=25
[2026-05-05 13:47:05] [2026-05-05 13:47:05] Finished. Plugins=23; processed vaults=1; skipped entries=0.
[2026-05-05 13:47:05] Installer finished.
[2026-05-05 13:52:05] Running installer: C:\Users\18826\Documents\work_doc_ob\Telpo\scripts\obsidian-claudian-auto\Install-ClaudianToObsidianVaults.ps1
[2026-05-05 13:52:05] [2026-05-05 13:52:05] Plugins already installed/enabled for vault: C:\Users\18826\Documents\work_doc_ob\Telpo; installed=23; enabledTotal=25
[2026-05-05 13:52:05] [2026-05-05 13:52:05] Finished. Plugins=23; processed vaults=1; skipped entries=0.
[2026-05-05 13:52:05] Installer finished.
[2026-05-05 13:57:05] Running installer: C:\Users\18826\Documents\work_doc_ob\Telpo\scripts\obsidian-claudian-auto\Install-ClaudianToObsidianVaults.ps1
[2026-05-05 13:57:06] [2026-05-05 13:57:06] Plugins already installed/enabled for vault: C:\Users\18826\Documents\work_doc_ob\Telpo; installed=23; enabledTotal=25
[2026-05-05 13:57:06] [2026-05-05 13:57:06] Finished. Plugins=23; processed vaults=1; skipped entries=0.
[2026-05-05 13:57:06] Installer finished.
[2026-05-05 14:02:06] Running installer: C:\Users\18826\Documents\work_doc_ob\Telpo\scripts\obsidian-claudian-auto\Install-ClaudianToObsidianVaults.ps1
[2026-05-05 14:02:06] [2026-05-05 14:02:06] Plugins already installed/enabled for vault: C:\Users\18826\Documents\work_doc_ob\Telpo; installed=23; enabledTotal=25
[2026-05-05 14:02:06] [2026-05-05 14:02:06] Finished. Plugins=23; processed vaults=1; skipped entries=0.
[2026-05-05 14:02:06] Installer finished.
[2026-05-05 14:07:06] Running installer: C:\Users\18826\Documents\work_doc_ob\Telpo\scripts\obsidian-claudian-auto\Install-ClaudianToObsidianVaults.ps1
[2026-05-05 14:07:06] [2026-05-05 14:07:06] Plugins already installed/enabled for vault: C:\Users\18826\Documents\work_doc_ob\Telpo; installed=23; enabledTotal=25
[2026-05-05 14:07:06] [2026-05-05 14:07:06] Finished. Plugins=23; processed vaults=1; skipped entries=0.
[2026-05-05 14:07:06] Installer finished.
[2026-05-05 14:12:06] Running installer: C:\Users\18826\Documents\work_doc_ob\Telpo\scripts\obsidian-claudian-auto\Install-ClaudianToObsidianVaults.ps1
[2026-05-05 14:12:07] [2026-05-05 14:12:07] Plugins already installed/enabled for vault: C:\Users\18826\Documents\work_doc_ob\Telpo; installed=23; enabledTotal=25
[2026-05-05 14:12:07] [2026-05-05 14:12:07] Finished. Plugins=23; processed vaults=1; skipped entries=0.
[2026-05-05 14:12:07] Installer finished.
[2026-05-05 14:17:07] Running installer: C:\Users\18826\Documents\work_doc_ob\Telpo\scripts\obsidian-claudian-auto\Install-ClaudianToObsidianVaults.ps1
[2026-05-05 14:17:07] [2026-05-05 14:17:07] Plugins already installed/enabled for vault: C:\Users\18826\Documents\work_doc_ob\Telpo; installed=23; enabledTotal=25
[2026-05-05 14:17:07] [2026-05-05 14:17:07] Finished. Plugins=23; processed vaults=1; skipped entries=0.
[2026-05-05 14:17:07] Installer finished.
[2026-05-05 14:22:07] Running installer: C:\Users\18826\Documents\work_doc_ob\Telpo\scripts\obsidian-claudian-auto\Install-ClaudianToObsidianVaults.ps1
[2026-05-05 14:22:07] [2026-05-05 14:22:07] Plugins already installed/enabled for vault: C:\Users\18826\Documents\work_doc_ob\Telpo; installed=23; enabledTotal=25
[2026-05-05 14:22:07] [2026-05-05 14:22:07] Finished. Plugins=23; processed vaults=1; skipped entries=0.
[2026-05-05 14:22:07] Installer finished.
[2026-05-05 14:27:07] Running installer: C:\Users\18826\Documents\work_doc_ob\Telpo\scripts\obsidian-claudian-auto\Install-ClaudianToObsidianVaults.ps1
[2026-05-05 14:27:07] [2026-05-05 14:27:07] Plugins already installed/enabled for vault: C:\Users\18826\Documents\work_doc_ob\Telpo; installed=23; enabledTotal=25
[2026-05-05 14:27:07] [2026-05-05 14:27:07] Finished. Plugins=23; processed vaults=1; skipped entries=0.
[2026-05-05 14:27:07] Installer finished.
[2026-05-05 14:32:08] Running installer: C:\Users\18826\Documents\work_doc_ob\Telpo\scripts\obsidian-claudian-auto\Install-ClaudianToObsidianVaults.ps1
[2026-05-05 14:32:08] [2026-05-05 14:32:08] Plugins already installed/enabled for vault: C:\Users\18826\Documents\work_doc_ob\Telpo; installed=23; enabledTotal=25
[2026-05-05 14:32:08] [2026-05-05 14:32:08] Finished. Plugins=23; processed vaults=1; skipped entries=0.
[2026-05-05 14:32:08] Installer finished.
[2026-05-05 14:37:08] Running installer: C:\Users\18826\Documents\work_doc_ob\Telpo\scripts\obsidian-claudian-auto\Install-ClaudianToObsidianVaults.ps1
[2026-05-05 14:37:08] [2026-05-05 14:37:08] Plugins already installed/enabled for vault: C:\Users\18826\Documents\work_doc_ob\Telpo; installed=23; enabledTotal=25
[2026-05-05 14:37:08] [2026-05-05 14:37:08] Finished. Plugins=23; processed vaults=1; skipped entries=0.
[2026-05-05 14:37:08] Installer finished.
[2026-05-05 14:42:08] Running installer: C:\Users\18826\Documents\work_doc_ob\Telpo\scripts\obsidian-claudian-auto\Install-ClaudianToObsidianVaults.ps1
[2026-05-05 14:42:08] [2026-05-05 14:42:08] Plugins already installed/enabled for vault: C:\Users\18826\Documents\work_doc_ob\Telpo; installed=23; enabledTotal=25
[2026-05-05 14:42:08] [2026-05-05 14:42:08] Finished. Plugins=23; processed vaults=1; skipped entries=0.
[2026-05-05 14:42:08] Installer finished.
[2026-05-05 14:47:09] Running installer: C:\Users\18826\Documents\work_doc_ob\Telpo\scripts\obsidian-claudian-auto\Install-ClaudianToObsidianVaults.ps1
[2026-05-05 14:47:09] [2026-05-05 14:47:09] Plugins already installed/enabled for vault: C:\Users\18826\Documents\work_doc_ob\Telpo; installed=23; enabledTotal=25
[2026-05-05 14:47:09] [2026-05-05 14:47:09] Finished. Plugins=23; processed vaults=1; skipped entries=0.
[2026-05-05 14:47:09] Installer finished.
[2026-05-05 14:52:09] Running installer: C:\Users\18826\Documents\work_doc_ob\Telpo\scripts\obsidian-claudian-auto\Install-ClaudianToObsidianVaults.ps1
[2026-05-05 14:52:09] [2026-05-05 14:52:09] Plugins already installed/enabled for vault: C:\Users\18826\Documents\work_doc_ob\Telpo; installed=23; enabledTotal=25
[2026-05-05 14:52:09] [2026-05-05 14:52:09] Finished. Plugins=23; processed vaults=1; skipped entries=0.
[2026-05-05 14:52:09] Installer finished.
[2026-05-05 14:57:09] Running installer: C:\Users\18826\Documents\work_doc_ob\Telpo\scripts\obsidian-claudian-auto\Install-ClaudianToObsidianVaults.ps1
[2026-05-05 14:57:09] [2026-05-05 14:57:09] Plugins already installed/enabled for vault: C:\Users\18826\Documents\work_doc_ob\Telpo; installed=23; enabledTotal=25
[2026-05-05 14:57:09] [2026-05-05 14:57:09] Finished. Plugins=23; processed vaults=1; skipped entries=0.
[2026-05-05 14:57:09] Installer finished.
[2026-05-05 15:02:10] Running installer: C:\Users\18826\Documents\work_doc_ob\Telpo\scripts\obsidian-claudian-auto\Install-ClaudianToObsidianVaults.ps1
[2026-05-05 15:02:10] [2026-05-05 15:02:10] Plugins already installed/enabled for vault: C:\Users\18826\Documents\work_doc_ob\Telpo; installed=23; enabledTotal=25
[2026-05-05 15:02:10] [2026-05-05 15:02:10] Finished. Plugins=23; processed vaults=1; skipped entries=0.
[2026-05-05 15:02:10] Installer finished.
[2026-05-05 15:07:10] Running installer: C:\Users\18826\Documents\work_doc_ob\Telpo\scripts\obsidian-claudian-auto\Install-ClaudianToObsidianVaults.ps1
[2026-05-05 15:07:10] [2026-05-05 15:07:10] Plugins already installed/enabled for vault: C:\Users\18826\Documents\work_doc_ob\Telpo; installed=23; enabledTotal=25
[2026-05-05 15:07:10] [2026-05-05 15:07:10] Finished. Plugins=23; processed vaults=1; skipped entries=0.
[2026-05-05 15:07:10] Installer finished.
[2026-05-05 15:12:10] Running installer: C:\Users\18826\Documents\work_doc_ob\Telpo\scripts\obsidian-claudian-auto\Install-ClaudianToObsidianVaults.ps1
[2026-05-05 15:12:10] [2026-05-05 15:12:10] Plugins already installed/enabled for vault: C:\Users\18826\Documents\work_doc_ob\Telpo; installed=23; enabledTotal=25
[2026-05-05 15:12:10] [2026-05-05 15:12:10] Finished. Plugins=23; processed vaults=1; skipped entries=0.
[2026-05-05 15:12:10] Installer finished.
[2026-05-05 15:17:10] Running installer: C:\Users\18826\Documents\work_doc_ob\Telpo\scripts\obsidian-claudian-auto\Install-ClaudianToObsidianVaults.ps1
[2026-05-05 15:17:11] [2026-05-05 15:17:11] Plugins already installed/enabled for vault: C:\Users\18826\Documents\work_doc_ob\Telpo; installed=23; enabledTotal=25
[2026-05-05 15:17:11] [2026-05-05 15:17:11] Finished. Plugins=23; processed vaults=1; skipped entries=0.
[2026-05-05 15:17:11] Installer finished.
[2026-05-05 15:22:11] Running installer: C:\Users\18826\Documents\work_doc_ob\Telpo\scripts\obsidian-claudian-auto\Install-ClaudianToObsidianVaults.ps1
[2026-05-05 15:22:11] [2026-05-05 15:22:11] Plugins already installed/enabled for vault: C:\Users\18826\Documents\work_doc_ob\Telpo; installed=23; enabledTotal=25
[2026-05-05 15:22:11] [2026-05-05 15:22:11] Finished. Plugins=23; processed vaults=1; skipped entries=0.
[2026-05-05 15:22:11] Installer finished.
[2026-05-05 15:27:11] Running installer: C:\Users\18826\Documents\work_doc_ob\Telpo\scripts\obsidian-claudian-auto\Install-ClaudianToObsidianVaults.ps1
[2026-05-05 15:27:11] [2026-05-05 15:27:11] Plugins already installed/enabled for vault: C:\Users\18826\Documents\work_doc_ob\Telpo; installed=23; enabledTotal=25
[2026-05-05 15:27:11] [2026-05-05 15:27:11] Finished. Plugins=23; processed vaults=1; skipped entries=0.
[2026-05-05 15:27:11] Installer finished.
[2026-05-05 15:32:11] Running installer: C:\Users\18826\Documents\work_doc_ob\Telpo\scripts\obsidian-claudian-auto\Install-ClaudianToObsidianVaults.ps1
[2026-05-05 15:32:12] [2026-05-05 15:32:12] Plugins already installed/enabled for vault: C:\Users\18826\Documents\work_doc_ob\Telpo; installed=23; enabledTotal=25
[2026-05-05 15:32:12] [2026-05-05 15:32:12] Finished. Plugins=23; processed vaults=1; skipped entries=0.
[2026-05-05 15:32:12] Installer finished.
[2026-05-05 15:37:12] Running installer: C:\Users\18826\Documents\work_doc_ob\Telpo\scripts\obsidian-claudian-auto\Install-ClaudianToObsidianVaults.ps1
[2026-05-05 15:37:12] [2026-05-05 15:37:12] Plugins already installed/enabled for vault: C:\Users\18826\Documents\work_doc_ob\Telpo; installed=23; enabledTotal=25
[2026-05-05 15:37:12] [2026-05-05 15:37:12] Finished. Plugins=23; processed vaults=1; skipped entries=0.
[2026-05-05 15:37:12] Installer finished.
[2026-05-05 15:42:12] Running installer: C:\Users\18826\Documents\work_doc_ob\Telpo\scripts\obsidian-claudian-auto\Install-ClaudianToObsidianVaults.ps1
[2026-05-05 15:42:12] [2026-05-05 15:42:12] Plugins already installed/enabled for vault: C:\Users\18826\Documents\work_doc_ob\Telpo; installed=23; enabledTotal=25
[2026-05-05 15:42:12] [2026-05-05 15:42:12] Finished. Plugins=23; processed vaults=1; skipped entries=0.
[2026-05-05 15:42:12] Installer finished.
[2026-05-05 15:47:12] Running installer: C:\Users\18826\Documents\work_doc_ob\Telpo\scripts\obsidian-claudian-auto\Install-ClaudianToObsidianVaults.ps1
[2026-05-05 15:47:13] [2026-05-05 15:47:13] Plugins already installed/enabled for vault: C:\Users\18826\Documents\work_doc_ob\Telpo; installed=23; enabledTotal=25
[2026-05-05 15:47:13] [2026-05-05 15:47:13] Finished. Plugins=23; processed vaults=1; skipped entries=0.
[2026-05-05 15:47:13] Installer finished.
[2026-05-05 15:52:13] Running installer: C:\Users\18826\Documents\work_doc_ob\Telpo\scripts\obsidian-claudian-auto\Install-ClaudianToObsidianVaults.ps1
[2026-05-05 15:52:13] [2026-05-05 15:52:13] Plugins already installed/enabled for vault: C:\Users\18826\Documents\work_doc_ob\Telpo; installed=23; enabledTotal=25
[2026-05-05 15:52:13] [2026-05-05 15:52:13] Finished. Plugins=23; processed vaults=1; skipped entries=0.
[2026-05-05 15:52:13] Installer finished.
[2026-05-05 15:57:13] Running installer: C:\Users\18826\Documents\work_doc_ob\Telpo\scripts\obsidian-claudian-auto\Install-ClaudianToObsidianVaults.ps1
[2026-05-05 15:57:13] [2026-05-05 15:57:13] Plugins already installed/enabled for vault: C:\Users\18826\Documents\work_doc_ob\Telpo; installed=23; enabledTotal=25
[2026-05-05 15:57:13] [2026-05-05 15:57:13] Finished. Plugins=23; processed vaults=1; skipped entries=0.
[2026-05-05 15:57:13] Installer finished.
[2026-05-05 16:02:13] Running installer: C:\Users\18826\Documents\work_doc_ob\Telpo\scripts\obsidian-claudian-auto\Install-ClaudianToObsidianVaults.ps1
[2026-05-05 16:02:14] [2026-05-05 16:02:14] Plugins already installed/enabled for vault: C:\Users\18826\Documents\work_doc_ob\Telpo; installed=23; enabledTotal=25
[2026-05-05 16:02:14] [2026-05-05 16:02:14] Finished. Plugins=23; processed vaults=1; skipped entries=0.
[2026-05-05 16:02:14] Installer finished.
[2026-05-05 16:07:14] Running installer: C:\Users\18826\Documents\work_doc_ob\Telpo\scripts\obsidian-claudian-auto\Install-ClaudianToObsidianVaults.ps1
[2026-05-05 16:07:14] [2026-05-05 16:07:14] Plugins already installed/enabled for vault: C:\Users\18826\Documents\work_doc_ob\Telpo; installed=23; enabledTotal=25
[2026-05-05 16:07:14] [2026-05-05 16:07:14] Finished. Plugins=23; processed vaults=1; skipped entries=0.
[2026-05-05 16:07:14] Installer finished.
[2026-05-05 16:12:14] Running installer: C:\Users\18826\Documents\work_doc_ob\Telpo\scripts\obsidian-claudian-auto\Install-ClaudianToObsidianVaults.ps1
[2026-05-05 16:12:14] [2026-05-05 16:12:14] Plugins already installed/enabled for vault: C:\Users\18826\Documents\work_doc_ob\Telpo; installed=23; enabledTotal=25
[2026-05-05 16:12:14] [2026-05-05 16:12:14] Finished. Plugins=23; processed vaults=1; skipped entries=0.
[2026-05-05 16:12:14] Installer finished.
[2026-05-05 16:17:14] Running installer: C:\Users\18826\Documents\work_doc_ob\Telpo\scripts\obsidian-claudian-auto\Install-ClaudianToObsidianVaults.ps1
[2026-05-05 16:17:15] [2026-05-05 16:17:15] Plugins already installed/enabled for vault: C:\Users\18826\Documents\work_doc_ob\Telpo; installed=23; enabledTotal=25
[2026-05-05 16:17:15] [2026-05-05 16:17:15] Finished. Plugins=23; processed vaults=1; skipped entries=0.
[2026-05-05 16:17:15] Installer finished.
[2026-05-05 16:22:15] Running installer: C:\Users\18826\Documents\work_doc_ob\Telpo\scripts\obsidian-claudian-auto\Install-ClaudianToObsidianVaults.ps1
[2026-05-05 16:22:15] [2026-05-05 16:22:15] Plugins already installed/enabled for vault: C:\Users\18826\Documents\work_doc_ob\Telpo; installed=23; enabledTotal=25
[2026-05-05 16:22:15] [2026-05-05 16:22:15] Finished. Plugins=23; processed vaults=1; skipped entries=0.
[2026-05-05 16:22:15] Installer finished.
[2026-05-05 16:27:15] Running installer: C:\Users\18826\Documents\work_doc_ob\Telpo\scripts\obsidian-claudian-auto\Install-ClaudianToObsidianVaults.ps1
[2026-05-05 16:27:15] [2026-05-05 16:27:15] Plugins already installed/enabled for vault: C:\Users\18826\Documents\work_doc_ob\Telpo; installed=23; enabledTotal=25
[2026-05-05 16:27:15] [2026-05-05 16:27:15] Finished. Plugins=23; processed vaults=1; skipped entries=0.
[2026-05-05 16:27:15] Installer finished.
[2026-05-05 16:32:15] Running installer: C:\Users\18826\Documents\work_doc_ob\Telpo\scripts\obsidian-claudian-auto\Install-ClaudianToObsidianVaults.ps1
[2026-05-05 16:32:16] [2026-05-05 16:32:16] Plugins already installed/enabled for vault: C:\Users\18826\Documents\work_doc_ob\Telpo; installed=23; enabledTotal=25
[2026-05-05 16:32:16] [2026-05-05 16:32:16] Finished. Plugins=23; processed vaults=1; skipped entries=0.
[2026-05-05 16:32:16] Installer finished.
[2026-05-05 16:37:16] Running installer: C:\Users\18826\Documents\work_doc_ob\Telpo\scripts\obsidian-claudian-auto\Install-ClaudianToObsidianVaults.ps1
[2026-05-05 16:37:16] [2026-05-05 16:37:16] Plugins already installed/enabled for vault: C:\Users\18826\Documents\work_doc_ob\Telpo; installed=23; enabledTotal=25
[2026-05-05 16:37:16] [2026-05-05 16:37:16] Finished. Plugins=23; processed vaults=1; skipped entries=0.
[2026-05-05 16:37:16] Installer finished.
[2026-05-05 16:42:16] Running installer: C:\Users\18826\Documents\work_doc_ob\Telpo\scripts\obsidian-claudian-auto\Install-ClaudianToObsidianVaults.ps1
[2026-05-05 16:42:16] [2026-05-05 16:42:16] Plugins already installed/enabled for vault: C:\Users\18826\Documents\work_doc_ob\Telpo; installed=23; enabledTotal=25
[2026-05-05 16:42:16] [2026-05-05 16:42:16] Finished. Plugins=23; processed vaults=1; skipped entries=0.
[2026-05-05 16:42:16] Installer finished.
[2026-05-05 16:47:16] Running installer: C:\Users\18826\Documents\work_doc_ob\Telpo\scripts\obsidian-claudian-auto\Install-ClaudianToObsidianVaults.ps1
[2026-05-05 16:47:17] [2026-05-05 16:47:17] Plugins already installed/enabled for vault: C:\Users\18826\Documents\work_doc_ob\Telpo; installed=23; enabledTotal=25
[2026-05-05 16:47:17] [2026-05-05 16:47:17] Finished. Plugins=23; processed vaults=1; skipped entries=0.
[2026-05-05 16:47:17] Installer finished.
[2026-05-05 16:52:17] Running installer: C:\Users\18826\Documents\work_doc_ob\Telpo\scripts\obsidian-claudian-auto\Install-ClaudianToObsidianVaults.ps1
[2026-05-05 16:52:17] [2026-05-05 16:52:17] Plugins already installed/enabled for vault: C:\Users\18826\Documents\work_doc_ob\Telpo; installed=23; enabledTotal=25
[2026-05-05 16:52:17] [2026-05-05 16:52:17] Finished. Plugins=23; processed vaults=1; skipped entries=0.
[2026-05-05 16:52:17] Installer finished.
[2026-05-05 16:57:17] Running installer: C:\Users\18826\Documents\work_doc_ob\Telpo\scripts\obsidian-claudian-auto\Install-ClaudianToObsidianVaults.ps1
[2026-05-05 16:57:17] [2026-05-05 16:57:17] Plugins already installed/enabled for vault: C:\Users\18826\Documents\work_doc_ob\Telpo; installed=23; enabledTotal=25
[2026-05-05 16:57:17] [2026-05-05 16:57:17] Finished. Plugins=23; processed vaults=1; skipped entries=0.
[2026-05-05 16:57:17] Installer finished.
[2026-05-05 17:02:17] Running installer: C:\Users\18826\Documents\work_doc_ob\Telpo\scripts\obsidian-claudian-auto\Install-ClaudianToObsidianVaults.ps1
[2026-05-05 17:02:17] [2026-05-05 17:02:17] Plugins already installed/enabled for vault: C:\Users\18826\Documents\work_doc_ob\Telpo; installed=23; enabledTotal=25
[2026-05-05 17:02:17] [2026-05-05 17:02:17] Finished. Plugins=23; processed vaults=1; skipped entries=0.
[2026-05-05 17:02:17] Installer finished.
[2026-05-05 17:07:18] Running installer: C:\Users\18826\Documents\work_doc_ob\Telpo\scripts\obsidian-claudian-auto\Install-ClaudianToObsidianVaults.ps1
[2026-05-05 17:07:18] [2026-05-05 17:07:18] Plugins already installed/enabled for vault: C:\Users\18826\Documents\work_doc_ob\Telpo; installed=23; enabledTotal=25
[2026-05-05 17:07:18] [2026-05-05 17:07:18] Finished. Plugins=23; processed vaults=1; skipped entries=0.
[2026-05-05 17:07:18] Installer finished.
[2026-05-05 17:12:18] Running installer: C:\Users\18826\Documents\work_doc_ob\Telpo\scripts\obsidian-claudian-auto\Install-ClaudianToObsidianVaults.ps1
[2026-05-05 17:12:18] [2026-05-05 17:12:18] Plugins already installed/enabled for vault: C:\Users\18826\Documents\work_doc_ob\Telpo; installed=23; enabledTotal=25
[2026-05-05 17:12:18] [2026-05-05 17:12:18] Finished. Plugins=23; processed vaults=1; skipped entries=0.
[2026-05-05 17:12:18] Installer finished.
[2026-05-05 17:17:18] Running installer: C:\Users\18826\Documents\work_doc_ob\Telpo\scripts\obsidian-claudian-auto\Install-ClaudianToObsidianVaults.ps1
[2026-05-05 17:17:18] [2026-05-05 17:17:18] Plugins already installed/enabled for vault: C:\Users\18826\Documents\work_doc_ob\Telpo; installed=23; enabledTotal=25
[2026-05-05 17:17:18] [2026-05-05 17:17:18] Finished. Plugins=23; processed vaults=1; skipped entries=0.
[2026-05-05 17:17:18] Installer finished.
[2026-05-05 17:22:19] Running installer: C:\Users\18826\Documents\work_doc_ob\Telpo\scripts\obsidian-claudian-auto\Install-ClaudianToObsidianVaults.ps1
[2026-05-05 17:22:19] [2026-05-05 17:22:19] Plugins already installed/enabled for vault: C:\Users\18826\Documents\work_doc_ob\Telpo; installed=23; enabledTotal=25
[2026-05-05 17:22:19] [2026-05-05 17:22:19] Finished. Plugins=23; processed vaults=1; skipped entries=0.
[2026-05-05 17:22:19] Installer finished.
[2026-05-05 17:27:19] Running installer: C:\Users\18826\Documents\work_doc_ob\Telpo\scripts\obsidian-claudian-auto\Install-ClaudianToObsidianVaults.ps1
[2026-05-05 17:27:19] [2026-05-05 17:27:19] Plugins already installed/enabled for vault: C:\Users\18826\Documents\work_doc_ob\Telpo; installed=23; enabledTotal=25
[2026-05-05 17:27:19] [2026-05-05 17:27:19] Finished. Plugins=23; processed vaults=1; skipped entries=0.
[2026-05-05 17:27:19] Installer finished.
[2026-05-05 17:32:19] Running installer: C:\Users\18826\Documents\work_doc_ob\Telpo\scripts\obsidian-claudian-auto\Install-ClaudianToObsidianVaults.ps1
[2026-05-05 17:32:19] [2026-05-05 17:32:19] Plugins already installed/enabled for vault: C:\Users\18826\Documents\work_doc_ob\Telpo; installed=23; enabledTotal=25
[2026-05-05 17:32:19] [2026-05-05 17:32:19] Finished. Plugins=23; processed vaults=1; skipped entries=0.
[2026-05-05 17:32:19] Installer finished.
[2026-05-05 17:37:20] Running installer: C:\Users\18826\Documents\work_doc_ob\Telpo\scripts\obsidian-claudian-auto\Install-ClaudianToObsidianVaults.ps1
[2026-05-05 17:37:20] [2026-05-05 17:37:20] Plugins already installed/enabled for vault: C:\Users\18826\Documents\work_doc_ob\Telpo; installed=23; enabledTotal=25
[2026-05-05 17:37:20] [2026-05-05 17:37:20] Finished. Plugins=23; processed vaults=1; skipped entries=0.
[2026-05-05 17:37:20] Installer finished.
[2026-05-05 17:42:20] Running installer: C:\Users\18826\Documents\work_doc_ob\Telpo\scripts\obsidian-claudian-auto\Install-ClaudianToObsidianVaults.ps1
[2026-05-05 17:42:20] [2026-05-05 17:42:20] Plugins already installed/enabled for vault: C:\Users\18826\Documents\work_doc_ob\Telpo; installed=23; enabledTotal=25
[2026-05-05 17:42:20] [2026-05-05 17:42:20] Finished. Plugins=23; processed vaults=1; skipped entries=0.
[2026-05-05 17:42:20] Installer finished.
[2026-05-05 17:47:20] Running installer: C:\Users\18826\Documents\work_doc_ob\Telpo\scripts\obsidian-claudian-auto\Install-ClaudianToObsidianVaults.ps1
[2026-05-05 17:47:21] [2026-05-05 17:47:21] Plugins already installed/enabled for vault: C:\Users\18826\Documents\work_doc_ob\Telpo; installed=23; enabledTotal=25
[2026-05-05 17:47:21] [2026-05-05 17:47:21] Finished. Plugins=23; processed vaults=1; skipped entries=0.
[2026-05-05 17:47:21] Installer finished.
[2026-05-05 17:52:21] Running installer: C:\Users\18826\Documents\work_doc_ob\Telpo\scripts\obsidian-claudian-auto\Install-ClaudianToObsidianVaults.ps1
[2026-05-05 17:52:21] [2026-05-05 17:52:21] Plugins already installed/enabled for vault: C:\Users\18826\Documents\work_doc_ob\Telpo; installed=23; enabledTotal=25
[2026-05-05 17:52:21] [2026-05-05 17:52:21] Finished. Plugins=23; processed vaults=1; skipped entries=0.
[2026-05-05 17:52:21] Installer finished.
[2026-05-05 17:57:21] Running installer: C:\Users\18826\Documents\work_doc_ob\Telpo\scripts\obsidian-claudian-auto\Install-ClaudianToObsidianVaults.ps1
[2026-05-05 17:57:21] [2026-05-05 17:57:21] Plugins already installed/enabled for vault: C:\Users\18826\Documents\work_doc_ob\Telpo; installed=23; enabledTotal=25
[2026-05-05 17:57:21] [2026-05-05 17:57:21] Finished. Plugins=23; processed vaults=1; skipped entries=0.
[2026-05-05 17:57:21] Installer finished.
[2026-05-05 18:02:22] Running installer: C:\Users\18826\Documents\work_doc_ob\Telpo\scripts\obsidian-claudian-auto\Install-ClaudianToObsidianVaults.ps1
[2026-05-05 18:02:22] [2026-05-05 18:02:22] Plugins already installed/enabled for vault: C:\Users\18826\Documents\work_doc_ob\Telpo; installed=23; enabledTotal=25
[2026-05-05 18:02:22] [2026-05-05 18:02:22] Finished. Plugins=23; processed vaults=1; skipped entries=0.
[2026-05-05 18:02:22] Installer finished.
[2026-05-05 18:07:22] Running installer: C:\Users\18826\Documents\work_doc_ob\Telpo\scripts\obsidian-claudian-auto\Install-ClaudianToObsidianVaults.ps1
[2026-05-05 18:07:22] [2026-05-05 18:07:22] Plugins already installed/enabled for vault: C:\Users\18826\Documents\work_doc_ob\Telpo; installed=23; enabledTotal=25
[2026-05-05 18:07:22] [2026-05-05 18:07:22] Finished. Plugins=23; processed vaults=1; skipped entries=0.
[2026-05-05 18:07:22] Installer finished.
[2026-05-05 18:12:22] Running installer: C:\Users\18826\Documents\work_doc_ob\Telpo\scripts\obsidian-claudian-auto\Install-ClaudianToObsidianVaults.ps1
[2026-05-05 18:12:23] [2026-05-05 18:12:23] Plugins already installed/enabled for vault: C:\Users\18826\Documents\work_doc_ob\Telpo; installed=23; enabledTotal=25
[2026-05-05 18:12:23] [2026-05-05 18:12:23] Finished. Plugins=23; processed vaults=1; skipped entries=0.
[2026-05-05 18:12:23] Installer finished.
[2026-05-05 18:17:23] Running installer: C:\Users\18826\Documents\work_doc_ob\Telpo\scripts\obsidian-claudian-auto\Install-ClaudianToObsidianVaults.ps1
[2026-05-05 18:17:23] [2026-05-05 18:17:23] Plugins already installed/enabled for vault: C:\Users\18826\Documents\work_doc_ob\Telpo; installed=23; enabledTotal=25
[2026-05-05 18:17:23] [2026-05-05 18:17:23] Finished. Plugins=23; processed vaults=1; skipped entries=0.
[2026-05-05 18:17:23] Installer finished.
[2026-05-05 18:22:23] Running installer: C:\Users\18826\Documents\work_doc_ob\Telpo\scripts\obsidian-claudian-auto\Install-ClaudianToObsidianVaults.ps1
[2026-05-05 18:22:23] [2026-05-05 18:22:23] Plugins already installed/enabled for vault: C:\Users\18826\Documents\work_doc_ob\Telpo; installed=23; enabledTotal=25
[2026-05-05 18:22:23] [2026-05-05 18:22:23] Finished. Plugins=23; processed vaults=1; skipped entries=0.
[2026-05-05 18:22:23] Installer finished.
[2026-05-05 18:27:23] Running installer: C:\Users\18826\Documents\work_doc_ob\Telpo\scripts\obsidian-claudian-auto\Install-ClaudianToObsidianVaults.ps1
[2026-05-05 18:27:24] [2026-05-05 18:27:24] Plugins already installed/enabled for vault: C:\Users\18826\Documents\work_doc_ob\Telpo; installed=23; enabledTotal=25
[2026-05-05 18:27:24] [2026-05-05 18:27:24] Finished. Plugins=23; processed vaults=1; skipped entries=0.
[2026-05-05 18:27:24] Installer finished.
[2026-05-05 18:32:24] Running installer: C:\Users\18826\Documents\work_doc_ob\Telpo\scripts\obsidian-claudian-auto\Install-ClaudianToObsidianVaults.ps1
[2026-05-05 18:32:24] [2026-05-05 18:32:24] Plugins already installed/enabled for vault: C:\Users\18826\Documents\work_doc_ob\Telpo; installed=23; enabledTotal=25
[2026-05-05 18:32:24] [2026-05-05 18:32:24] Finished. Plugins=23; processed vaults=1; skipped entries=0.
[2026-05-05 18:32:24] Installer finished.
[2026-05-05 18:37:24] Running installer: C:\Users\18826\Documents\work_doc_ob\Telpo\scripts\obsidian-claudian-auto\Install-ClaudianToObsidianVaults.ps1
[2026-05-05 18:37:24] [2026-05-05 18:37:24] Plugins already installed/enabled for vault: C:\Users\18826\Documents\work_doc_ob\Telpo; installed=23; enabledTotal=25
[2026-05-05 18:37:24] [2026-05-05 18:37:24] Finished. Plugins=23; processed vaults=1; skipped entries=0.
[2026-05-05 18:37:24] Installer finished.
[2026-05-05 18:42:24] Running installer: C:\Users\18826\Documents\work_doc_ob\Telpo\scripts\obsidian-claudian-auto\Install-ClaudianToObsidianVaults.ps1
[2026-05-05 18:42:25] [2026-05-05 18:42:25] Plugins already installed/enabled for vault: C:\Users\18826\Documents\work_doc_ob\Telpo; installed=23; enabledTotal=25
[2026-05-05 18:42:25] [2026-05-05 18:42:25] Finished. Plugins=23; processed vaults=1; skipped entries=0.
[2026-05-05 18:42:25] Installer finished.
[2026-05-05 18:47:25] Running installer: C:\Users\18826\Documents\work_doc_ob\Telpo\scripts\obsidian-claudian-auto\Install-ClaudianToObsidianVaults.ps1
[2026-05-05 18:47:25] [2026-05-05 18:47:25] Plugins already installed/enabled for vault: C:\Users\18826\Documents\work_doc_ob\Telpo; installed=23; enabledTotal=25
[2026-05-05 18:47:25] [2026-05-05 18:47:25] Finished. Plugins=23; processed vaults=1; skipped entries=0.
[2026-05-05 18:47:25] Installer finished.
[2026-05-05 18:52:25] Running installer: C:\Users\18826\Documents\work_doc_ob\Telpo\scripts\obsidian-claudian-auto\Install-ClaudianToObsidianVaults.ps1
[2026-05-05 18:52:25] [2026-05-05 18:52:25] Plugins already installed/enabled for vault: C:\Users\18826\Documents\work_doc_ob\Telpo; installed=23; enabledTotal=25
[2026-05-05 18:52:25] [2026-05-05 18:52:25] Finished. Plugins=23; processed vaults=1; skipped entries=0.
[2026-05-05 18:52:25] Installer finished.
[2026-05-05 18:57:25] Running installer: C:\Users\18826\Documents\work_doc_ob\Telpo\scripts\obsidian-claudian-auto\Install-ClaudianToObsidianVaults.ps1
[2026-05-05 18:57:25] [2026-05-05 18:57:25] Plugins already installed/enabled for vault: C:\Users\18826\Documents\work_doc_ob\Telpo; installed=23; enabledTotal=25
[2026-05-05 18:57:25] [2026-05-05 18:57:25] Finished. Plugins=23; processed vaults=1; skipped entries=0.
[2026-05-05 18:57:25] Installer finished.
[2026-05-05 19:02:26] Running installer: C:\Users\18826\Documents\work_doc_ob\Telpo\scripts\obsidian-claudian-auto\Install-ClaudianToObsidianVaults.ps1
[2026-05-05 19:02:26] [2026-05-05 19:02:26] Plugins already installed/enabled for vault: C:\Users\18826\Documents\work_doc_ob\Telpo; installed=23; enabledTotal=25
[2026-05-05 19:02:26] [2026-05-05 19:02:26] Finished. Plugins=23; processed vaults=1; skipped entries=0.
[2026-05-05 19:02:26] Installer finished.
[2026-05-05 19:07:26] Running installer: C:\Users\18826\Documents\work_doc_ob\Telpo\scripts\obsidian-claudian-auto\Install-ClaudianToObsidianVaults.ps1
[2026-05-05 19:07:26] [2026-05-05 19:07:26] Plugins already installed/enabled for vault: C:\Users\18826\Documents\work_doc_ob\Telpo; installed=23; enabledTotal=25
[2026-05-05 19:07:26] [2026-05-05 19:07:26] Finished. Plugins=23; processed vaults=1; skipped entries=0.
[2026-05-05 19:07:26] Installer finished.
[2026-05-05 19:12:26] Running installer: C:\Users\18826\Documents\work_doc_ob\Telpo\scripts\obsidian-claudian-auto\Install-ClaudianToObsidianVaults.ps1
[2026-05-05 19:12:26] [2026-05-05 19:12:26] Plugins already installed/enabled for vault: C:\Users\18826\Documents\work_doc_ob\Telpo; installed=23; enabledTotal=25
[2026-05-05 19:12:26] [2026-05-05 19:12:26] Finished. Plugins=23; processed vaults=1; skipped entries=0.
[2026-05-05 19:12:26] Installer finished.
[2026-05-05 19:17:27] Running installer: C:\Users\18826\Documents\work_doc_ob\Telpo\scripts\obsidian-claudian-auto\Install-ClaudianToObsidianVaults.ps1
[2026-05-05 19:17:27] [2026-05-05 19:17:27] Plugins already installed/enabled for vault: C:\Users\18826\Documents\work_doc_ob\Telpo; installed=23; enabledTotal=25
[2026-05-05 19:17:27] [2026-05-05 19:17:27] Finished. Plugins=23; processed vaults=1; skipped entries=0.
[2026-05-05 19:17:27] Installer finished.
[2026-05-05 19:22:27] Running installer: C:\Users\18826\Documents\work_doc_ob\Telpo\scripts\obsidian-claudian-auto\Install-ClaudianToObsidianVaults.ps1
[2026-05-05 19:22:27] [2026-05-05 19:22:27] Plugins already installed/enabled for vault: C:\Users\18826\Documents\work_doc_ob\Telpo; installed=23; enabledTotal=25
[2026-05-05 19:22:27] [2026-05-05 19:22:27] Finished. Plugins=23; processed vaults=1; skipped entries=0.
[2026-05-05 19:22:27] Installer finished.
[2026-05-05 19:27:27] Running installer: C:\Users\18826\Documents\work_doc_ob\Telpo\scripts\obsidian-claudian-auto\Install-ClaudianToObsidianVaults.ps1
[2026-05-05 19:27:27] [2026-05-05 19:27:27] Plugins already installed/enabled for vault: C:\Users\18826\Documents\work_doc_ob\Telpo; installed=23; enabledTotal=25
[2026-05-05 19:27:27] [2026-05-05 19:27:27] Finished. Plugins=23; processed vaults=1; skipped entries=0.
[2026-05-05 19:27:27] Installer finished.
[2026-05-05 19:32:27] Running installer: C:\Users\18826\Documents\work_doc_ob\Telpo\scripts\obsidian-claudian-auto\Install-ClaudianToObsidianVaults.ps1
[2026-05-05 19:32:28] [2026-05-05 19:32:28] Plugins already installed/enabled for vault: C:\Users\18826\Documents\work_doc_ob\Telpo; installed=23; enabledTotal=25
[2026-05-05 19:32:28] [2026-05-05 19:32:28] Finished. Plugins=23; processed vaults=1; skipped entries=0.
[2026-05-05 19:32:28] Installer finished.
[2026-05-05 19:37:28] Running installer: C:\Users\18826\Documents\work_doc_ob\Telpo\scripts\obsidian-claudian-auto\Install-ClaudianToObsidianVaults.ps1
[2026-05-05 19:37:28] [2026-05-05 19:37:28] Plugins already installed/enabled for vault: C:\Users\18826\Documents\work_doc_ob\Telpo; installed=23; enabledTotal=25
[2026-05-05 19:37:28] [2026-05-05 19:37:28] Finished. Plugins=23; processed vaults=1; skipped entries=0.
[2026-05-05 19:37:28] Installer finished.
[2026-05-05 19:42:28] Running installer: C:\Users\18826\Documents\work_doc_ob\Telpo\scripts\obsidian-claudian-auto\Install-ClaudianToObsidianVaults.ps1
[2026-05-05 19:42:28] [2026-05-05 19:42:28] Plugins already installed/enabled for vault: C:\Users\18826\Documents\work_doc_ob\Telpo; installed=23; enabledTotal=25
[2026-05-05 19:42:28] [2026-05-05 19:42:28] Finished. Plugins=23; processed vaults=1; skipped entries=0.
[2026-05-05 19:42:28] Installer finished.
[2026-05-05 19:47:28] Running installer: C:\Users\18826\Documents\work_doc_ob\Telpo\scripts\obsidian-claudian-auto\Install-ClaudianToObsidianVaults.ps1
[2026-05-05 19:47:29] [2026-05-05 19:47:29] Plugins already installed/enabled for vault: C:\Users\18826\Documents\work_doc_ob\Telpo; installed=23; enabledTotal=25
[2026-05-05 19:47:29] [2026-05-05 19:47:29] Finished. Plugins=23; processed vaults=1; skipped entries=0.
[2026-05-05 19:47:29] Installer finished.
[2026-05-05 19:52:29] Running installer: C:\Users\18826\Documents\work_doc_ob\Telpo\scripts\obsidian-claudian-auto\Install-ClaudianToObsidianVaults.ps1
[2026-05-05 19:52:29] [2026-05-05 19:52:29] Plugins already installed/enabled for vault: C:\Users\18826\Documents\work_doc_ob\Telpo; installed=23; enabledTotal=25
[2026-05-05 19:52:29] [2026-05-05 19:52:29] Finished. Plugins=23; processed vaults=1; skipped entries=0.
[2026-05-05 19:52:29] Installer finished.
[2026-05-05 19:57:29] Running installer: C:\Users\18826\Documents\work_doc_ob\Telpo\scripts\obsidian-claudian-auto\Install-ClaudianToObsidianVaults.ps1
[2026-05-05 19:57:29] [2026-05-05 19:57:29] Plugins already installed/enabled for vault: C:\Users\18826\Documents\work_doc_ob\Telpo; installed=23; enabledTotal=25
[2026-05-05 19:57:29] [2026-05-05 19:57:29] Finished. Plugins=23; processed vaults=1; skipped entries=0.
[2026-05-05 19:57:29] Installer finished.
[2026-05-05 20:02:29] Running installer: C:\Users\18826\Documents\work_doc_ob\Telpo\scripts\obsidian-claudian-auto\Install-ClaudianToObsidianVaults.ps1
[2026-05-05 20:02:30] [2026-05-05 20:02:30] Plugins already installed/enabled for vault: C:\Users\18826\Documents\work_doc_ob\Telpo; installed=23; enabledTotal=25
[2026-05-05 20:02:30] [2026-05-05 20:02:30] Finished. Plugins=23; processed vaults=1; skipped entries=0.
[2026-05-05 20:02:30] Installer finished.
[2026-05-05 20:07:30] Running installer: C:\Users\18826\Documents\work_doc_ob\Telpo\scripts\obsidian-claudian-auto\Install-ClaudianToObsidianVaults.ps1
[2026-05-05 20:07:30] [2026-05-05 20:07:30] Plugins already installed/enabled for vault: C:\Users\18826\Documents\work_doc_ob\Telpo; installed=23; enabledTotal=25
[2026-05-05 20:07:30] [2026-05-05 20:07:30] Finished. Plugins=23; processed vaults=1; skipped entries=0.
[2026-05-05 20:07:30] Installer finished.
[2026-05-05 20:12:30] Running installer: C:\Users\18826\Documents\work_doc_ob\Telpo\scripts\obsidian-claudian-auto\Install-ClaudianToObsidianVaults.ps1
[2026-05-05 20:12:30] [2026-05-05 20:12:30] Plugins already installed/enabled for vault: C:\Users\18826\Documents\work_doc_ob\Telpo; installed=23; enabledTotal=25
[2026-05-05 20:12:30] [2026-05-05 20:12:30] Finished. Plugins=23; processed vaults=1; skipped entries=0.
[2026-05-05 20:12:30] Installer finished.
[2026-05-05 20:17:30] Running installer: C:\Users\18826\Documents\work_doc_ob\Telpo\scripts\obsidian-claudian-auto\Install-ClaudianToObsidianVaults.ps1
[2026-05-05 20:17:31] [2026-05-05 20:17:31] Plugins already installed/enabled for vault: C:\Users\18826\Documents\work_doc_ob\Telpo; installed=23; enabledTotal=25
[2026-05-05 20:17:31] [2026-05-05 20:17:31] Finished. Plugins=23; processed vaults=1; skipped entries=0.
[2026-05-05 20:17:31] Installer finished.
[2026-05-05 20:22:31] Running installer: C:\Users\18826\Documents\work_doc_ob\Telpo\scripts\obsidian-claudian-auto\Install-ClaudianToObsidianVaults.ps1
[2026-05-05 20:22:31] [2026-05-05 20:22:31] Plugins already installed/enabled for vault: C:\Users\18826\Documents\work_doc_ob\Telpo; installed=23; enabledTotal=25
[2026-05-05 20:22:31] [2026-05-05 20:22:31] Finished. Plugins=23; processed vaults=1; skipped entries=0.
[2026-05-05 20:22:31] Installer finished.
[2026-05-05 20:27:31] Running installer: C:\Users\18826\Documents\work_doc_ob\Telpo\scripts\obsidian-claudian-auto\Install-ClaudianToObsidianVaults.ps1
[2026-05-05 20:27:31] [2026-05-05 20:27:31] Plugins already installed/enabled for vault: C:\Users\18826\Documents\work_doc_ob\Telpo; installed=23; enabledTotal=25
[2026-05-05 20:27:31] [2026-05-05 20:27:31] Finished. Plugins=23; processed vaults=1; skipped entries=0.
[2026-05-05 20:27:31] Installer finished.
[2026-05-05 20:32:31] Running installer: C:\Users\18826\Documents\work_doc_ob\Telpo\scripts\obsidian-claudian-auto\Install-ClaudianToObsidianVaults.ps1
[2026-05-05 20:32:32] [2026-05-05 20:32:32] Plugins already installed/enabled for vault: C:\Users\18826\Documents\work_doc_ob\Telpo; installed=23; enabledTotal=25
[2026-05-05 20:32:32] [2026-05-05 20:32:32] Finished. Plugins=23; processed vaults=1; skipped entries=0.
[2026-05-05 20:32:32] Installer finished.
[2026-05-05 20:37:32] Running installer: C:\Users\18826\Documents\work_doc_ob\Telpo\scripts\obsidian-claudian-auto\Install-ClaudianToObsidianVaults.ps1
[2026-05-05 20:37:32] [2026-05-05 20:37:32] Plugins already installed/enabled for vault: C:\Users\18826\Documents\work_doc_ob\Telpo; installed=23; enabledTotal=25
[2026-05-05 20:37:32] [2026-05-05 20:37:32] Finished. Plugins=23; processed vaults=1; skipped entries=0.
[2026-05-05 20:37:32] Installer finished.
[2026-05-05 20:42:32] Running installer: C:\Users\18826\Documents\work_doc_ob\Telpo\scripts\obsidian-claudian-auto\Install-ClaudianToObsidianVaults.ps1
[2026-05-05 20:42:32] [2026-05-05 20:42:32] Plugins already installed/enabled for vault: C:\Users\18826\Documents\work_doc_ob\Telpo; installed=23; enabledTotal=25
[2026-05-05 20:42:32] [2026-05-05 20:42:32] Finished. Plugins=23; processed vaults=1; skipped entries=0.
[2026-05-05 20:42:32] Installer finished.
[2026-05-05 20:47:32] Running installer: C:\Users\18826\Documents\work_doc_ob\Telpo\scripts\obsidian-claudian-auto\Install-ClaudianToObsidianVaults.ps1
[2026-05-05 20:47:33] [2026-05-05 20:47:33] Plugins already installed/enabled for vault: C:\Users\18826\Documents\work_doc_ob\Telpo; installed=23; enabledTotal=25
[2026-05-05 20:47:33] [2026-05-05 20:47:33] Finished. Plugins=23; processed vaults=1; skipped entries=0.
[2026-05-05 20:47:33] Installer finished.
[2026-05-05 20:52:33] Running installer: C:\Users\18826\Documents\work_doc_ob\Telpo\scripts\obsidian-claudian-auto\Install-ClaudianToObsidianVaults.ps1
[2026-05-05 20:52:33] [2026-05-05 20:52:33] Plugins already installed/enabled for vault: C:\Users\18826\Documents\work_doc_ob\Telpo; installed=23; enabledTotal=25
[2026-05-05 20:52:33] [2026-05-05 20:52:33] Finished. Plugins=23; processed vaults=1; skipped entries=0.
[2026-05-05 20:52:33] Installer finished.
[2026-05-05 20:57:33] Running installer: C:\Users\18826\Documents\work_doc_ob\Telpo\scripts\obsidian-claudian-auto\Install-ClaudianToObsidianVaults.ps1
[2026-05-05 20:57:33] [2026-05-05 20:57:33] Plugins already installed/enabled for vault: C:\Users\18826\Documents\work_doc_ob\Telpo; installed=23; enabledTotal=25
[2026-05-05 20:57:33] [2026-05-05 20:57:33] Finished. Plugins=23; processed vaults=1; skipped entries=0.
[2026-05-05 20:57:33] Installer finished.
[2026-05-05 21:02:33] Running installer: C:\Users\18826\Documents\work_doc_ob\Telpo\scripts\obsidian-claudian-auto\Install-ClaudianToObsidianVaults.ps1
[2026-05-05 21:02:34] [2026-05-05 21:02:34] Plugins already installed/enabled for vault: C:\Users\18826\Documents\work_doc_ob\Telpo; installed=23; enabledTotal=25
[2026-05-05 21:02:34] [2026-05-05 21:02:34] Finished. Plugins=23; processed vaults=1; skipped entries=0.
[2026-05-05 21:02:34] Installer finished.
[2026-05-05 21:07:34] Running installer: C:\Users\18826\Documents\work_doc_ob\Telpo\scripts\obsidian-claudian-auto\Install-ClaudianToObsidianVaults.ps1
[2026-05-05 21:07:34] [2026-05-05 21:07:34] Plugins already installed/enabled for vault: C:\Users\18826\Documents\work_doc_ob\Telpo; installed=23; enabledTotal=25
[2026-05-05 21:07:34] [2026-05-05 21:07:34] Finished. Plugins=23; processed vaults=1; skipped entries=0.
[2026-05-05 21:07:34] Installer finished.
[2026-05-05 21:12:34] Running installer: C:\Users\18826\Documents\work_doc_ob\Telpo\scripts\obsidian-claudian-auto\Install-ClaudianToObsidianVaults.ps1
[2026-05-05 21:12:34] [2026-05-05 21:12:34] Plugins already installed/enabled for vault: C:\Users\18826\Documents\work_doc_ob\Telpo; installed=23; enabledTotal=25
[2026-05-05 21:12:34] [2026-05-05 21:12:34] Finished. Plugins=23; processed vaults=1; skipped entries=0.
[2026-05-05 21:12:34] Installer finished.
[2026-05-05 21:17:34] Running installer: C:\Users\18826\Documents\work_doc_ob\Telpo\scripts\obsidian-claudian-auto\Install-ClaudianToObsidianVaults.ps1
[2026-05-05 21:17:35] [2026-05-05 21:17:35] Plugins already installed/enabled for vault: C:\Users\18826\Documents\work_doc_ob\Telpo; installed=23; enabledTotal=25
[2026-05-05 21:17:35] [2026-05-05 21:17:35] Finished. Plugins=23; processed vaults=1; skipped entries=0.
[2026-05-05 21:17:35] Installer finished.
[2026-05-05 21:22:35] Running installer: C:\Users\18826\Documents\work_doc_ob\Telpo\scripts\obsidian-claudian-auto\Install-ClaudianToObsidianVaults.ps1
[2026-05-05 21:22:35] [2026-05-05 21:22:35] Plugins already installed/enabled for vault: C:\Users\18826\Documents\work_doc_ob\Telpo; installed=23; enabledTotal=25
[2026-05-05 21:22:35] [2026-05-05 21:22:35] Finished. Plugins=23; processed vaults=1; skipped entries=0.
[2026-05-05 21:22:35] Installer finished.
[2026-05-05 21:27:35] Running installer: C:\Users\18826\Documents\work_doc_ob\Telpo\scripts\obsidian-claudian-auto\Install-ClaudianToObsidianVaults.ps1
[2026-05-05 21:27:35] [2026-05-05 21:27:35] Plugins already installed/enabled for vault: C:\Users\18826\Documents\work_doc_ob\Telpo; installed=23; enabledTotal=25
[2026-05-05 21:27:35] [2026-05-05 21:27:35] Finished. Plugins=23; processed vaults=1; skipped entries=0.
[2026-05-05 21:27:35] Installer finished.
[2026-05-05 21:32:35] Running installer: C:\Users\18826\Documents\work_doc_ob\Telpo\scripts\obsidian-claudian-auto\Install-ClaudianToObsidianVaults.ps1
[2026-05-05 21:32:36] [2026-05-05 21:32:36] Plugins already installed/enabled for vault: C:\Users\18826\Documents\work_doc_ob\Telpo; installed=23; enabledTotal=25
[2026-05-05 21:32:36] [2026-05-05 21:32:36] Finished. Plugins=23; processed vaults=1; skipped entries=0.
[2026-05-05 21:32:36] Installer finished.
[2026-05-05 21:37:36] Running installer: C:\Users\18826\Documents\work_doc_ob\Telpo\scripts\obsidian-claudian-auto\Install-ClaudianToObsidianVaults.ps1
[2026-05-05 21:37:36] [2026-05-05 21:37:36] Plugins already installed/enabled for vault: C:\Users\18826\Documents\work_doc_ob\Telpo; installed=23; enabledTotal=25
[2026-05-05 21:37:36] [2026-05-05 21:37:36] Finished. Plugins=23; processed vaults=1; skipped entries=0.
[2026-05-05 21:37:36] Installer finished.
[2026-05-05 21:42:36] Running installer: C:\Users\18826\Documents\work_doc_ob\Telpo\scripts\obsidian-claudian-auto\Install-ClaudianToObsidianVaults.ps1
[2026-05-05 21:42:36] [2026-05-05 21:42:36] Plugins already installed/enabled for vault: C:\Users\18826\Documents\work_doc_ob\Telpo; installed=23; enabledTotal=25
[2026-05-05 21:42:36] [2026-05-05 21:42:36] Finished. Plugins=23; processed vaults=1; skipped entries=0.
[2026-05-05 21:42:36] Installer finished.
[2026-05-05 21:47:36] Running installer: C:\Users\18826\Documents\work_doc_ob\Telpo\scripts\obsidian-claudian-auto\Install-ClaudianToObsidianVaults.ps1
[2026-05-05 21:47:36] [2026-05-05 21:47:36] Plugins already installed/enabled for vault: C:\Users\18826\Documents\work_doc_ob\Telpo; installed=23; enabledTotal=25
[2026-05-05 21:47:36] [2026-05-05 21:47:36] Finished. Plugins=23; processed vaults=1; skipped entries=0.
[2026-05-05 21:47:36] Installer finished.
[2026-05-05 21:52:37] Running installer: C:\Users\18826\Documents\work_doc_ob\Telpo\scripts\obsidian-claudian-auto\Install-ClaudianToObsidianVaults.ps1
[2026-05-05 21:52:37] [2026-05-05 21:52:37] Plugins already installed/enabled for vault: C:\Users\18826\Documents\work_doc_ob\Telpo; installed=23; enabledTotal=25
[2026-05-05 21:52:37] [2026-05-05 21:52:37] Finished. Plugins=23; processed vaults=1; skipped entries=0.
[2026-05-05 21:52:37] Installer finished.
[2026-05-05 21:57:37] Running installer: C:\Users\18826\Documents\work_doc_ob\Telpo\scripts\obsidian-claudian-auto\Install-ClaudianToObsidianVaults.ps1
[2026-05-05 21:57:37] [2026-05-05 21:57:37] Plugins already installed/enabled for vault: C:\Users\18826\Documents\work_doc_ob\Telpo; installed=23; enabledTotal=25
[2026-05-05 21:57:37] [2026-05-05 21:57:37] Finished. Plugins=23; processed vaults=1; skipped entries=0.
[2026-05-05 21:57:37] Installer finished.
[2026-05-05 22:02:37] Running installer: C:\Users\18826\Documents\work_doc_ob\Telpo\scripts\obsidian-claudian-auto\Install-ClaudianToObsidianVaults.ps1
[2026-05-05 22:02:37] [2026-05-05 22:02:37] Plugins already installed/enabled for vault: C:\Users\18826\Documents\work_doc_ob\Telpo; installed=23; enabledTotal=25
[2026-05-05 22:02:37] [2026-05-05 22:02:37] Finished. Plugins=23; processed vaults=1; skipped entries=0.
[2026-05-05 22:02:37] Installer finished.
[2026-05-05 22:07:38] Running installer: C:\Users\18826\Documents\work_doc_ob\Telpo\scripts\obsidian-claudian-auto\Install-ClaudianToObsidianVaults.ps1
[2026-05-05 22:07:38] [2026-05-05 22:07:38] Plugins already installed/enabled for vault: C:\Users\18826\Documents\work_doc_ob\Telpo; installed=23; enabledTotal=25
[2026-05-05 22:07:38] [2026-05-05 22:07:38] Finished. Plugins=23; processed vaults=1; skipped entries=0.
[2026-05-05 22:07:38] Installer finished.
[2026-05-05 22:12:38] Running installer: C:\Users\18826\Documents\work_doc_ob\Telpo\scripts\obsidian-claudian-auto\Install-ClaudianToObsidianVaults.ps1
[2026-05-05 22:12:38] [2026-05-05 22:12:38] Plugins already installed/enabled for vault: C:\Users\18826\Documents\work_doc_ob\Telpo; installed=23; enabledTotal=25
[2026-05-05 22:12:38] [2026-05-05 22:12:38] Finished. Plugins=23; processed vaults=1; skipped entries=0.
[2026-05-05 22:12:38] Installer finished.
[2026-05-05 22:17:38] Running installer: C:\Users\18826\Documents\work_doc_ob\Telpo\scripts\obsidian-claudian-auto\Install-ClaudianToObsidianVaults.ps1
[2026-05-05 22:17:38] [2026-05-05 22:17:38] Plugins already installed/enabled for vault: C:\Users\18826\Documents\work_doc_ob\Telpo; installed=23; enabledTotal=25
[2026-05-05 22:17:38] [2026-05-05 22:17:38] Finished. Plugins=23; processed vaults=1; skipped entries=0.
[2026-05-05 22:17:38] Installer finished.
[2026-05-05 22:22:39] Running installer: C:\Users\18826\Documents\work_doc_ob\Telpo\scripts\obsidian-claudian-auto\Install-ClaudianToObsidianVaults.ps1
[2026-05-05 22:22:39] [2026-05-05 22:22:39] Plugins already installed/enabled for vault: C:\Users\18826\Documents\work_doc_ob\Telpo; installed=23; enabledTotal=25
[2026-05-05 22:22:39] [2026-05-05 22:22:39] Finished. Plugins=23; processed vaults=1; skipped entries=0.
[2026-05-05 22:22:39] Installer finished.
[2026-05-05 22:27:39] Running installer: C:\Users\18826\Documents\work_doc_ob\Telpo\scripts\obsidian-claudian-auto\Install-ClaudianToObsidianVaults.ps1
[2026-05-05 22:27:39] [2026-05-05 22:27:39] Plugins already installed/enabled for vault: C:\Users\18826\Documents\work_doc_ob\Telpo; installed=23; enabledTotal=25
[2026-05-05 22:27:39] [2026-05-05 22:27:39] Finished. Plugins=23; processed vaults=1; skipped entries=0.
[2026-05-05 22:27:39] Installer finished.
[2026-05-05 22:32:39] Running installer: C:\Users\18826\Documents\work_doc_ob\Telpo\scripts\obsidian-claudian-auto\Install-ClaudianToObsidianVaults.ps1
[2026-05-05 22:32:39] [2026-05-05 22:32:39] Plugins already installed/enabled for vault: C:\Users\18826\Documents\work_doc_ob\Telpo; installed=23; enabledTotal=25
[2026-05-05 22:32:39] [2026-05-05 22:32:39] Finished. Plugins=23; processed vaults=1; skipped entries=0.
[2026-05-05 22:32:39] Installer finished.
[2026-05-05 22:37:40] Running installer: C:\Users\18826\Documents\work_doc_ob\Telpo\scripts\obsidian-claudian-auto\Install-ClaudianToObsidianVaults.ps1
[2026-05-05 22:37:40] [2026-05-05 22:37:40] Plugins already installed/enabled for vault: C:\Users\18826\Documents\work_doc_ob\Telpo; installed=23; enabledTotal=25
[2026-05-05 22:37:40] [2026-05-05 22:37:40] Finished. Plugins=23; processed vaults=1; skipped entries=0.
[2026-05-05 22:37:40] Installer finished.
[2026-05-05 22:42:40] Running installer: C:\Users\18826\Documents\work_doc_ob\Telpo\scripts\obsidian-claudian-auto\Install-ClaudianToObsidianVaults.ps1
[2026-05-05 22:42:40] [2026-05-05 22:42:40] Plugins already installed/enabled for vault: C:\Users\18826\Documents\work_doc_ob\Telpo; installed=23; enabledTotal=25
[2026-05-05 22:42:40] [2026-05-05 22:42:40] Finished. Plugins=23; processed vaults=1; skipped entries=0.
[2026-05-05 22:42:40] Installer finished.
[2026-05-05 22:47:40] Running installer: C:\Users\18826\Documents\work_doc_ob\Telpo\scripts\obsidian-claudian-auto\Install-ClaudianToObsidianVaults.ps1
[2026-05-05 22:47:40] [2026-05-05 22:47:40] Plugins already installed/enabled for vault: C:\Users\18826\Documents\work_doc_ob\Telpo; installed=23; enabledTotal=25
[2026-05-05 22:47:40] [2026-05-05 22:47:40] Finished. Plugins=23; processed vaults=1; skipped entries=0.
[2026-05-05 22:47:40] Installer finished.
[2026-05-05 22:52:40] Running installer: C:\Users\18826\Documents\work_doc_ob\Telpo\scripts\obsidian-claudian-auto\Install-ClaudianToObsidianVaults.ps1
[2026-05-05 22:52:41] [2026-05-05 22:52:41] Plugins already installed/enabled for vault: C:\Users\18826\Documents\work_doc_ob\Telpo; installed=23; enabledTotal=25
[2026-05-05 22:52:41] [2026-05-05 22:52:41] Finished. Plugins=23; processed vaults=1; skipped entries=0.
[2026-05-05 22:52:41] Installer finished.
