[2026-05-01 22:23:19] Watcher started. PollSeconds=30; IntervalSeconds=300
[2026-05-01 22:23:19] Running installer: C:\Users\18826\Documents\work_doc_ob\Telpo\scripts\obsidian-claudian-auto\Install-ClaudianToObsidianVaults.ps1
[2026-05-01 22:23:19] [2026-05-01 22:23:19] Already installed/enabled claudian for vault: C:\Users\18826\Documents\work_doc_ob\Telpo
[2026-05-01 22:23:19] [2026-05-01 22:23:19] Finished. Processed vaults: 1; skipped entries: 0.
[2026-05-01 22:23:19] Installer finished.
[2026-05-01 22:27:19] Obsidian vault registry changed: C:\Users\18826\AppData\Roaming\obsidian\obsidian.json
[2026-05-01 22:27:19] Running installer: C:\Users\18826\Documents\work_doc_ob\Telpo\scripts\obsidian-claudian-auto\Install-ClaudianToObsidianVaults.ps1
[2026-05-01 22:27:19] [2026-05-01 22:27:19] Already installed/enabled claudian for vault: C:\Users\18826\Documents\work_doc_ob\Telpo
[2026-05-01 22:27:19] [2026-05-01 22:27:19] Finished. Processed vaults: 1; skipped entries: 0.
[2026-05-01 22:27:19] Installer finished.
[2026-05-01 22:32:19] Running installer: C:\Users\18826\Documents\work_doc_ob\Telpo\scripts\obsidian-claudian-auto\Install-ClaudianToObsidianVaults.ps1
[2026-05-01 22:32:19] [2026-05-01 22:32:19] Already installed/enabled claudian for vault: C:\Users\18826\Documents\work_doc_ob\Telpo
[2026-05-01 22:32:19] [2026-05-01 22:32:19] Finished. Processed vaults: 1; skipped entries: 0.
[2026-05-01 22:32:19] Installer finished.
[2026-05-01 22:37:19] Running installer: C:\Users\18826\Documents\work_doc_ob\Telpo\scripts\obsidian-claudian-auto\Install-ClaudianToObsidianVaults.ps1
[2026-05-01 22:37:19] [2026-05-01 22:37:19] Already installed/enabled claudian for vault: C:\Users\18826\Documents\work_doc_ob\Telpo
[2026-05-01 22:37:19] [2026-05-01 22:37:19] Finished. Processed vaults: 1; skipped entries: 0.
[2026-05-01 22:37:19] Installer finished.
[2026-05-01 22:42:19] Running installer: C:\Users\18826\Documents\work_doc_ob\Telpo\scripts\obsidian-claudian-auto\Install-ClaudianToObsidianVaults.ps1
[2026-05-01 22:42:19] [2026-05-01 22:42:19] Already installed/enabled claudian for vault: C:\Users\18826\Documents\work_doc_ob\Telpo
[2026-05-01 22:42:19] [2026-05-01 22:42:19] Finished. Processed vaults: 1; skipped entries: 0.
[2026-05-01 22:42:19] Installer finished.
[2026-05-01 22:47:20] Running installer: C:\Users\18826\Documents\work_doc_ob\Telpo\scripts\obsidian-claudian-auto\Install-ClaudianToObsidianVaults.ps1
[2026-05-01 22:47:20] [2026-05-01 22:47:20] Already installed/enabled claudian for vault: C:\Users\18826\Documents\work_doc_ob\Telpo
[2026-05-01 22:47:20] [2026-05-01 22:47:20] Finished. Processed vaults: 1; skipped entries: 0.
[2026-05-01 22:47:20] Installer finished.
[2026-05-01 22:48:50] Obsidian vault registry changed: C:\Users\18826\AppData\Roaming\obsidian\obsidian.json
[2026-05-01 22:48:50] Running installer: C:\Users\18826\Documents\work_doc_ob\Telpo\scripts\obsidian-claudian-auto\Install-ClaudianToObsidianVaults.ps1
[2026-05-01 22:48:50] [2026-05-01 22:48:50] Already installed/enabled claudian for vault: C:\Users\18826\Documents\work_doc_ob\Telpo
[2026-05-01 22:48:50] [2026-05-01 22:48:50] Finished. Processed vaults: 1; skipped entries: 0.
[2026-05-01 22:48:50] Installer finished.
[2026-05-01 22:53:50] Running installer: C:\Users\18826\Documents\work_doc_ob\Telpo\scripts\obsidian-claudian-auto\Install-ClaudianToObsidianVaults.ps1
[2026-05-01 22:53:50] [2026-05-01 22:53:50] Already installed/enabled claudian for vault: C:\Users\18826\Documents\work_doc_ob\Telpo
[2026-05-01 22:53:50] [2026-05-01 22:53:50] Finished. Processed vaults: 1; skipped entries: 0.
[2026-05-01 22:53:50] Installer finished.
[2026-05-01 22:58:50] Running installer: C:\Users\18826\Documents\work_doc_ob\Telpo\scripts\obsidian-claudian-auto\Install-ClaudianToObsidianVaults.ps1
[2026-05-01 22:58:50] [2026-05-01 22:58:50] Already installed/enabled claudian for vault: C:\Users\18826\Documents\work_doc_ob\Telpo
[2026-05-01 22:58:50] [2026-05-01 22:58:50] Finished. Processed vaults: 1; skipped entries: 0.
[2026-05-01 22:58:50] Installer finished.
[2026-05-01 23:03:50] Running installer: C:\Users\18826\Documents\work_doc_ob\Telpo\scripts\obsidian-claudian-auto\Install-ClaudianToObsidianVaults.ps1
[2026-05-01 23:03:50] [2026-05-01 23:03:50] Already installed/enabled claudian for vault: C:\Users\18826\Documents\work_doc_ob\Telpo
[2026-05-01 23:03:50] [2026-05-01 23:03:50] Finished. Processed vaults: 1; skipped entries: 0.
[2026-05-01 23:03:50] Installer finished.
[2026-05-01 23:08:50] Running installer: C:\Users\18826\Documents\work_doc_ob\Telpo\scripts\obsidian-claudian-auto\Install-ClaudianToObsidianVaults.ps1
[2026-05-01 23:08:50] [2026-05-01 23:08:50] Already installed/enabled claudian for vault: C:\Users\18826\Documents\work_doc_ob\Telpo
[2026-05-01 23:08:50] [2026-05-01 23:08:50] Finished. Processed vaults: 1; skipped entries: 0.
[2026-05-01 23:08:50] Installer finished.
[2026-05-01 23:13:50] Running installer: C:\Users\18826\Documents\work_doc_ob\Telpo\scripts\obsidian-claudian-auto\Install-ClaudianToObsidianVaults.ps1
[2026-05-01 23:13:50] [2026-05-01 23:13:50] Already installed/enabled claudian for vault: C:\Users\18826\Documents\work_doc_ob\Telpo
[2026-05-01 23:13:50] [2026-05-01 23:13:50] Finished. Processed vaults: 1; skipped entries: 0.
[2026-05-01 23:13:50] Installer finished.
[2026-05-01 23:18:50] Running installer: C:\Users\18826\Documents\work_doc_ob\Telpo\scripts\obsidian-claudian-auto\Install-ClaudianToObsidianVaults.ps1
[2026-05-01 23:18:50] [2026-05-01 23:18:50] Already installed/enabled claudian for vault: C:\Users\18826\Documents\work_doc_ob\Telpo
[2026-05-01 23:18:50] [2026-05-01 23:18:50] Finished. Processed vaults: 1; skipped entries: 0.
[2026-05-01 23:18:50] Installer finished.
[2026-05-01 23:23:51] Running installer: C:\Users\18826\Documents\work_doc_ob\Telpo\scripts\obsidian-claudian-auto\Install-ClaudianToObsidianVaults.ps1
[2026-05-01 23:23:51] [2026-05-01 23:23:51] Already installed/enabled claudian for vault: C:\Users\18826\Documents\work_doc_ob\Telpo
[2026-05-01 23:23:51] [2026-05-01 23:23:51] Finished. Processed vaults: 1; skipped entries: 0.
[2026-05-01 23:23:51] Installer finished.
[2026-05-01 23:28:51] Running installer: C:\Users\18826\Documents\work_doc_ob\Telpo\scripts\obsidian-claudian-auto\Install-ClaudianToObsidianVaults.ps1
[2026-05-01 23:28:51] [2026-05-01 23:28:51] Already installed/enabled claudian for vault: C:\Users\18826\Documents\work_doc_ob\Telpo
[2026-05-01 23:28:51] [2026-05-01 23:28:51] Finished. Processed vaults: 1; skipped entries: 0.
[2026-05-01 23:28:51] Installer finished.
[2026-05-01 23:33:51] Running installer: C:\Users\18826\Documents\work_doc_ob\Telpo\scripts\obsidian-claudian-auto\Install-ClaudianToObsidianVaults.ps1
[2026-05-01 23:33:51] [2026-05-01 23:33:51] Already installed/enabled claudian for vault: C:\Users\18826\Documents\work_doc_ob\Telpo
[2026-05-01 23:33:51] [2026-05-01 23:33:51] Finished. Processed vaults: 1; skipped entries: 0.
[2026-05-01 23:33:51] Installer finished.
[2026-05-01 23:38:51] Running installer: C:\Users\18826\Documents\work_doc_ob\Telpo\scripts\obsidian-claudian-auto\Install-ClaudianToObsidianVaults.ps1
[2026-05-01 23:38:51] [2026-05-01 23:38:51] Already installed/enabled claudian for vault: C:\Users\18826\Documents\work_doc_ob\Telpo
[2026-05-01 23:38:51] [2026-05-01 23:38:51] Finished. Processed vaults: 1; skipped entries: 0.
[2026-05-01 23:38:51] Installer finished.
[2026-05-01 23:43:51] Running installer: C:\Users\18826\Documents\work_doc_ob\Telpo\scripts\obsidian-claudian-auto\Install-ClaudianToObsidianVaults.ps1
[2026-05-01 23:43:51] [2026-05-01 23:43:51] Already installed/enabled claudian for vault: C:\Users\18826\Documents\work_doc_ob\Telpo
[2026-05-01 23:43:51] [2026-05-01 23:43:51] Finished. Processed vaults: 1; skipped entries: 0.
[2026-05-01 23:43:51] Installer finished.
[2026-05-01 23:48:51] Running installer: C:\Users\18826\Documents\work_doc_ob\Telpo\scripts\obsidian-claudian-auto\Install-ClaudianToObsidianVaults.ps1
[2026-05-01 23:48:51] [2026-05-01 23:48:51] Already installed/enabled claudian for vault: C:\Users\18826\Documents\work_doc_ob\Telpo
[2026-05-01 23:48:51] [2026-05-01 23:48:51] Finished. Processed vaults: 1; skipped entries: 0.
[2026-05-01 23:48:51] Installer finished.
[2026-05-01 23:53:51] Running installer: C:\Users\18826\Documents\work_doc_ob\Telpo\scripts\obsidian-claudian-auto\Install-ClaudianToObsidianVaults.ps1
[2026-05-01 23:53:51] [2026-05-01 23:53:51] Already installed/enabled claudian for vault: C:\Users\18826\Documents\work_doc_ob\Telpo
[2026-05-01 23:53:51] [2026-05-01 23:53:51] Finished. Processed vaults: 1; skipped entries: 0.
[2026-05-01 23:53:51] Installer finished.
[2026-05-01 23:58:51] Running installer: C:\Users\18826\Documents\work_doc_ob\Telpo\scripts\obsidian-claudian-auto\Install-ClaudianToObsidianVaults.ps1
[2026-05-01 23:58:51] [2026-05-01 23:58:51] Already installed/enabled claudian for vault: C:\Users\18826\Documents\work_doc_ob\Telpo
[2026-05-01 23:58:51] [2026-05-01 23:58:51] Finished. Processed vaults: 1; skipped entries: 0.
[2026-05-01 23:58:51] Installer finished.
[2026-05-02 00:03:52] Running installer: C:\Users\18826\Documents\work_doc_ob\Telpo\scripts\obsidian-claudian-auto\Install-ClaudianToObsidianVaults.ps1
[2026-05-02 00:03:52] [2026-05-02 00:03:52] Already installed/enabled claudian for vault: C:\Users\18826\Documents\work_doc_ob\Telpo
[2026-05-02 00:03:52] [2026-05-02 00:03:52] Finished. Processed vaults: 1; skipped entries: 0.
[2026-05-02 00:03:52] Installer finished.
[2026-05-02 00:08:52] Running installer: C:\Users\18826\Documents\work_doc_ob\Telpo\scripts\obsidian-claudian-auto\Install-ClaudianToObsidianVaults.ps1
[2026-05-02 00:08:52] [2026-05-02 00:08:52] Already installed/enabled claudian for vault: C:\Users\18826\Documents\work_doc_ob\Telpo
[2026-05-02 00:08:52] [2026-05-02 00:08:52] Finished. Processed vaults: 1; skipped entries: 0.
[2026-05-02 00:08:52] Installer finished.
[2026-05-02 00:13:52] Running installer: C:\Users\18826\Documents\work_doc_ob\Telpo\scripts\obsidian-claudian-auto\Install-ClaudianToObsidianVaults.ps1
[2026-05-02 00:13:52] [2026-05-02 00:13:52] Already installed/enabled claudian for vault: C:\Users\18826\Documents\work_doc_ob\Telpo
[2026-05-02 00:13:52] [2026-05-02 00:13:52] Finished. Processed vaults: 1; skipped entries: 0.
[2026-05-02 00:13:52] Installer finished.
[2026-05-02 00:18:52] Running installer: C:\Users\18826\Documents\work_doc_ob\Telpo\scripts\obsidian-claudian-auto\Install-ClaudianToObsidianVaults.ps1
[2026-05-02 00:18:52] [2026-05-02 00:18:52] Already installed/enabled claudian for vault: C:\Users\18826\Documents\work_doc_ob\Telpo
[2026-05-02 00:18:52] [2026-05-02 00:18:52] Finished. Processed vaults: 1; skipped entries: 0.
[2026-05-02 00:18:52] Installer finished.
[2026-05-02 00:23:52] Running installer: C:\Users\18826\Documents\work_doc_ob\Telpo\scripts\obsidian-claudian-auto\Install-ClaudianToObsidianVaults.ps1
[2026-05-02 00:23:52] [2026-05-02 00:23:52] Already installed/enabled claudian for vault: C:\Users\18826\Documents\work_doc_ob\Telpo
[2026-05-02 00:23:52] [2026-05-02 00:23:52] Finished. Processed vaults: 1; skipped entries: 0.
[2026-05-02 00:23:52] Installer finished.
[2026-05-02 00:28:52] Running installer: C:\Users\18826\Documents\work_doc_ob\Telpo\scripts\obsidian-claudian-auto\Install-ClaudianToObsidianVaults.ps1
[2026-05-02 00:28:52] [2026-05-02 00:28:52] Already installed/enabled claudian for vault: C:\Users\18826\Documents\work_doc_ob\Telpo
[2026-05-02 00:28:52] [2026-05-02 00:28:52] Finished. Processed vaults: 1; skipped entries: 0.
[2026-05-02 00:28:52] Installer finished.
[2026-05-02 00:33:52] Running installer: C:\Users\18826\Documents\work_doc_ob\Telpo\scripts\obsidian-claudian-auto\Install-ClaudianToObsidianVaults.ps1
[2026-05-02 00:33:52] [2026-05-02 00:33:52] Already installed/enabled claudian for vault: C:\Users\18826\Documents\work_doc_ob\Telpo
[2026-05-02 00:33:52] [2026-05-02 00:33:52] Finished. Processed vaults: 1; skipped entries: 0.
[2026-05-02 00:33:52] Installer finished.
[2026-05-02 00:38:52] Running installer: C:\Users\18826\Documents\work_doc_ob\Telpo\scripts\obsidian-claudian-auto\Install-ClaudianToObsidianVaults.ps1
[2026-05-02 00:38:52] [2026-05-02 00:38:52] Already installed/enabled claudian for vault: C:\Users\18826\Documents\work_doc_ob\Telpo
[2026-05-02 00:38:52] [2026-05-02 00:38:52] Finished. Processed vaults: 1; skipped entries: 0.
[2026-05-02 00:38:52] Installer finished.
[2026-05-02 00:43:53] Running installer: C:\Users\18826\Documents\work_doc_ob\Telpo\scripts\obsidian-claudian-auto\Install-ClaudianToObsidianVaults.ps1
[2026-05-02 00:43:53] [2026-05-02 00:43:53] Already installed/enabled claudian for vault: C:\Users\18826\Documents\work_doc_ob\Telpo
[2026-05-02 00:43:53] [2026-05-02 00:43:53] Finished. Processed vaults: 1; skipped entries: 0.
[2026-05-02 00:43:53] Installer finished.
[2026-05-02 00:48:53] Running installer: C:\Users\18826\Documents\work_doc_ob\Telpo\scripts\obsidian-claudian-auto\Install-ClaudianToObsidianVaults.ps1
[2026-05-02 00:48:53] [2026-05-02 00:48:53] Already installed/enabled claudian for vault: C:\Users\18826\Documents\work_doc_ob\Telpo
[2026-05-02 00:48:53] [2026-05-02 00:48:53] Finished. Processed vaults: 1; skipped entries: 0.
[2026-05-02 00:48:53] Installer finished.
[2026-05-02 00:53:53] Running installer: C:\Users\18826\Documents\work_doc_ob\Telpo\scripts\obsidian-claudian-auto\Install-ClaudianToObsidianVaults.ps1
[2026-05-02 00:53:53] [2026-05-02 00:53:53] Already installed/enabled claudian for vault: C:\Users\18826\Documents\work_doc_ob\Telpo
[2026-05-02 00:53:53] [2026-05-02 00:53:53] Finished. Processed vaults: 1; skipped entries: 0.
[2026-05-02 00:53:53] Installer finished.
[2026-05-02 00:58:53] Running installer: C:\Users\18826\Documents\work_doc_ob\Telpo\scripts\obsidian-claudian-auto\Install-ClaudianToObsidianVaults.ps1
[2026-05-02 00:58:53] [2026-05-02 00:58:53] Already installed/enabled claudian for vault: C:\Users\18826\Documents\work_doc_ob\Telpo
[2026-05-02 00:58:53] [2026-05-02 00:58:53] Finished. Processed vaults: 1; skipped entries: 0.
[2026-05-02 00:58:53] Installer finished.
[2026-05-02 01:03:53] Running installer: C:\Users\18826\Documents\work_doc_ob\Telpo\scripts\obsidian-claudian-auto\Install-ClaudianToObsidianVaults.ps1
[2026-05-02 01:03:53] [2026-05-02 01:03:53] Already installed/enabled claudian for vault: C:\Users\18826\Documents\work_doc_ob\Telpo
[2026-05-02 01:03:53] [2026-05-02 01:03:53] Finished. Processed vaults: 1; skipped entries: 0.
[2026-05-02 01:03:53] Installer finished.
[2026-05-02 01:08:53] Running installer: C:\Users\18826\Documents\work_doc_ob\Telpo\scripts\obsidian-claudian-auto\Install-ClaudianToObsidianVaults.ps1
[2026-05-02 01:08:53] [2026-05-02 01:08:53] Already installed/enabled claudian for vault: C:\Users\18826\Documents\work_doc_ob\Telpo
[2026-05-02 01:08:53] [2026-05-02 01:08:53] Finished. Processed vaults: 1; skipped entries: 0.
[2026-05-02 01:08:53] Installer finished.
[2026-05-02 01:13:53] Running installer: C:\Users\18826\Documents\work_doc_ob\Telpo\scripts\obsidian-claudian-auto\Install-ClaudianToObsidianVaults.ps1
[2026-05-02 01:13:53] [2026-05-02 01:13:53] Already installed/enabled claudian for vault: C:\Users\18826\Documents\work_doc_ob\Telpo
[2026-05-02 01:13:53] [2026-05-02 01:13:53] Finished. Processed vaults: 1; skipped entries: 0.
[2026-05-02 01:13:53] Installer finished.
[2026-05-02 01:18:54] Running installer: C:\Users\18826\Documents\work_doc_ob\Telpo\scripts\obsidian-claudian-auto\Install-ClaudianToObsidianVaults.ps1
[2026-05-02 01:18:54] [2026-05-02 01:18:54] Already installed/enabled claudian for vault: C:\Users\18826\Documents\work_doc_ob\Telpo
[2026-05-02 01:18:54] [2026-05-02 01:18:54] Finished. Processed vaults: 1; skipped entries: 0.
[2026-05-02 01:18:54] Installer finished.
[2026-05-02 01:23:54] Running installer: C:\Users\18826\Documents\work_doc_ob\Telpo\scripts\obsidian-claudian-auto\Install-ClaudianToObsidianVaults.ps1
[2026-05-02 01:23:54] [2026-05-02 01:23:54] Already installed/enabled claudian for vault: C:\Users\18826\Documents\work_doc_ob\Telpo
[2026-05-02 01:23:54] [2026-05-02 01:23:54] Finished. Processed vaults: 1; skipped entries: 0.
[2026-05-02 01:23:54] Installer finished.
[2026-05-02 01:28:54] Running installer: C:\Users\18826\Documents\work_doc_ob\Telpo\scripts\obsidian-claudian-auto\Install-ClaudianToObsidianVaults.ps1
[2026-05-02 01:28:54] [2026-05-02 01:28:54] Already installed/enabled claudian for vault: C:\Users\18826\Documents\work_doc_ob\Telpo
[2026-05-02 01:28:54] [2026-05-02 01:28:54] Finished. Processed vaults: 1; skipped entries: 0.
[2026-05-02 01:28:54] Installer finished.
[2026-05-02 01:33:54] Running installer: C:\Users\18826\Documents\work_doc_ob\Telpo\scripts\obsidian-claudian-auto\Install-ClaudianToObsidianVaults.ps1
[2026-05-02 01:33:54] [2026-05-02 01:33:54] Already installed/enabled claudian for vault: C:\Users\18826\Documents\work_doc_ob\Telpo
[2026-05-02 01:33:54] [2026-05-02 01:33:54] Finished. Processed vaults: 1; skipped entries: 0.
[2026-05-02 01:33:54] Installer finished.
[2026-05-02 01:38:54] Running installer: C:\Users\18826\Documents\work_doc_ob\Telpo\scripts\obsidian-claudian-auto\Install-ClaudianToObsidianVaults.ps1
[2026-05-02 01:38:54] [2026-05-02 01:38:54] Already installed/enabled claudian for vault: C:\Users\18826\Documents\work_doc_ob\Telpo
[2026-05-02 01:38:54] [2026-05-02 01:38:54] Finished. Processed vaults: 1; skipped entries: 0.
[2026-05-02 01:38:54] Installer finished.
[2026-05-02 01:43:54] Running installer: C:\Users\18826\Documents\work_doc_ob\Telpo\scripts\obsidian-claudian-auto\Install-ClaudianToObsidianVaults.ps1
[2026-05-02 01:43:54] [2026-05-02 01:43:54] Already installed/enabled claudian for vault: C:\Users\18826\Documents\work_doc_ob\Telpo
[2026-05-02 01:43:54] [2026-05-02 01:43:54] Finished. Processed vaults: 1; skipped entries: 0.
[2026-05-02 01:43:54] Installer finished.
[2026-05-02 01:48:54] Running installer: C:\Users\18826\Documents\work_doc_ob\Telpo\scripts\obsidian-claudian-auto\Install-ClaudianToObsidianVaults.ps1
[2026-05-02 01:48:54] [2026-05-02 01:48:54] Already installed/enabled claudian for vault: C:\Users\18826\Documents\work_doc_ob\Telpo
[2026-05-02 01:48:54] [2026-05-02 01:48:54] Finished. Processed vaults: 1; skipped entries: 0.
[2026-05-02 01:48:54] Installer finished.
[2026-05-02 01:53:54] Running installer: C:\Users\18826\Documents\work_doc_ob\Telpo\scripts\obsidian-claudian-auto\Install-ClaudianToObsidianVaults.ps1
[2026-05-02 01:53:54] [2026-05-02 01:53:54] Already installed/enabled claudian for vault: C:\Users\18826\Documents\work_doc_ob\Telpo
[2026-05-02 01:53:54] [2026-05-02 01:53:54] Finished. Processed vaults: 1; skipped entries: 0.
[2026-05-02 01:53:54] Installer finished.
[2026-05-02 01:58:55] Running installer: C:\Users\18826\Documents\work_doc_ob\Telpo\scripts\obsidian-claudian-auto\Install-ClaudianToObsidianVaults.ps1
[2026-05-02 01:58:55] [2026-05-02 01:58:55] Already installed/enabled claudian for vault: C:\Users\18826\Documents\work_doc_ob\Telpo
[2026-05-02 01:58:55] [2026-05-02 01:58:55] Finished. Processed vaults: 1; skipped entries: 0.
[2026-05-02 01:58:55] Installer finished.
[2026-05-02 02:03:55] Running installer: C:\Users\18826\Documents\work_doc_ob\Telpo\scripts\obsidian-claudian-auto\Install-ClaudianToObsidianVaults.ps1
[2026-05-02 02:03:55] [2026-05-02 02:03:55] Already installed/enabled claudian for vault: C:\Users\18826\Documents\work_doc_ob\Telpo
[2026-05-02 02:03:55] [2026-05-02 02:03:55] Finished. Processed vaults: 1; skipped entries: 0.
[2026-05-02 02:03:55] Installer finished.
[2026-05-02 02:08:55] Running installer: C:\Users\18826\Documents\work_doc_ob\Telpo\scripts\obsidian-claudian-auto\Install-ClaudianToObsidianVaults.ps1
[2026-05-02 02:08:55] [2026-05-02 02:08:55] Already installed/enabled claudian for vault: C:\Users\18826\Documents\work_doc_ob\Telpo
[2026-05-02 02:08:55] [2026-05-02 02:08:55] Finished. Processed vaults: 1; skipped entries: 0.
[2026-05-02 02:08:55] Installer finished.
[2026-05-02 02:13:55] Running installer: C:\Users\18826\Documents\work_doc_ob\Telpo\scripts\obsidian-claudian-auto\Install-ClaudianToObsidianVaults.ps1
[2026-05-02 02:13:55] [2026-05-02 02:13:55] Already installed/enabled claudian for vault: C:\Users\18826\Documents\work_doc_ob\Telpo
[2026-05-02 02:13:55] [2026-05-02 02:13:55] Finished. Processed vaults: 1; skipped entries: 0.
[2026-05-02 02:13:55] Installer finished.
[2026-05-02 02:18:55] Running installer: C:\Users\18826\Documents\work_doc_ob\Telpo\scripts\obsidian-claudian-auto\Install-ClaudianToObsidianVaults.ps1
[2026-05-02 02:18:55] [2026-05-02 02:18:55] Already installed/enabled claudian for vault: C:\Users\18826\Documents\work_doc_ob\Telpo
[2026-05-02 02:18:55] [2026-05-02 02:18:55] Finished. Processed vaults: 1; skipped entries: 0.
[2026-05-02 02:18:55] Installer finished.
[2026-05-02 02:23:55] Running installer: C:\Users\18826\Documents\work_doc_ob\Telpo\scripts\obsidian-claudian-auto\Install-ClaudianToObsidianVaults.ps1
[2026-05-02 02:23:55] [2026-05-02 02:23:55] Already installed/enabled claudian for vault: C:\Users\18826\Documents\work_doc_ob\Telpo
[2026-05-02 02:23:55] [2026-05-02 02:23:55] Finished. Processed vaults: 1; skipped entries: 0.
[2026-05-02 02:23:55] Installer finished.
[2026-05-02 02:28:55] Running installer: C:\Users\18826\Documents\work_doc_ob\Telpo\scripts\obsidian-claudian-auto\Install-ClaudianToObsidianVaults.ps1
[2026-05-02 02:28:55] [2026-05-02 02:28:55] Already installed/enabled claudian for vault: C:\Users\18826\Documents\work_doc_ob\Telpo
[2026-05-02 02:28:55] [2026-05-02 02:28:55] Finished. Processed vaults: 1; skipped entries: 0.
[2026-05-02 02:28:55] Installer finished.
[2026-05-02 02:33:55] Running installer: C:\Users\18826\Documents\work_doc_ob\Telpo\scripts\obsidian-claudian-auto\Install-ClaudianToObsidianVaults.ps1
[2026-05-02 02:33:56] [2026-05-02 02:33:56] Already installed/enabled claudian for vault: C:\Users\18826\Documents\work_doc_ob\Telpo
[2026-05-02 02:33:56] [2026-05-02 02:33:56] Finished. Processed vaults: 1; skipped entries: 0.
[2026-05-02 02:33:56] Installer finished.
[2026-05-02 02:38:56] Running installer: C:\Users\18826\Documents\work_doc_ob\Telpo\scripts\obsidian-claudian-auto\Install-ClaudianToObsidianVaults.ps1
[2026-05-02 02:38:56] [2026-05-02 02:38:56] Already installed/enabled claudian for vault: C:\Users\18826\Documents\work_doc_ob\Telpo
[2026-05-02 02:38:56] [2026-05-02 02:38:56] Finished. Processed vaults: 1; skipped entries: 0.
[2026-05-02 02:38:56] Installer finished.
[2026-05-02 02:43:56] Running installer: C:\Users\18826\Documents\work_doc_ob\Telpo\scripts\obsidian-claudian-auto\Install-ClaudianToObsidianVaults.ps1
[2026-05-02 02:43:56] [2026-05-02 02:43:56] Already installed/enabled claudian for vault: C:\Users\18826\Documents\work_doc_ob\Telpo
[2026-05-02 02:43:56] [2026-05-02 02:43:56] Finished. Processed vaults: 1; skipped entries: 0.
[2026-05-02 02:43:56] Installer finished.
[2026-05-02 02:48:56] Running installer: C:\Users\18826\Documents\work_doc_ob\Telpo\scripts\obsidian-claudian-auto\Install-ClaudianToObsidianVaults.ps1
[2026-05-02 02:48:56] [2026-05-02 02:48:56] Already installed/enabled claudian for vault: C:\Users\18826\Documents\work_doc_ob\Telpo
[2026-05-02 02:48:56] [2026-05-02 02:48:56] Finished. Processed vaults: 1; skipped entries: 0.
[2026-05-02 02:48:56] Installer finished.
[2026-05-02 02:53:56] Running installer: C:\Users\18826\Documents\work_doc_ob\Telpo\scripts\obsidian-claudian-auto\Install-ClaudianToObsidianVaults.ps1
[2026-05-02 02:53:56] [2026-05-02 02:53:56] Already installed/enabled claudian for vault: C:\Users\18826\Documents\work_doc_ob\Telpo
[2026-05-02 02:53:56] [2026-05-02 02:53:56] Finished. Processed vaults: 1; skipped entries: 0.
[2026-05-02 02:53:56] Installer finished.
[2026-05-02 02:58:56] Running installer: C:\Users\18826\Documents\work_doc_ob\Telpo\scripts\obsidian-claudian-auto\Install-ClaudianToObsidianVaults.ps1
[2026-05-02 02:58:56] [2026-05-02 02:58:56] Already installed/enabled claudian for vault: C:\Users\18826\Documents\work_doc_ob\Telpo
[2026-05-02 02:58:56] [2026-05-02 02:58:56] Finished. Processed vaults: 1; skipped entries: 0.
[2026-05-02 02:58:56] Installer finished.
[2026-05-02 03:03:56] Running installer: C:\Users\18826\Documents\work_doc_ob\Telpo\scripts\obsidian-claudian-auto\Install-ClaudianToObsidianVaults.ps1
[2026-05-02 03:03:56] [2026-05-02 03:03:56] Already installed/enabled claudian for vault: C:\Users\18826\Documents\work_doc_ob\Telpo
[2026-05-02 03:03:56] [2026-05-02 03:03:56] Finished. Processed vaults: 1; skipped entries: 0.
[2026-05-02 03:03:56] Installer finished.
[2026-05-02 03:08:56] Running installer: C:\Users\18826\Documents\work_doc_ob\Telpo\scripts\obsidian-claudian-auto\Install-ClaudianToObsidianVaults.ps1
[2026-05-02 03:08:56] [2026-05-02 03:08:56] Already installed/enabled claudian for vault: C:\Users\18826\Documents\work_doc_ob\Telpo
[2026-05-02 03:08:56] [2026-05-02 03:08:56] Finished. Processed vaults: 1; skipped entries: 0.
[2026-05-02 03:08:56] Installer finished.
[2026-05-02 03:13:56] Running installer: C:\Users\18826\Documents\work_doc_ob\Telpo\scripts\obsidian-claudian-auto\Install-ClaudianToObsidianVaults.ps1
[2026-05-02 03:13:57] [2026-05-02 03:13:56] Already installed/enabled claudian for vault: C:\Users\18826\Documents\work_doc_ob\Telpo
[2026-05-02 03:13:57] [2026-05-02 03:13:57] Finished. Processed vaults: 1; skipped entries: 0.
[2026-05-02 03:13:57] Installer finished.
[2026-05-02 03:18:57] Running installer: C:\Users\18826\Documents\work_doc_ob\Telpo\scripts\obsidian-claudian-auto\Install-ClaudianToObsidianVaults.ps1
[2026-05-02 03:18:57] [2026-05-02 03:18:57] Already installed/enabled claudian for vault: C:\Users\18826\Documents\work_doc_ob\Telpo
[2026-05-02 03:18:57] [2026-05-02 03:18:57] Finished. Processed vaults: 1; skipped entries: 0.
[2026-05-02 03:18:57] Installer finished.
[2026-05-02 03:23:57] Running installer: C:\Users\18826\Documents\work_doc_ob\Telpo\scripts\obsidian-claudian-auto\Install-ClaudianToObsidianVaults.ps1
[2026-05-02 03:23:57] [2026-05-02 03:23:57] Already installed/enabled claudian for vault: C:\Users\18826\Documents\work_doc_ob\Telpo
[2026-05-02 03:23:57] [2026-05-02 03:23:57] Finished. Processed vaults: 1; skipped entries: 0.
[2026-05-02 03:23:57] Installer finished.
[2026-05-02 03:28:57] Running installer: C:\Users\18826\Documents\work_doc_ob\Telpo\scripts\obsidian-claudian-auto\Install-ClaudianToObsidianVaults.ps1
[2026-05-02 03:28:57] [2026-05-02 03:28:57] Already installed/enabled claudian for vault: C:\Users\18826\Documents\work_doc_ob\Telpo
[2026-05-02 03:28:57] [2026-05-02 03:28:57] Finished. Processed vaults: 1; skipped entries: 0.
[2026-05-02 03:28:57] Installer finished.
[2026-05-02 03:33:57] Running installer: C:\Users\18826\Documents\work_doc_ob\Telpo\scripts\obsidian-claudian-auto\Install-ClaudianToObsidianVaults.ps1
[2026-05-02 03:33:57] [2026-05-02 03:33:57] Already installed/enabled claudian for vault: C:\Users\18826\Documents\work_doc_ob\Telpo
[2026-05-02 03:33:57] [2026-05-02 03:33:57] Finished. Processed vaults: 1; skipped entries: 0.
[2026-05-02 03:33:57] Installer finished.
[2026-05-02 03:38:57] Running installer: C:\Users\18826\Documents\work_doc_ob\Telpo\scripts\obsidian-claudian-auto\Install-ClaudianToObsidianVaults.ps1
[2026-05-02 03:38:57] [2026-05-02 03:38:57] Already installed/enabled claudian for vault: C:\Users\18826\Documents\work_doc_ob\Telpo
[2026-05-02 03:38:57] [2026-05-02 03:38:57] Finished. Processed vaults: 1; skipped entries: 0.
[2026-05-02 03:38:57] Installer finished.
[2026-05-02 03:43:57] Running installer: C:\Users\18826\Documents\work_doc_ob\Telpo\scripts\obsidian-claudian-auto\Install-ClaudianToObsidianVaults.ps1
[2026-05-02 03:43:57] [2026-05-02 03:43:57] Already installed/enabled claudian for vault: C:\Users\18826\Documents\work_doc_ob\Telpo
[2026-05-02 03:43:57] [2026-05-02 03:43:57] Finished. Processed vaults: 1; skipped entries: 0.
[2026-05-02 03:43:57] Installer finished.
[2026-05-02 03:48:57] Running installer: C:\Users\18826\Documents\work_doc_ob\Telpo\scripts\obsidian-claudian-auto\Install-ClaudianToObsidianVaults.ps1
[2026-05-02 03:48:57] [2026-05-02 03:48:57] Already installed/enabled claudian for vault: C:\Users\18826\Documents\work_doc_ob\Telpo
[2026-05-02 03:48:57] [2026-05-02 03:48:57] Finished. Processed vaults: 1; skipped entries: 0.
[2026-05-02 03:48:57] Installer finished.
[2026-05-02 03:53:58] Running installer: C:\Users\18826\Documents\work_doc_ob\Telpo\scripts\obsidian-claudian-auto\Install-ClaudianToObsidianVaults.ps1
[2026-05-02 03:53:58] [2026-05-02 03:53:58] Already installed/enabled claudian for vault: C:\Users\18826\Documents\work_doc_ob\Telpo
[2026-05-02 03:53:58] [2026-05-02 03:53:58] Finished. Processed vaults: 1; skipped entries: 0.
[2026-05-02 03:53:58] Installer finished.
[2026-05-02 03:58:58] Running installer: C:\Users\18826\Documents\work_doc_ob\Telpo\scripts\obsidian-claudian-auto\Install-ClaudianToObsidianVaults.ps1
[2026-05-02 03:58:58] [2026-05-02 03:58:58] Already installed/enabled claudian for vault: C:\Users\18826\Documents\work_doc_ob\Telpo
[2026-05-02 03:58:58] [2026-05-02 03:58:58] Finished. Processed vaults: 1; skipped entries: 0.
[2026-05-02 03:58:58] Installer finished.
[2026-05-02 04:03:58] Running installer: C:\Users\18826\Documents\work_doc_ob\Telpo\scripts\obsidian-claudian-auto\Install-ClaudianToObsidianVaults.ps1
[2026-05-02 04:03:58] [2026-05-02 04:03:58] Already installed/enabled claudian for vault: C:\Users\18826\Documents\work_doc_ob\Telpo
[2026-05-02 04:03:58] [2026-05-02 04:03:58] Finished. Processed vaults: 1; skipped entries: 0.
[2026-05-02 04:03:58] Installer finished.
[2026-05-02 04:08:58] Running installer: C:\Users\18826\Documents\work_doc_ob\Telpo\scripts\obsidian-claudian-auto\Install-ClaudianToObsidianVaults.ps1
[2026-05-02 04:08:58] [2026-05-02 04:08:58] Already installed/enabled claudian for vault: C:\Users\18826\Documents\work_doc_ob\Telpo
[2026-05-02 04:08:58] [2026-05-02 04:08:58] Finished. Processed vaults: 1; skipped entries: 0.
[2026-05-02 04:08:58] Installer finished.
[2026-05-02 04:13:58] Running installer: C:\Users\18826\Documents\work_doc_ob\Telpo\scripts\obsidian-claudian-auto\Install-ClaudianToObsidianVaults.ps1
[2026-05-02 04:13:58] [2026-05-02 04:13:58] Already installed/enabled claudian for vault: C:\Users\18826\Documents\work_doc_ob\Telpo
[2026-05-02 04:13:58] [2026-05-02 04:13:58] Finished. Processed vaults: 1; skipped entries: 0.
[2026-05-02 04:13:58] Installer finished.
[2026-05-02 04:18:58] Running installer: C:\Users\18826\Documents\work_doc_ob\Telpo\scripts\obsidian-claudian-auto\Install-ClaudianToObsidianVaults.ps1
[2026-05-02 04:18:58] [2026-05-02 04:18:58] Already installed/enabled claudian for vault: C:\Users\18826\Documents\work_doc_ob\Telpo
[2026-05-02 04:18:58] [2026-05-02 04:18:58] Finished. Processed vaults: 1; skipped entries: 0.
[2026-05-02 04:18:58] Installer finished.
[2026-05-02 04:23:58] Running installer: C:\Users\18826\Documents\work_doc_ob\Telpo\scripts\obsidian-claudian-auto\Install-ClaudianToObsidianVaults.ps1
[2026-05-02 04:23:58] [2026-05-02 04:23:58] Already installed/enabled claudian for vault: C:\Users\18826\Documents\work_doc_ob\Telpo
[2026-05-02 04:23:58] [2026-05-02 04:23:58] Finished. Processed vaults: 1; skipped entries: 0.
[2026-05-02 04:23:58] Installer finished.
[2026-05-02 04:28:58] Running installer: C:\Users\18826\Documents\work_doc_ob\Telpo\scripts\obsidian-claudian-auto\Install-ClaudianToObsidianVaults.ps1
[2026-05-02 04:28:58] [2026-05-02 04:28:58] Already installed/enabled claudian for vault: C:\Users\18826\Documents\work_doc_ob\Telpo
[2026-05-02 04:28:58] [2026-05-02 04:28:58] Finished. Processed vaults: 1; skipped entries: 0.
[2026-05-02 04:28:58] Installer finished.
[2026-05-02 04:33:59] Running installer: C:\Users\18826\Documents\work_doc_ob\Telpo\scripts\obsidian-claudian-auto\Install-ClaudianToObsidianVaults.ps1
[2026-05-02 04:33:59] [2026-05-02 04:33:59] Already installed/enabled claudian for vault: C:\Users\18826\Documents\work_doc_ob\Telpo
[2026-05-02 04:33:59] [2026-05-02 04:33:59] Finished. Processed vaults: 1; skipped entries: 0.
[2026-05-02 04:33:59] Installer finished.
[2026-05-02 04:38:59] Running installer: C:\Users\18826\Documents\work_doc_ob\Telpo\scripts\obsidian-claudian-auto\Install-ClaudianToObsidianVaults.ps1
[2026-05-02 04:38:59] [2026-05-02 04:38:59] Already installed/enabled claudian for vault: C:\Users\18826\Documents\work_doc_ob\Telpo
[2026-05-02 04:38:59] [2026-05-02 04:38:59] Finished. Processed vaults: 1; skipped entries: 0.
[2026-05-02 04:38:59] Installer finished.
[2026-05-02 04:43:59] Running installer: C:\Users\18826\Documents\work_doc_ob\Telpo\scripts\obsidian-claudian-auto\Install-ClaudianToObsidianVaults.ps1
[2026-05-02 04:43:59] [2026-05-02 04:43:59] Already installed/enabled claudian for vault: C:\Users\18826\Documents\work_doc_ob\Telpo
[2026-05-02 04:43:59] [2026-05-02 04:43:59] Finished. Processed vaults: 1; skipped entries: 0.
[2026-05-02 04:43:59] Installer finished.
[2026-05-02 04:48:59] Running installer: C:\Users\18826\Documents\work_doc_ob\Telpo\scripts\obsidian-claudian-auto\Install-ClaudianToObsidianVaults.ps1
[2026-05-02 04:48:59] [2026-05-02 04:48:59] Already installed/enabled claudian for vault: C:\Users\18826\Documents\work_doc_ob\Telpo
[2026-05-02 04:48:59] [2026-05-02 04:48:59] Finished. Processed vaults: 1; skipped entries: 0.
[2026-05-02 04:48:59] Installer finished.
[2026-05-02 04:53:59] Running installer: C:\Users\18826\Documents\work_doc_ob\Telpo\scripts\obsidian-claudian-auto\Install-ClaudianToObsidianVaults.ps1
[2026-05-02 04:53:59] [2026-05-02 04:53:59] Already installed/enabled claudian for vault: C:\Users\18826\Documents\work_doc_ob\Telpo
[2026-05-02 04:53:59] [2026-05-02 04:53:59] Finished. Processed vaults: 1; skipped entries: 0.
[2026-05-02 04:53:59] Installer finished.
[2026-05-02 04:58:59] Running installer: C:\Users\18826\Documents\work_doc_ob\Telpo\scripts\obsidian-claudian-auto\Install-ClaudianToObsidianVaults.ps1
[2026-05-02 04:58:59] [2026-05-02 04:58:59] Already installed/enabled claudian for vault: C:\Users\18826\Documents\work_doc_ob\Telpo
[2026-05-02 04:58:59] [2026-05-02 04:58:59] Finished. Processed vaults: 1; skipped entries: 0.
[2026-05-02 04:58:59] Installer finished.
[2026-05-02 05:03:59] Running installer: C:\Users\18826\Documents\work_doc_ob\Telpo\scripts\obsidian-claudian-auto\Install-ClaudianToObsidianVaults.ps1
[2026-05-02 05:03:59] [2026-05-02 05:03:59] Already installed/enabled claudian for vault: C:\Users\18826\Documents\work_doc_ob\Telpo
[2026-05-02 05:03:59] [2026-05-02 05:03:59] Finished. Processed vaults: 1; skipped entries: 0.
[2026-05-02 05:03:59] Installer finished.
[2026-05-02 05:09:00] Running installer: C:\Users\18826\Documents\work_doc_ob\Telpo\scripts\obsidian-claudian-auto\Install-ClaudianToObsidianVaults.ps1
[2026-05-02 05:09:00] [2026-05-02 05:09:00] Already installed/enabled claudian for vault: C:\Users\18826\Documents\work_doc_ob\Telpo
[2026-05-02 05:09:00] [2026-05-02 05:09:00] Finished. Processed vaults: 1; skipped entries: 0.
[2026-05-02 05:09:00] Installer finished.
[2026-05-02 05:14:00] Running installer: C:\Users\18826\Documents\work_doc_ob\Telpo\scripts\obsidian-claudian-auto\Install-ClaudianToObsidianVaults.ps1
[2026-05-02 05:14:00] [2026-05-02 05:14:00] Already installed/enabled claudian for vault: C:\Users\18826\Documents\work_doc_ob\Telpo
[2026-05-02 05:14:00] [2026-05-02 05:14:00] Finished. Processed vaults: 1; skipped entries: 0.
[2026-05-02 05:14:00] Installer finished.
[2026-05-02 05:19:00] Running installer: C:\Users\18826\Documents\work_doc_ob\Telpo\scripts\obsidian-claudian-auto\Install-ClaudianToObsidianVaults.ps1
[2026-05-02 05:19:00] [2026-05-02 05:19:00] Already installed/enabled claudian for vault: C:\Users\18826\Documents\work_doc_ob\Telpo
[2026-05-02 05:19:00] [2026-05-02 05:19:00] Finished. Processed vaults: 1; skipped entries: 0.
[2026-05-02 05:19:00] Installer finished.
[2026-05-02 05:24:00] Running installer: C:\Users\18826\Documents\work_doc_ob\Telpo\scripts\obsidian-claudian-auto\Install-ClaudianToObsidianVaults.ps1
[2026-05-02 05:24:00] [2026-05-02 05:24:00] Already installed/enabled claudian for vault: C:\Users\18826\Documents\work_doc_ob\Telpo
[2026-05-02 05:24:00] [2026-05-02 05:24:00] Finished. Processed vaults: 1; skipped entries: 0.
[2026-05-02 05:24:00] Installer finished.
[2026-05-02 05:29:00] Running installer: C:\Users\18826\Documents\work_doc_ob\Telpo\scripts\obsidian-claudian-auto\Install-ClaudianToObsidianVaults.ps1
[2026-05-02 05:29:00] [2026-05-02 05:29:00] Already installed/enabled claudian for vault: C:\Users\18826\Documents\work_doc_ob\Telpo
[2026-05-02 05:29:00] [2026-05-02 05:29:00] Finished. Processed vaults: 1; skipped entries: 0.
[2026-05-02 05:29:00] Installer finished.
[2026-05-02 05:34:00] Running installer: C:\Users\18826\Documents\work_doc_ob\Telpo\scripts\obsidian-claudian-auto\Install-ClaudianToObsidianVaults.ps1
[2026-05-02 05:34:00] [2026-05-02 05:34:00] Already installed/enabled claudian for vault: C:\Users\18826\Documents\work_doc_ob\Telpo
[2026-05-02 05:34:00] [2026-05-02 05:34:00] Finished. Processed vaults: 1; skipped entries: 0.
[2026-05-02 05:34:00] Installer finished.
[2026-05-02 05:39:00] Running installer: C:\Users\18826\Documents\work_doc_ob\Telpo\scripts\obsidian-claudian-auto\Install-ClaudianToObsidianVaults.ps1
[2026-05-02 05:39:00] [2026-05-02 05:39:00] Already installed/enabled claudian for vault: C:\Users\18826\Documents\work_doc_ob\Telpo
[2026-05-02 05:39:00] [2026-05-02 05:39:00] Finished. Processed vaults: 1; skipped entries: 0.
[2026-05-02 05:39:00] Installer finished.
[2026-05-02 05:44:00] Running installer: C:\Users\18826\Documents\work_doc_ob\Telpo\scripts\obsidian-claudian-auto\Install-ClaudianToObsidianVaults.ps1
[2026-05-02 05:44:00] [2026-05-02 05:44:00] Already installed/enabled claudian for vault: C:\Users\18826\Documents\work_doc_ob\Telpo
[2026-05-02 05:44:00] [2026-05-02 05:44:00] Finished. Processed vaults: 1; skipped entries: 0.
[2026-05-02 05:44:00] Installer finished.
[2026-05-02 05:49:01] Running installer: C:\Users\18826\Documents\work_doc_ob\Telpo\scripts\obsidian-claudian-auto\Install-ClaudianToObsidianVaults.ps1
[2026-05-02 05:49:01] [2026-05-02 05:49:01] Already installed/enabled claudian for vault: C:\Users\18826\Documents\work_doc_ob\Telpo
[2026-05-02 05:49:01] [2026-05-02 05:49:01] Finished. Processed vaults: 1; skipped entries: 0.
[2026-05-02 05:49:01] Installer finished.
[2026-05-02 05:54:01] Running installer: C:\Users\18826\Documents\work_doc_ob\Telpo\scripts\obsidian-claudian-auto\Install-ClaudianToObsidianVaults.ps1
[2026-05-02 05:54:01] [2026-05-02 05:54:01] Already installed/enabled claudian for vault: C:\Users\18826\Documents\work_doc_ob\Telpo
[2026-05-02 05:54:01] [2026-05-02 05:54:01] Finished. Processed vaults: 1; skipped entries: 0.
[2026-05-02 05:54:01] Installer finished.
[2026-05-02 05:59:01] Running installer: C:\Users\18826\Documents\work_doc_ob\Telpo\scripts\obsidian-claudian-auto\Install-ClaudianToObsidianVaults.ps1
[2026-05-02 05:59:01] [2026-05-02 05:59:01] Already installed/enabled claudian for vault: C:\Users\18826\Documents\work_doc_ob\Telpo
[2026-05-02 05:59:01] [2026-05-02 05:59:01] Finished. Processed vaults: 1; skipped entries: 0.
[2026-05-02 05:59:01] Installer finished.
[2026-05-02 06:04:01] Running installer: C:\Users\18826\Documents\work_doc_ob\Telpo\scripts\obsidian-claudian-auto\Install-ClaudianToObsidianVaults.ps1
[2026-05-02 06:04:01] [2026-05-02 06:04:01] Already installed/enabled claudian for vault: C:\Users\18826\Documents\work_doc_ob\Telpo
[2026-05-02 06:04:01] [2026-05-02 06:04:01] Finished. Processed vaults: 1; skipped entries: 0.
[2026-05-02 06:04:01] Installer finished.
[2026-05-02 06:09:01] Running installer: C:\Users\18826\Documents\work_doc_ob\Telpo\scripts\obsidian-claudian-auto\Install-ClaudianToObsidianVaults.ps1
[2026-05-02 06:09:01] [2026-05-02 06:09:01] Already installed/enabled claudian for vault: C:\Users\18826\Documents\work_doc_ob\Telpo
[2026-05-02 06:09:01] [2026-05-02 06:09:01] Finished. Processed vaults: 1; skipped entries: 0.
[2026-05-02 06:09:01] Installer finished.
[2026-05-02 06:14:01] Running installer: C:\Users\18826\Documents\work_doc_ob\Telpo\scripts\obsidian-claudian-auto\Install-ClaudianToObsidianVaults.ps1
[2026-05-02 06:14:01] [2026-05-02 06:14:01] Already installed/enabled claudian for vault: C:\Users\18826\Documents\work_doc_ob\Telpo
[2026-05-02 06:14:01] [2026-05-02 06:14:01] Finished. Processed vaults: 1; skipped entries: 0.
[2026-05-02 06:14:01] Installer finished.
[2026-05-02 06:19:01] Running installer: C:\Users\18826\Documents\work_doc_ob\Telpo\scripts\obsidian-claudian-auto\Install-ClaudianToObsidianVaults.ps1
[2026-05-02 06:19:01] [2026-05-02 06:19:01] Already installed/enabled claudian for vault: C:\Users\18826\Documents\work_doc_ob\Telpo
[2026-05-02 06:19:01] [2026-05-02 06:19:01] Finished. Processed vaults: 1; skipped entries: 0.
[2026-05-02 06:19:01] Installer finished.
[2026-05-02 06:24:01] Running installer: C:\Users\18826\Documents\work_doc_ob\Telpo\scripts\obsidian-claudian-auto\Install-ClaudianToObsidianVaults.ps1
[2026-05-02 06:24:01] [2026-05-02 06:24:01] Already installed/enabled claudian for vault: C:\Users\18826\Documents\work_doc_ob\Telpo
[2026-05-02 06:24:01] [2026-05-02 06:24:01] Finished. Processed vaults: 1; skipped entries: 0.
[2026-05-02 06:24:01] Installer finished.
[2026-05-02 06:29:02] Running installer: C:\Users\18826\Documents\work_doc_ob\Telpo\scripts\obsidian-claudian-auto\Install-ClaudianToObsidianVaults.ps1
[2026-05-02 06:29:02] [2026-05-02 06:29:02] Already installed/enabled claudian for vault: C:\Users\18826\Documents\work_doc_ob\Telpo
[2026-05-02 06:29:02] [2026-05-02 06:29:02] Finished. Processed vaults: 1; skipped entries: 0.
[2026-05-02 06:29:02] Installer finished.
[2026-05-02 06:34:02] Running installer: C:\Users\18826\Documents\work_doc_ob\Telpo\scripts\obsidian-claudian-auto\Install-ClaudianToObsidianVaults.ps1
[2026-05-02 06:34:02] [2026-05-02 06:34:02] Already installed/enabled claudian for vault: C:\Users\18826\Documents\work_doc_ob\Telpo
[2026-05-02 06:34:02] [2026-05-02 06:34:02] Finished. Processed vaults: 1; skipped entries: 0.
[2026-05-02 06:34:02] Installer finished.
[2026-05-02 06:39:02] Running installer: C:\Users\18826\Documents\work_doc_ob\Telpo\scripts\obsidian-claudian-auto\Install-ClaudianToObsidianVaults.ps1
[2026-05-02 06:39:02] [2026-05-02 06:39:02] Already installed/enabled claudian for vault: C:\Users\18826\Documents\work_doc_ob\Telpo
[2026-05-02 06:39:02] [2026-05-02 06:39:02] Finished. Processed vaults: 1; skipped entries: 0.
[2026-05-02 06:39:02] Installer finished.
[2026-05-02 06:44:02] Running installer: C:\Users\18826\Documents\work_doc_ob\Telpo\scripts\obsidian-claudian-auto\Install-ClaudianToObsidianVaults.ps1
[2026-05-02 06:44:02] [2026-05-02 06:44:02] Already installed/enabled claudian for vault: C:\Users\18826\Documents\work_doc_ob\Telpo
[2026-05-02 06:44:02] [2026-05-02 06:44:02] Finished. Processed vaults: 1; skipped entries: 0.
[2026-05-02 06:44:02] Installer finished.
[2026-05-02 06:49:02] Running installer: C:\Users\18826\Documents\work_doc_ob\Telpo\scripts\obsidian-claudian-auto\Install-ClaudianToObsidianVaults.ps1
[2026-05-02 06:49:02] [2026-05-02 06:49:02] Already installed/enabled claudian for vault: C:\Users\18826\Documents\work_doc_ob\Telpo
[2026-05-02 06:49:02] [2026-05-02 06:49:02] Finished. Processed vaults: 1; skipped entries: 0.
[2026-05-02 06:49:02] Installer finished.
[2026-05-02 06:54:02] Running installer: C:\Users\18826\Documents\work_doc_ob\Telpo\scripts\obsidian-claudian-auto\Install-ClaudianToObsidianVaults.ps1
[2026-05-02 06:54:02] [2026-05-02 06:54:02] Already installed/enabled claudian for vault: C:\Users\18826\Documents\work_doc_ob\Telpo
[2026-05-02 06:54:02] [2026-05-02 06:54:02] Finished. Processed vaults: 1; skipped entries: 0.
[2026-05-02 06:54:02] Installer finished.
[2026-05-02 06:59:02] Running installer: C:\Users\18826\Documents\work_doc_ob\Telpo\scripts\obsidian-claudian-auto\Install-ClaudianToObsidianVaults.ps1
[2026-05-02 06:59:02] [2026-05-02 06:59:02] Already installed/enabled claudian for vault: C:\Users\18826\Documents\work_doc_ob\Telpo
[2026-05-02 06:59:02] [2026-05-02 06:59:02] Finished. Processed vaults: 1; skipped entries: 0.
[2026-05-02 06:59:02] Installer finished.
[2026-05-02 07:04:02] Running installer: C:\Users\18826\Documents\work_doc_ob\Telpo\scripts\obsidian-claudian-auto\Install-ClaudianToObsidianVaults.ps1
[2026-05-02 07:04:02] [2026-05-02 07:04:02] Already installed/enabled claudian for vault: C:\Users\18826\Documents\work_doc_ob\Telpo
[2026-05-02 07:04:02] [2026-05-02 07:04:02] Finished. Processed vaults: 1; skipped entries: 0.
[2026-05-02 07:04:02] Installer finished.
[2026-05-02 07:09:03] Running installer: C:\Users\18826\Documents\work_doc_ob\Telpo\scripts\obsidian-claudian-auto\Install-ClaudianToObsidianVaults.ps1
[2026-05-02 07:09:03] [2026-05-02 07:09:03] Already installed/enabled claudian for vault: C:\Users\18826\Documents\work_doc_ob\Telpo
[2026-05-02 07:09:03] [2026-05-02 07:09:03] Finished. Processed vaults: 1; skipped entries: 0.
[2026-05-02 07:09:03] Installer finished.
[2026-05-02 07:14:03] Running installer: C:\Users\18826\Documents\work_doc_ob\Telpo\scripts\obsidian-claudian-auto\Install-ClaudianToObsidianVaults.ps1
[2026-05-02 07:14:03] [2026-05-02 07:14:03] Already installed/enabled claudian for vault: C:\Users\18826\Documents\work_doc_ob\Telpo
[2026-05-02 07:14:03] [2026-05-02 07:14:03] Finished. Processed vaults: 1; skipped entries: 0.
[2026-05-02 07:14:03] Installer finished.
[2026-05-02 07:19:03] Running installer: C:\Users\18826\Documents\work_doc_ob\Telpo\scripts\obsidian-claudian-auto\Install-ClaudianToObsidianVaults.ps1
[2026-05-02 07:19:03] [2026-05-02 07:19:03] Already installed/enabled claudian for vault: C:\Users\18826\Documents\work_doc_ob\Telpo
[2026-05-02 07:19:03] [2026-05-02 07:19:03] Finished. Processed vaults: 1; skipped entries: 0.
[2026-05-02 07:19:03] Installer finished.
[2026-05-02 07:24:03] Running installer: C:\Users\18826\Documents\work_doc_ob\Telpo\scripts\obsidian-claudian-auto\Install-ClaudianToObsidianVaults.ps1
[2026-05-02 07:24:03] [2026-05-02 07:24:03] Already installed/enabled claudian for vault: C:\Users\18826\Documents\work_doc_ob\Telpo
[2026-05-02 07:24:03] [2026-05-02 07:24:03] Finished. Processed vaults: 1; skipped entries: 0.
[2026-05-02 07:24:03] Installer finished.
[2026-05-02 07:29:03] Running installer: C:\Users\18826\Documents\work_doc_ob\Telpo\scripts\obsidian-claudian-auto\Install-ClaudianToObsidianVaults.ps1
[2026-05-02 07:29:03] [2026-05-02 07:29:03] Already installed/enabled claudian for vault: C:\Users\18826\Documents\work_doc_ob\Telpo
[2026-05-02 07:29:03] [2026-05-02 07:29:03] Finished. Processed vaults: 1; skipped entries: 0.
[2026-05-02 07:29:03] Installer finished.
[2026-05-02 07:34:03] Running installer: C:\Users\18826\Documents\work_doc_ob\Telpo\scripts\obsidian-claudian-auto\Install-ClaudianToObsidianVaults.ps1
[2026-05-02 07:34:03] [2026-05-02 07:34:03] Already installed/enabled claudian for vault: C:\Users\18826\Documents\work_doc_ob\Telpo
[2026-05-02 07:34:03] [2026-05-02 07:34:03] Finished. Processed vaults: 1; skipped entries: 0.
[2026-05-02 07:34:03] Installer finished.
[2026-05-02 07:39:03] Running installer: C:\Users\18826\Documents\work_doc_ob\Telpo\scripts\obsidian-claudian-auto\Install-ClaudianToObsidianVaults.ps1
[2026-05-02 07:39:03] [2026-05-02 07:39:03] Already installed/enabled claudian for vault: C:\Users\18826\Documents\work_doc_ob\Telpo
[2026-05-02 07:39:03] [2026-05-02 07:39:03] Finished. Processed vaults: 1; skipped entries: 0.
[2026-05-02 07:39:03] Installer finished.
[2026-05-02 07:44:04] Running installer: C:\Users\18826\Documents\work_doc_ob\Telpo\scripts\obsidian-claudian-auto\Install-ClaudianToObsidianVaults.ps1
[2026-05-02 07:44:04] [2026-05-02 07:44:04] Already installed/enabled claudian for vault: C:\Users\18826\Documents\work_doc_ob\Telpo
[2026-05-02 07:44:04] [2026-05-02 07:44:04] Finished. Processed vaults: 1; skipped entries: 0.
[2026-05-02 07:44:04] Installer finished.
[2026-05-02 07:49:04] Running installer: C:\Users\18826\Documents\work_doc_ob\Telpo\scripts\obsidian-claudian-auto\Install-ClaudianToObsidianVaults.ps1
[2026-05-02 07:49:04] [2026-05-02 07:49:04] Already installed/enabled claudian for vault: C:\Users\18826\Documents\work_doc_ob\Telpo
[2026-05-02 07:49:04] [2026-05-02 07:49:04] Finished. Processed vaults: 1; skipped entries: 0.
[2026-05-02 07:49:04] Installer finished.
[2026-05-02 07:54:04] Running installer: C:\Users\18826\Documents\work_doc_ob\Telpo\scripts\obsidian-claudian-auto\Install-ClaudianToObsidianVaults.ps1
[2026-05-02 07:54:04] [2026-05-02 07:54:04] Already installed/enabled claudian for vault: C:\Users\18826\Documents\work_doc_ob\Telpo
[2026-05-02 07:54:04] [2026-05-02 07:54:04] Finished. Processed vaults: 1; skipped entries: 0.
[2026-05-02 07:54:04] Installer finished.
[2026-05-02 07:59:04] Running installer: C:\Users\18826\Documents\work_doc_ob\Telpo\scripts\obsidian-claudian-auto\Install-ClaudianToObsidianVaults.ps1
[2026-05-02 07:59:04] [2026-05-02 07:59:04] Already installed/enabled claudian for vault: C:\Users\18826\Documents\work_doc_ob\Telpo
[2026-05-02 07:59:04] [2026-05-02 07:59:04] Finished. Processed vaults: 1; skipped entries: 0.
[2026-05-02 07:59:04] Installer finished.
[2026-05-02 08:04:04] Running installer: C:\Users\18826\Documents\work_doc_ob\Telpo\scripts\obsidian-claudian-auto\Install-ClaudianToObsidianVaults.ps1
[2026-05-02 08:04:04] [2026-05-02 08:04:04] Already installed/enabled claudian for vault: C:\Users\18826\Documents\work_doc_ob\Telpo
[2026-05-02 08:04:04] [2026-05-02 08:04:04] Finished. Processed vaults: 1; skipped entries: 0.
[2026-05-02 08:04:04] Installer finished.
[2026-05-02 08:09:04] Running installer: C:\Users\18826\Documents\work_doc_ob\Telpo\scripts\obsidian-claudian-auto\Install-ClaudianToObsidianVaults.ps1
[2026-05-02 08:09:04] [2026-05-02 08:09:04] Already installed/enabled claudian for vault: C:\Users\18826\Documents\work_doc_ob\Telpo
[2026-05-02 08:09:04] [2026-05-02 08:09:04] Finished. Processed vaults: 1; skipped entries: 0.
[2026-05-02 08:09:04] Installer finished.
[2026-05-02 08:14:04] Running installer: C:\Users\18826\Documents\work_doc_ob\Telpo\scripts\obsidian-claudian-auto\Install-ClaudianToObsidianVaults.ps1
[2026-05-02 08:14:04] [2026-05-02 08:14:04] Already installed/enabled claudian for vault: C:\Users\18826\Documents\work_doc_ob\Telpo
[2026-05-02 08:14:04] [2026-05-02 08:14:04] Finished. Processed vaults: 1; skipped entries: 0.
[2026-05-02 08:14:04] Installer finished.
[2026-05-02 08:19:04] Running installer: C:\Users\18826\Documents\work_doc_ob\Telpo\scripts\obsidian-claudian-auto\Install-ClaudianToObsidianVaults.ps1
[2026-05-02 08:19:04] [2026-05-02 08:19:04] Already installed/enabled claudian for vault: C:\Users\18826\Documents\work_doc_ob\Telpo
[2026-05-02 08:19:04] [2026-05-02 08:19:04] Finished. Processed vaults: 1; skipped entries: 0.
[2026-05-02 08:19:04] Installer finished.
[2026-05-02 08:24:05] Running installer: C:\Users\18826\Documents\work_doc_ob\Telpo\scripts\obsidian-claudian-auto\Install-ClaudianToObsidianVaults.ps1
[2026-05-02 08:24:05] [2026-05-02 08:24:05] Already installed/enabled claudian for vault: C:\Users\18826\Documents\work_doc_ob\Telpo
[2026-05-02 08:24:05] [2026-05-02 08:24:05] Finished. Processed vaults: 1; skipped entries: 0.
[2026-05-02 08:24:05] Installer finished.
[2026-05-02 08:29:05] Running installer: C:\Users\18826\Documents\work_doc_ob\Telpo\scripts\obsidian-claudian-auto\Install-ClaudianToObsidianVaults.ps1
[2026-05-02 08:29:05] [2026-05-02 08:29:05] Already installed/enabled claudian for vault: C:\Users\18826\Documents\work_doc_ob\Telpo
[2026-05-02 08:29:05] [2026-05-02 08:29:05] Finished. Processed vaults: 1; skipped entries: 0.
[2026-05-02 08:29:05] Installer finished.
[2026-05-02 08:34:05] Running installer: C:\Users\18826\Documents\work_doc_ob\Telpo\scripts\obsidian-claudian-auto\Install-ClaudianToObsidianVaults.ps1
[2026-05-02 08:34:05] [2026-05-02 08:34:05] Already installed/enabled claudian for vault: C:\Users\18826\Documents\work_doc_ob\Telpo
[2026-05-02 08:34:05] [2026-05-02 08:34:05] Finished. Processed vaults: 1; skipped entries: 0.
[2026-05-02 08:34:05] Installer finished.
[2026-05-02 08:39:05] Running installer: C:\Users\18826\Documents\work_doc_ob\Telpo\scripts\obsidian-claudian-auto\Install-ClaudianToObsidianVaults.ps1
[2026-05-02 08:39:05] [2026-05-02 08:39:05] Already installed/enabled claudian for vault: C:\Users\18826\Documents\work_doc_ob\Telpo
[2026-05-02 08:39:05] [2026-05-02 08:39:05] Finished. Processed vaults: 1; skipped entries: 0.
[2026-05-02 08:39:05] Installer finished.
[2026-05-02 08:44:05] Running installer: C:\Users\18826\Documents\work_doc_ob\Telpo\scripts\obsidian-claudian-auto\Install-ClaudianToObsidianVaults.ps1
[2026-05-02 08:44:05] [2026-05-02 08:44:05] Already installed/enabled claudian for vault: C:\Users\18826\Documents\work_doc_ob\Telpo
[2026-05-02 08:44:05] [2026-05-02 08:44:05] Finished. Processed vaults: 1; skipped entries: 0.
[2026-05-02 08:44:05] Installer finished.
[2026-05-02 08:49:05] Running installer: C:\Users\18826\Documents\work_doc_ob\Telpo\scripts\obsidian-claudian-auto\Install-ClaudianToObsidianVaults.ps1
[2026-05-02 08:49:05] [2026-05-02 08:49:05] Already installed/enabled claudian for vault: C:\Users\18826\Documents\work_doc_ob\Telpo
[2026-05-02 08:49:05] [2026-05-02 08:49:05] Finished. Processed vaults: 1; skipped entries: 0.
[2026-05-02 08:49:05] Installer finished.
[2026-05-02 08:54:05] Running installer: C:\Users\18826\Documents\work_doc_ob\Telpo\scripts\obsidian-claudian-auto\Install-ClaudianToObsidianVaults.ps1
[2026-05-02 08:54:05] [2026-05-02 08:54:05] Already installed/enabled claudian for vault: C:\Users\18826\Documents\work_doc_ob\Telpo
[2026-05-02 08:54:05] [2026-05-02 08:54:05] Finished. Processed vaults: 1; skipped entries: 0.
[2026-05-02 08:54:05] Installer finished.
[2026-05-02 08:59:05] Running installer: C:\Users\18826\Documents\work_doc_ob\Telpo\scripts\obsidian-claudian-auto\Install-ClaudianToObsidianVaults.ps1
[2026-05-02 08:59:05] [2026-05-02 08:59:05] Already installed/enabled claudian for vault: C:\Users\18826\Documents\work_doc_ob\Telpo
[2026-05-02 08:59:05] [2026-05-02 08:59:05] Finished. Processed vaults: 1; skipped entries: 0.
[2026-05-02 08:59:05] Installer finished.
[2026-05-02 09:04:06] Running installer: C:\Users\18826\Documents\work_doc_ob\Telpo\scripts\obsidian-claudian-auto\Install-ClaudianToObsidianVaults.ps1
[2026-05-02 09:04:06] [2026-05-02 09:04:06] Already installed/enabled claudian for vault: C:\Users\18826\Documents\work_doc_ob\Telpo
[2026-05-02 09:04:06] [2026-05-02 09:04:06] Finished. Processed vaults: 1; skipped entries: 0.
[2026-05-02 09:04:06] Installer finished.
[2026-05-02 09:09:06] Running installer: C:\Users\18826\Documents\work_doc_ob\Telpo\scripts\obsidian-claudian-auto\Install-ClaudianToObsidianVaults.ps1
[2026-05-02 09:09:06] [2026-05-02 09:09:06] Already installed/enabled claudian for vault: C:\Users\18826\Documents\work_doc_ob\Telpo
[2026-05-02 09:09:06] [2026-05-02 09:09:06] Finished. Processed vaults: 1; skipped entries: 0.
[2026-05-02 09:09:06] Installer finished.
[2026-05-02 09:14:06] Running installer: C:\Users\18826\Documents\work_doc_ob\Telpo\scripts\obsidian-claudian-auto\Install-ClaudianToObsidianVaults.ps1
[2026-05-02 09:14:06] [2026-05-02 09:14:06] Already installed/enabled claudian for vault: C:\Users\18826\Documents\work_doc_ob\Telpo
[2026-05-02 09:14:06] [2026-05-02 09:14:06] Finished. Processed vaults: 1; skipped entries: 0.
[2026-05-02 09:14:06] Installer finished.
[2026-05-02 09:19:06] Running installer: C:\Users\18826\Documents\work_doc_ob\Telpo\scripts\obsidian-claudian-auto\Install-ClaudianToObsidianVaults.ps1
[2026-05-02 09:19:06] [2026-05-02 09:19:06] Already installed/enabled claudian for vault: C:\Users\18826\Documents\work_doc_ob\Telpo
[2026-05-02 09:19:06] [2026-05-02 09:19:06] Finished. Processed vaults: 1; skipped entries: 0.
[2026-05-02 09:19:06] Installer finished.
[2026-05-02 09:24:06] Running installer: C:\Users\18826\Documents\work_doc_ob\Telpo\scripts\obsidian-claudian-auto\Install-ClaudianToObsidianVaults.ps1
[2026-05-02 09:24:06] [2026-05-02 09:24:06] Already installed/enabled claudian for vault: C:\Users\18826\Documents\work_doc_ob\Telpo
[2026-05-02 09:24:06] [2026-05-02 09:24:06] Finished. Processed vaults: 1; skipped entries: 0.
[2026-05-02 09:24:06] Installer finished.
[2026-05-02 09:29:06] Running installer: C:\Users\18826\Documents\work_doc_ob\Telpo\scripts\obsidian-claudian-auto\Install-ClaudianToObsidianVaults.ps1
[2026-05-02 09:29:06] [2026-05-02 09:29:06] Already installed/enabled claudian for vault: C:\Users\18826\Documents\work_doc_ob\Telpo
[2026-05-02 09:29:06] [2026-05-02 09:29:06] Finished. Processed vaults: 1; skipped entries: 0.
[2026-05-02 09:29:06] Installer finished.
[2026-05-02 09:34:06] Running installer: C:\Users\18826\Documents\work_doc_ob\Telpo\scripts\obsidian-claudian-auto\Install-ClaudianToObsidianVaults.ps1
[2026-05-02 09:34:06] [2026-05-02 09:34:06] Already installed/enabled claudian for vault: C:\Users\18826\Documents\work_doc_ob\Telpo
[2026-05-02 09:34:06] [2026-05-02 09:34:06] Finished. Processed vaults: 1; skipped entries: 0.
[2026-05-02 09:34:06] Installer finished.
[2026-05-02 09:39:08] Running installer: C:\Users\18826\Documents\work_doc_ob\Telpo\scripts\obsidian-claudian-auto\Install-ClaudianToObsidianVaults.ps1
[2026-05-02 09:39:08] [2026-05-02 09:39:08] Already installed/enabled claudian for vault: C:\Users\18826\Documents\work_doc_ob\Telpo
[2026-05-02 09:39:08] [2026-05-02 09:39:08] Finished. Processed vaults: 1; skipped entries: 0.
[2026-05-02 09:39:08] Installer finished.
[2026-05-02 09:44:08] Running installer: C:\Users\18826\Documents\work_doc_ob\Telpo\scripts\obsidian-claudian-auto\Install-ClaudianToObsidianVaults.ps1
[2026-05-02 09:44:08] [2026-05-02 09:44:08] Already installed/enabled claudian for vault: C:\Users\18826\Documents\work_doc_ob\Telpo
[2026-05-02 09:44:08] [2026-05-02 09:44:08] Finished. Processed vaults: 1; skipped entries: 0.
[2026-05-02 09:44:08] Installer finished.
[2026-05-02 09:49:09] Running installer: C:\Users\18826\Documents\work_doc_ob\Telpo\scripts\obsidian-claudian-auto\Install-ClaudianToObsidianVaults.ps1
[2026-05-02 09:49:09] [2026-05-02 09:49:09] Already installed/enabled claudian for vault: C:\Users\18826\Documents\work_doc_ob\Telpo
[2026-05-02 09:49:09] [2026-05-02 09:49:09] Finished. Processed vaults: 1; skipped entries: 0.
[2026-05-02 09:49:09] Installer finished.
[2026-05-02 09:54:09] Running installer: C:\Users\18826\Documents\work_doc_ob\Telpo\scripts\obsidian-claudian-auto\Install-ClaudianToObsidianVaults.ps1
[2026-05-02 09:54:09] [2026-05-02 09:54:09] Already installed/enabled claudian for vault: C:\Users\18826\Documents\work_doc_ob\Telpo
[2026-05-02 09:54:09] [2026-05-02 09:54:09] Finished. Processed vaults: 1; skipped entries: 0.
[2026-05-02 09:54:09] Installer finished.
[2026-05-02 09:59:09] Running installer: C:\Users\18826\Documents\work_doc_ob\Telpo\scripts\obsidian-claudian-auto\Install-ClaudianToObsidianVaults.ps1
[2026-05-02 09:59:09] [2026-05-02 09:59:09] Already installed/enabled claudian for vault: C:\Users\18826\Documents\work_doc_ob\Telpo
[2026-05-02 09:59:09] [2026-05-02 09:59:09] Finished. Processed vaults: 1; skipped entries: 0.
[2026-05-02 09:59:09] Installer finished.
[2026-05-02 10:04:09] Running installer: C:\Users\18826\Documents\work_doc_ob\Telpo\scripts\obsidian-claudian-auto\Install-ClaudianToObsidianVaults.ps1
[2026-05-02 10:04:09] [2026-05-02 10:04:09] Already installed/enabled claudian for vault: C:\Users\18826\Documents\work_doc_ob\Telpo
[2026-05-02 10:04:09] [2026-05-02 10:04:09] Finished. Processed vaults: 1; skipped entries: 0.
[2026-05-02 10:04:09] Installer finished.
[2026-05-02 10:09:09] Running installer: C:\Users\18826\Documents\work_doc_ob\Telpo\scripts\obsidian-claudian-auto\Install-ClaudianToObsidianVaults.ps1
[2026-05-02 10:09:09] [2026-05-02 10:09:09] Already installed/enabled claudian for vault: C:\Users\18826\Documents\work_doc_ob\Telpo
[2026-05-02 10:09:09] [2026-05-02 10:09:09] Finished. Processed vaults: 1; skipped entries: 0.
[2026-05-02 10:09:09] Installer finished.
[2026-05-02 10:14:09] Running installer: C:\Users\18826\Documents\work_doc_ob\Telpo\scripts\obsidian-claudian-auto\Install-ClaudianToObsidianVaults.ps1
[2026-05-02 10:14:09] [2026-05-02 10:14:09] Already installed/enabled claudian for vault: C:\Users\18826\Documents\work_doc_ob\Telpo
[2026-05-02 10:14:09] [2026-05-02 10:14:09] Finished. Processed vaults: 1; skipped entries: 0.
[2026-05-02 10:14:09] Installer finished.
[2026-05-02 10:19:09] Running installer: C:\Users\18826\Documents\work_doc_ob\Telpo\scripts\obsidian-claudian-auto\Install-ClaudianToObsidianVaults.ps1
[2026-05-02 10:19:09] [2026-05-02 10:19:09] Already installed/enabled claudian for vault: C:\Users\18826\Documents\work_doc_ob\Telpo
[2026-05-02 10:19:09] [2026-05-02 10:19:09] Finished. Processed vaults: 1; skipped entries: 0.
[2026-05-02 10:19:09] Installer finished.
[2026-05-02 10:24:10] Running installer: C:\Users\18826\Documents\work_doc_ob\Telpo\scripts\obsidian-claudian-auto\Install-ClaudianToObsidianVaults.ps1
[2026-05-02 10:24:10] [2026-05-02 10:24:10] Already installed/enabled claudian for vault: C:\Users\18826\Documents\work_doc_ob\Telpo
[2026-05-02 10:24:10] [2026-05-02 10:24:10] Finished. Processed vaults: 1; skipped entries: 0.
[2026-05-02 10:24:10] Installer finished.
[2026-05-02 10:29:10] Running installer: C:\Users\18826\Documents\work_doc_ob\Telpo\scripts\obsidian-claudian-auto\Install-ClaudianToObsidianVaults.ps1
[2026-05-02 10:29:10] [2026-05-02 10:29:10] Already installed/enabled claudian for vault: C:\Users\18826\Documents\work_doc_ob\Telpo
[2026-05-02 10:29:10] [2026-05-02 10:29:10] Finished. Processed vaults: 1; skipped entries: 0.
[2026-05-02 10:29:10] Installer finished.
[2026-05-02 10:34:10] Running installer: C:\Users\18826\Documents\work_doc_ob\Telpo\scripts\obsidian-claudian-auto\Install-ClaudianToObsidianVaults.ps1
[2026-05-02 10:34:10] [2026-05-02 10:34:10] Already installed/enabled claudian for vault: C:\Users\18826\Documents\work_doc_ob\Telpo
[2026-05-02 10:34:10] [2026-05-02 10:34:10] Finished. Processed vaults: 1; skipped entries: 0.
[2026-05-02 10:34:10] Installer finished.
[2026-05-02 10:39:10] Running installer: C:\Users\18826\Documents\work_doc_ob\Telpo\scripts\obsidian-claudian-auto\Install-ClaudianToObsidianVaults.ps1
[2026-05-02 10:39:10] [2026-05-02 10:39:10] Already installed/enabled claudian for vault: C:\Users\18826\Documents\work_doc_ob\Telpo
[2026-05-02 10:39:10] [2026-05-02 10:39:10] Finished. Processed vaults: 1; skipped entries: 0.
[2026-05-02 10:39:10] Installer finished.
[2026-05-02 10:44:10] Running installer: C:\Users\18826\Documents\work_doc_ob\Telpo\scripts\obsidian-claudian-auto\Install-ClaudianToObsidianVaults.ps1
[2026-05-02 10:44:10] [2026-05-02 10:44:10] Already installed/enabled claudian for vault: C:\Users\18826\Documents\work_doc_ob\Telpo
[2026-05-02 10:44:10] [2026-05-02 10:44:10] Finished. Processed vaults: 1; skipped entries: 0.
[2026-05-02 10:44:10] Installer finished.
[2026-05-02 10:49:10] Running installer: C:\Users\18826\Documents\work_doc_ob\Telpo\scripts\obsidian-claudian-auto\Install-ClaudianToObsidianVaults.ps1
[2026-05-02 10:49:10] [2026-05-02 10:49:10] Already installed/enabled claudian for vault: C:\Users\18826\Documents\work_doc_ob\Telpo
[2026-05-02 10:49:10] [2026-05-02 10:49:10] Finished. Processed vaults: 1; skipped entries: 0.
[2026-05-02 10:49:10] Installer finished.
[2026-05-02 10:54:10] Running installer: C:\Users\18826\Documents\work_doc_ob\Telpo\scripts\obsidian-claudian-auto\Install-ClaudianToObsidianVaults.ps1
[2026-05-02 10:54:10] [2026-05-02 10:54:10] Already installed/enabled claudian for vault: C:\Users\18826\Documents\work_doc_ob\Telpo
[2026-05-02 10:54:10] [2026-05-02 10:54:10] Finished. Processed vaults: 1; skipped entries: 0.
[2026-05-02 10:54:10] Installer finished.
[2026-05-02 10:59:10] Running installer: C:\Users\18826\Documents\work_doc_ob\Telpo\scripts\obsidian-claudian-auto\Install-ClaudianToObsidianVaults.ps1
[2026-05-02 10:59:10] [2026-05-02 10:59:10] Already installed/enabled claudian for vault: C:\Users\18826\Documents\work_doc_ob\Telpo
[2026-05-02 10:59:10] [2026-05-02 10:59:10] Finished. Processed vaults: 1; skipped entries: 0.
[2026-05-02 10:59:10] Installer finished.
[2026-05-02 11:04:11] Running installer: C:\Users\18826\Documents\work_doc_ob\Telpo\scripts\obsidian-claudian-auto\Install-ClaudianToObsidianVaults.ps1
[2026-05-02 11:04:11] [2026-05-02 11:04:11] Already installed/enabled claudian for vault: C:\Users\18826\Documents\work_doc_ob\Telpo
[2026-05-02 11:04:11] [2026-05-02 11:04:11] Finished. Processed vaults: 1; skipped entries: 0.
[2026-05-02 11:04:11] Installer finished.
[2026-05-02 11:09:11] Running installer: C:\Users\18826\Documents\work_doc_ob\Telpo\scripts\obsidian-claudian-auto\Install-ClaudianToObsidianVaults.ps1
[2026-05-02 11:09:11] [2026-05-02 11:09:11] Already installed/enabled claudian for vault: C:\Users\18826\Documents\work_doc_ob\Telpo
[2026-05-02 11:09:11] [2026-05-02 11:09:11] Finished. Processed vaults: 1; skipped entries: 0.
[2026-05-02 11:09:11] Installer finished.
[2026-05-02 11:14:11] Running installer: C:\Users\18826\Documents\work_doc_ob\Telpo\scripts\obsidian-claudian-auto\Install-ClaudianToObsidianVaults.ps1
[2026-05-02 11:14:11] [2026-05-02 11:14:11] Already installed/enabled claudian for vault: C:\Users\18826\Documents\work_doc_ob\Telpo
[2026-05-02 11:14:11] [2026-05-02 11:14:11] Finished. Processed vaults: 1; skipped entries: 0.
[2026-05-02 11:14:11] Installer finished.
[2026-05-02 11:19:11] Running installer: C:\Users\18826\Documents\work_doc_ob\Telpo\scripts\obsidian-claudian-auto\Install-ClaudianToObsidianVaults.ps1
[2026-05-02 11:19:11] [2026-05-02 11:19:11] Already installed/enabled claudian for vault: C:\Users\18826\Documents\work_doc_ob\Telpo
[2026-05-02 11:19:11] [2026-05-02 11:19:11] Finished. Processed vaults: 1; skipped entries: 0.
[2026-05-02 11:19:11] Installer finished.
[2026-05-02 11:24:11] Running installer: C:\Users\18826\Documents\work_doc_ob\Telpo\scripts\obsidian-claudian-auto\Install-ClaudianToObsidianVaults.ps1
[2026-05-02 11:24:11] [2026-05-02 11:24:11] Already installed/enabled claudian for vault: C:\Users\18826\Documents\work_doc_ob\Telpo
[2026-05-02 11:24:11] [2026-05-02 11:24:11] Finished. Processed vaults: 1; skipped entries: 0.
[2026-05-02 11:24:11] Installer finished.
[2026-05-02 11:29:11] Running installer: C:\Users\18826\Documents\work_doc_ob\Telpo\scripts\obsidian-claudian-auto\Install-ClaudianToObsidianVaults.ps1
[2026-05-02 11:29:11] [2026-05-02 11:29:11] Already installed/enabled claudian for vault: C:\Users\18826\Documents\work_doc_ob\Telpo
[2026-05-02 11:29:11] [2026-05-02 11:29:11] Finished. Processed vaults: 1; skipped entries: 0.
[2026-05-02 11:29:11] Installer finished.
[2026-05-02 11:34:11] Running installer: C:\Users\18826\Documents\work_doc_ob\Telpo\scripts\obsidian-claudian-auto\Install-ClaudianToObsidianVaults.ps1
[2026-05-02 11:34:11] [2026-05-02 11:34:11] Already installed/enabled claudian for vault: C:\Users\18826\Documents\work_doc_ob\Telpo
[2026-05-02 11:34:11] [2026-05-02 11:34:11] Finished. Processed vaults: 1; skipped entries: 0.
[2026-05-02 11:34:11] Installer finished.
[2026-05-02 11:39:11] Running installer: C:\Users\18826\Documents\work_doc_ob\Telpo\scripts\obsidian-claudian-auto\Install-ClaudianToObsidianVaults.ps1
[2026-05-02 11:39:12] [2026-05-02 11:39:12] Already installed/enabled claudian for vault: C:\Users\18826\Documents\work_doc_ob\Telpo
[2026-05-02 11:39:12] [2026-05-02 11:39:12] Finished. Processed vaults: 1; skipped entries: 0.
[2026-05-02 11:39:12] Installer finished.
[2026-05-02 11:44:12] Running installer: C:\Users\18826\Documents\work_doc_ob\Telpo\scripts\obsidian-claudian-auto\Install-ClaudianToObsidianVaults.ps1
[2026-05-02 11:44:12] [2026-05-02 11:44:12] Already installed/enabled claudian for vault: C:\Users\18826\Documents\work_doc_ob\Telpo
[2026-05-02 11:44:12] [2026-05-02 11:44:12] Finished. Processed vaults: 1; skipped entries: 0.
[2026-05-02 11:44:12] Installer finished.
[2026-05-02 11:49:12] Running installer: C:\Users\18826\Documents\work_doc_ob\Telpo\scripts\obsidian-claudian-auto\Install-ClaudianToObsidianVaults.ps1
[2026-05-02 11:49:12] [2026-05-02 11:49:12] Already installed/enabled claudian for vault: C:\Users\18826\Documents\work_doc_ob\Telpo
[2026-05-02 11:49:12] [2026-05-02 11:49:12] Finished. Processed vaults: 1; skipped entries: 0.
[2026-05-02 11:49:12] Installer finished.
[2026-05-02 11:54:12] Running installer: C:\Users\18826\Documents\work_doc_ob\Telpo\scripts\obsidian-claudian-auto\Install-ClaudianToObsidianVaults.ps1
[2026-05-02 11:54:12] [2026-05-02 11:54:12] Already installed/enabled claudian for vault: C:\Users\18826\Documents\work_doc_ob\Telpo
[2026-05-02 11:54:12] [2026-05-02 11:54:12] Finished. Processed vaults: 1; skipped entries: 0.
[2026-05-02 11:54:12] Installer finished.
[2026-05-02 11:59:12] Running installer: C:\Users\18826\Documents\work_doc_ob\Telpo\scripts\obsidian-claudian-auto\Install-ClaudianToObsidianVaults.ps1
[2026-05-02 11:59:12] [2026-05-02 11:59:12] Already installed/enabled claudian for vault: C:\Users\18826\Documents\work_doc_ob\Telpo
[2026-05-02 11:59:12] [2026-05-02 11:59:12] Finished. Processed vaults: 1; skipped entries: 0.
[2026-05-02 11:59:12] Installer finished.
[2026-05-02 12:04:12] Running installer: C:\Users\18826\Documents\work_doc_ob\Telpo\scripts\obsidian-claudian-auto\Install-ClaudianToObsidianVaults.ps1
[2026-05-02 12:04:12] [2026-05-02 12:04:12] Already installed/enabled claudian for vault: C:\Users\18826\Documents\work_doc_ob\Telpo
[2026-05-02 12:04:12] [2026-05-02 12:04:12] Finished. Processed vaults: 1; skipped entries: 0.
[2026-05-02 12:04:12] Installer finished.
[2026-05-02 12:09:12] Running installer: C:\Users\18826\Documents\work_doc_ob\Telpo\scripts\obsidian-claudian-auto\Install-ClaudianToObsidianVaults.ps1
[2026-05-02 12:09:12] [2026-05-02 12:09:12] Already installed/enabled claudian for vault: C:\Users\18826\Documents\work_doc_ob\Telpo
[2026-05-02 12:09:12] [2026-05-02 12:09:12] Finished. Processed vaults: 1; skipped entries: 0.
[2026-05-02 12:09:12] Installer finished.
[2026-05-02 12:14:12] Running installer: C:\Users\18826\Documents\work_doc_ob\Telpo\scripts\obsidian-claudian-auto\Install-ClaudianToObsidianVaults.ps1
[2026-05-02 12:14:12] [2026-05-02 12:14:12] Already installed/enabled claudian for vault: C:\Users\18826\Documents\work_doc_ob\Telpo
[2026-05-02 12:14:12] [2026-05-02 12:14:12] Finished. Processed vaults: 1; skipped entries: 0.
[2026-05-02 12:14:12] Installer finished.
[2026-05-02 12:19:13] Running installer: C:\Users\18826\Documents\work_doc_ob\Telpo\scripts\obsidian-claudian-auto\Install-ClaudianToObsidianVaults.ps1
[2026-05-02 12:19:13] [2026-05-02 12:19:13] Already installed/enabled claudian for vault: C:\Users\18826\Documents\work_doc_ob\Telpo
[2026-05-02 12:19:13] [2026-05-02 12:19:13] Finished. Processed vaults: 1; skipped entries: 0.
[2026-05-02 12:19:13] Installer finished.
[2026-05-02 12:24:13] Running installer: C:\Users\18826\Documents\work_doc_ob\Telpo\scripts\obsidian-claudian-auto\Install-ClaudianToObsidianVaults.ps1
[2026-05-02 12:24:13] [2026-05-02 12:24:13] Already installed/enabled claudian for vault: C:\Users\18826\Documents\work_doc_ob\Telpo
[2026-05-02 12:24:13] [2026-05-02 12:24:13] Finished. Processed vaults: 1; skipped entries: 0.
[2026-05-02 12:24:13] Installer finished.
[2026-05-02 12:29:13] Running installer: C:\Users\18826\Documents\work_doc_ob\Telpo\scripts\obsidian-claudian-auto\Install-ClaudianToObsidianVaults.ps1
[2026-05-02 12:29:13] [2026-05-02 12:29:13] Already installed/enabled claudian for vault: C:\Users\18826\Documents\work_doc_ob\Telpo
[2026-05-02 12:29:13] [2026-05-02 12:29:13] Finished. Processed vaults: 1; skipped entries: 0.
[2026-05-02 12:29:13] Installer finished.
[2026-05-02 12:34:13] Running installer: C:\Users\18826\Documents\work_doc_ob\Telpo\scripts\obsidian-claudian-auto\Install-ClaudianToObsidianVaults.ps1
[2026-05-02 12:34:13] [2026-05-02 12:34:13] Already installed/enabled claudian for vault: C:\Users\18826\Documents\work_doc_ob\Telpo
[2026-05-02 12:34:13] [2026-05-02 12:34:13] Finished. Processed vaults: 1; skipped entries: 0.
[2026-05-02 12:34:13] Installer finished.
[2026-05-02 12:39:13] Running installer: C:\Users\18826\Documents\work_doc_ob\Telpo\scripts\obsidian-claudian-auto\Install-ClaudianToObsidianVaults.ps1
[2026-05-02 12:39:13] [2026-05-02 12:39:13] Already installed/enabled claudian for vault: C:\Users\18826\Documents\work_doc_ob\Telpo
[2026-05-02 12:39:13] [2026-05-02 12:39:13] Finished. Processed vaults: 1; skipped entries: 0.
[2026-05-02 12:39:13] Installer finished.
[2026-05-02 12:44:13] Running installer: C:\Users\18826\Documents\work_doc_ob\Telpo\scripts\obsidian-claudian-auto\Install-ClaudianToObsidianVaults.ps1
[2026-05-02 12:44:13] [2026-05-02 12:44:13] Already installed/enabled claudian for vault: C:\Users\18826\Documents\work_doc_ob\Telpo
[2026-05-02 12:44:13] [2026-05-02 12:44:13] Finished. Processed vaults: 1; skipped entries: 0.
[2026-05-02 12:44:13] Installer finished.
[2026-05-02 12:49:13] Running installer: C:\Users\18826\Documents\work_doc_ob\Telpo\scripts\obsidian-claudian-auto\Install-ClaudianToObsidianVaults.ps1
[2026-05-02 12:49:13] [2026-05-02 12:49:13] Already installed/enabled claudian for vault: C:\Users\18826\Documents\work_doc_ob\Telpo
[2026-05-02 12:49:13] [2026-05-02 12:49:13] Finished. Processed vaults: 1; skipped entries: 0.
[2026-05-02 12:49:13] Installer finished.
[2026-05-02 12:54:13] Running installer: C:\Users\18826\Documents\work_doc_ob\Telpo\scripts\obsidian-claudian-auto\Install-ClaudianToObsidianVaults.ps1
[2026-05-02 12:54:13] [2026-05-02 12:54:13] Already installed/enabled claudian for vault: C:\Users\18826\Documents\work_doc_ob\Telpo
[2026-05-02 12:54:13] [2026-05-02 12:54:13] Finished. Processed vaults: 1; skipped entries: 0.
[2026-05-02 12:54:13] Installer finished.
[2026-05-02 12:59:13] Running installer: C:\Users\18826\Documents\work_doc_ob\Telpo\scripts\obsidian-claudian-auto\Install-ClaudianToObsidianVaults.ps1
[2026-05-02 12:59:14] [2026-05-02 12:59:14] Already installed/enabled claudian for vault: C:\Users\18826\Documents\work_doc_ob\Telpo
[2026-05-02 12:59:14] [2026-05-02 12:59:14] Finished. Processed vaults: 1; skipped entries: 0.
[2026-05-02 12:59:14] Installer finished.
[2026-05-02 13:04:14] Running installer: C:\Users\18826\Documents\work_doc_ob\Telpo\scripts\obsidian-claudian-auto\Install-ClaudianToObsidianVaults.ps1
[2026-05-02 13:04:14] [2026-05-02 13:04:14] Already installed/enabled claudian for vault: C:\Users\18826\Documents\work_doc_ob\Telpo
[2026-05-02 13:04:14] [2026-05-02 13:04:14] Finished. Processed vaults: 1; skipped entries: 0.
[2026-05-02 13:04:14] Installer finished.
[2026-05-02 13:09:14] Running installer: C:\Users\18826\Documents\work_doc_ob\Telpo\scripts\obsidian-claudian-auto\Install-ClaudianToObsidianVaults.ps1
[2026-05-02 13:09:14] [2026-05-02 13:09:14] Already installed/enabled claudian for vault: C:\Users\18826\Documents\work_doc_ob\Telpo
[2026-05-02 13:09:14] [2026-05-02 13:09:14] Finished. Processed vaults: 1; skipped entries: 0.
[2026-05-02 13:09:14] Installer finished.
[2026-05-02 13:14:14] Running installer: C:\Users\18826\Documents\work_doc_ob\Telpo\scripts\obsidian-claudian-auto\Install-ClaudianToObsidianVaults.ps1
[2026-05-02 13:14:14] [2026-05-02 13:14:14] Already installed/enabled claudian for vault: C:\Users\18826\Documents\work_doc_ob\Telpo
[2026-05-02 13:14:14] [2026-05-02 13:14:14] Finished. Processed vaults: 1; skipped entries: 0.
[2026-05-02 13:14:14] Installer finished.
[2026-05-02 13:19:14] Running installer: C:\Users\18826\Documents\work_doc_ob\Telpo\scripts\obsidian-claudian-auto\Install-ClaudianToObsidianVaults.ps1
[2026-05-02 13:19:14] [2026-05-02 13:19:14] Already installed/enabled claudian for vault: C:\Users\18826\Documents\work_doc_ob\Telpo
[2026-05-02 13:19:14] [2026-05-02 13:19:14] Finished. Processed vaults: 1; skipped entries: 0.
[2026-05-02 13:19:14] Installer finished.
[2026-05-02 13:24:14] Running installer: C:\Users\18826\Documents\work_doc_ob\Telpo\scripts\obsidian-claudian-auto\Install-ClaudianToObsidianVaults.ps1
[2026-05-02 13:24:14] [2026-05-02 13:24:14] Already installed/enabled claudian for vault: C:\Users\18826\Documents\work_doc_ob\Telpo
[2026-05-02 13:24:14] [2026-05-02 13:24:14] Finished. Processed vaults: 1; skipped entries: 0.
[2026-05-02 13:24:14] Installer finished.
[2026-05-02 13:29:14] Running installer: C:\Users\18826\Documents\work_doc_ob\Telpo\scripts\obsidian-claudian-auto\Install-ClaudianToObsidianVaults.ps1
[2026-05-02 13:29:14] [2026-05-02 13:29:14] Already installed/enabled claudian for vault: C:\Users\18826\Documents\work_doc_ob\Telpo
[2026-05-02 13:29:14] [2026-05-02 13:29:14] Finished. Processed vaults: 1; skipped entries: 0.
[2026-05-02 13:29:14] Installer finished.
[2026-05-02 13:34:14] Running installer: C:\Users\18826\Documents\work_doc_ob\Telpo\scripts\obsidian-claudian-auto\Install-ClaudianToObsidianVaults.ps1
[2026-05-02 13:34:14] [2026-05-02 13:34:14] Already installed/enabled claudian for vault: C:\Users\18826\Documents\work_doc_ob\Telpo
[2026-05-02 13:34:14] [2026-05-02 13:34:14] Finished. Processed vaults: 1; skipped entries: 0.
[2026-05-02 13:34:14] Installer finished.
[2026-05-02 13:39:14] Running installer: C:\Users\18826\Documents\work_doc_ob\Telpo\scripts\obsidian-claudian-auto\Install-ClaudianToObsidianVaults.ps1
[2026-05-02 13:39:15] [2026-05-02 13:39:15] Already installed/enabled claudian for vault: C:\Users\18826\Documents\work_doc_ob\Telpo
[2026-05-02 13:39:15] [2026-05-02 13:39:15] Finished. Processed vaults: 1; skipped entries: 0.
[2026-05-02 13:39:15] Installer finished.
[2026-05-02 13:44:15] Running installer: C:\Users\18826\Documents\work_doc_ob\Telpo\scripts\obsidian-claudian-auto\Install-ClaudianToObsidianVaults.ps1
[2026-05-02 13:44:15] [2026-05-02 13:44:15] Already installed/enabled claudian for vault: C:\Users\18826\Documents\work_doc_ob\Telpo
[2026-05-02 13:44:15] [2026-05-02 13:44:15] Finished. Processed vaults: 1; skipped entries: 0.
[2026-05-02 13:44:15] Installer finished.
[2026-05-02 13:49:15] Running installer: C:\Users\18826\Documents\work_doc_ob\Telpo\scripts\obsidian-claudian-auto\Install-ClaudianToObsidianVaults.ps1
[2026-05-02 13:49:15] [2026-05-02 13:49:15] Already installed/enabled claudian for vault: C:\Users\18826\Documents\work_doc_ob\Telpo
[2026-05-02 13:49:15] [2026-05-02 13:49:15] Finished. Processed vaults: 1; skipped entries: 0.
[2026-05-02 13:49:15] Installer finished.
[2026-05-02 13:54:15] Running installer: C:\Users\18826\Documents\work_doc_ob\Telpo\scripts\obsidian-claudian-auto\Install-ClaudianToObsidianVaults.ps1
[2026-05-02 13:54:15] [2026-05-02 13:54:15] Already installed/enabled claudian for vault: C:\Users\18826\Documents\work_doc_ob\Telpo
[2026-05-02 13:54:15] [2026-05-02 13:54:15] Finished. Processed vaults: 1; skipped entries: 0.
[2026-05-02 13:54:15] Installer finished.
[2026-05-02 13:59:15] Running installer: C:\Users\18826\Documents\work_doc_ob\Telpo\scripts\obsidian-claudian-auto\Install-ClaudianToObsidianVaults.ps1
[2026-05-02 13:59:15] [2026-05-02 13:59:15] Already installed/enabled claudian for vault: C:\Users\18826\Documents\work_doc_ob\Telpo
[2026-05-02 13:59:15] [2026-05-02 13:59:15] Finished. Processed vaults: 1; skipped entries: 0.
[2026-05-02 13:59:15] Installer finished.
[2026-05-02 14:04:15] Running installer: C:\Users\18826\Documents\work_doc_ob\Telpo\scripts\obsidian-claudian-auto\Install-ClaudianToObsidianVaults.ps1
[2026-05-02 14:04:15] [2026-05-02 14:04:15] Already installed/enabled claudian for vault: C:\Users\18826\Documents\work_doc_ob\Telpo
[2026-05-02 14:04:15] [2026-05-02 14:04:15] Finished. Processed vaults: 1; skipped entries: 0.
[2026-05-02 14:04:15] Installer finished.
[2026-05-02 14:09:15] Running installer: C:\Users\18826\Documents\work_doc_ob\Telpo\scripts\obsidian-claudian-auto\Install-ClaudianToObsidianVaults.ps1
[2026-05-02 14:09:15] [2026-05-02 14:09:15] Already installed/enabled claudian for vault: C:\Users\18826\Documents\work_doc_ob\Telpo
[2026-05-02 14:09:15] [2026-05-02 14:09:15] Finished. Processed vaults: 1; skipped entries: 0.
[2026-05-02 14:09:15] Installer finished.
[2026-05-02 14:14:15] Running installer: C:\Users\18826\Documents\work_doc_ob\Telpo\scripts\obsidian-claudian-auto\Install-ClaudianToObsidianVaults.ps1
[2026-05-02 14:14:15] [2026-05-02 14:14:15] Already installed/enabled claudian for vault: C:\Users\18826\Documents\work_doc_ob\Telpo
[2026-05-02 14:14:15] [2026-05-02 14:14:15] Finished. Processed vaults: 1; skipped entries: 0.
[2026-05-02 14:14:15] Installer finished.
[2026-05-02 14:19:16] Running installer: C:\Users\18826\Documents\work_doc_ob\Telpo\scripts\obsidian-claudian-auto\Install-ClaudianToObsidianVaults.ps1
[2026-05-02 14:19:16] [2026-05-02 14:19:16] Already installed/enabled claudian for vault: C:\Users\18826\Documents\work_doc_ob\Telpo
[2026-05-02 14:19:16] [2026-05-02 14:19:16] Finished. Processed vaults: 1; skipped entries: 0.
[2026-05-02 14:19:16] Installer finished.
[2026-05-02 14:24:16] Running installer: C:\Users\18826\Documents\work_doc_ob\Telpo\scripts\obsidian-claudian-auto\Install-ClaudianToObsidianVaults.ps1
[2026-05-02 14:24:16] [2026-05-02 14:24:16] Already installed/enabled claudian for vault: C:\Users\18826\Documents\work_doc_ob\Telpo
[2026-05-02 14:24:16] [2026-05-02 14:24:16] Finished. Processed vaults: 1; skipped entries: 0.
[2026-05-02 14:24:16] Installer finished.
[2026-05-02 14:29:16] Running installer: C:\Users\18826\Documents\work_doc_ob\Telpo\scripts\obsidian-claudian-auto\Install-ClaudianToObsidianVaults.ps1
[2026-05-02 14:29:16] [2026-05-02 14:29:16] Already installed/enabled claudian for vault: C:\Users\18826\Documents\work_doc_ob\Telpo
[2026-05-02 14:29:16] [2026-05-02 14:29:16] Finished. Processed vaults: 1; skipped entries: 0.
[2026-05-02 14:29:16] Installer finished.
[2026-05-02 14:34:16] Running installer: C:\Users\18826\Documents\work_doc_ob\Telpo\scripts\obsidian-claudian-auto\Install-ClaudianToObsidianVaults.ps1
[2026-05-02 14:34:16] [2026-05-02 14:34:16] Already installed/enabled claudian for vault: C:\Users\18826\Documents\work_doc_ob\Telpo
[2026-05-02 14:34:16] [2026-05-02 14:34:16] Finished. Processed vaults: 1; skipped entries: 0.
[2026-05-02 14:34:16] Installer finished.
[2026-05-02 14:39:16] Running installer: C:\Users\18826\Documents\work_doc_ob\Telpo\scripts\obsidian-claudian-auto\Install-ClaudianToObsidianVaults.ps1
[2026-05-02 14:39:16] [2026-05-02 14:39:16] Already installed/enabled claudian for vault: C:\Users\18826\Documents\work_doc_ob\Telpo
[2026-05-02 14:39:16] [2026-05-02 14:39:16] Finished. Processed vaults: 1; skipped entries: 0.
[2026-05-02 14:39:16] Installer finished.
[2026-05-02 14:44:16] Running installer: C:\Users\18826\Documents\work_doc_ob\Telpo\scripts\obsidian-claudian-auto\Install-ClaudianToObsidianVaults.ps1
[2026-05-02 14:44:16] [2026-05-02 14:44:16] Already installed/enabled claudian for vault: C:\Users\18826\Documents\work_doc_ob\Telpo
[2026-05-02 14:44:16] [2026-05-02 14:44:16] Finished. Processed vaults: 1; skipped entries: 0.
[2026-05-02 14:44:16] Installer finished.
[2026-05-02 14:49:16] Running installer: C:\Users\18826\Documents\work_doc_ob\Telpo\scripts\obsidian-claudian-auto\Install-ClaudianToObsidianVaults.ps1
[2026-05-02 14:49:16] [2026-05-02 14:49:16] Already installed/enabled claudian for vault: C:\Users\18826\Documents\work_doc_ob\Telpo
[2026-05-02 14:49:16] [2026-05-02 14:49:16] Finished. Processed vaults: 1; skipped entries: 0.
[2026-05-02 14:49:16] Installer finished.
[2026-05-02 14:54:16] Running installer: C:\Users\18826\Documents\work_doc_ob\Telpo\scripts\obsidian-claudian-auto\Install-ClaudianToObsidianVaults.ps1
[2026-05-02 14:54:16] [2026-05-02 14:54:16] Already installed/enabled claudian for vault: C:\Users\18826\Documents\work_doc_ob\Telpo
[2026-05-02 14:54:16] [2026-05-02 14:54:16] Finished. Processed vaults: 1; skipped entries: 0.
[2026-05-02 14:54:16] Installer finished.
[2026-05-02 14:59:17] Running installer: C:\Users\18826\Documents\work_doc_ob\Telpo\scripts\obsidian-claudian-auto\Install-ClaudianToObsidianVaults.ps1
[2026-05-02 14:59:17] [2026-05-02 14:59:17] Already installed/enabled claudian for vault: C:\Users\18826\Documents\work_doc_ob\Telpo
[2026-05-02 14:59:17] [2026-05-02 14:59:17] Finished. Processed vaults: 1; skipped entries: 0.
[2026-05-02 14:59:17] Installer finished.
[2026-05-02 15:04:17] Running installer: C:\Users\18826\Documents\work_doc_ob\Telpo\scripts\obsidian-claudian-auto\Install-ClaudianToObsidianVaults.ps1
[2026-05-02 15:04:17] [2026-05-02 15:04:17] Already installed/enabled claudian for vault: C:\Users\18826\Documents\work_doc_ob\Telpo
[2026-05-02 15:04:17] [2026-05-02 15:04:17] Finished. Processed vaults: 1; skipped entries: 0.
[2026-05-02 15:04:17] Installer finished.
[2026-05-02 15:09:17] Running installer: C:\Users\18826\Documents\work_doc_ob\Telpo\scripts\obsidian-claudian-auto\Install-ClaudianToObsidianVaults.ps1
[2026-05-02 15:09:17] [2026-05-02 15:09:17] Already installed/enabled claudian for vault: C:\Users\18826\Documents\work_doc_ob\Telpo
[2026-05-02 15:09:17] [2026-05-02 15:09:17] Finished. Processed vaults: 1; skipped entries: 0.
[2026-05-02 15:09:17] Installer finished.
[2026-05-02 15:14:17] Running installer: C:\Users\18826\Documents\work_doc_ob\Telpo\scripts\obsidian-claudian-auto\Install-ClaudianToObsidianVaults.ps1
[2026-05-02 15:14:17] [2026-05-02 15:14:17] Already installed/enabled claudian for vault: C:\Users\18826\Documents\work_doc_ob\Telpo
[2026-05-02 15:14:17] [2026-05-02 15:14:17] Finished. Processed vaults: 1; skipped entries: 0.
[2026-05-02 15:14:17] Installer finished.
[2026-05-02 15:19:17] Running installer: C:\Users\18826\Documents\work_doc_ob\Telpo\scripts\obsidian-claudian-auto\Install-ClaudianToObsidianVaults.ps1
[2026-05-02 15:19:17] [2026-05-02 15:19:17] Already installed/enabled claudian for vault: C:\Users\18826\Documents\work_doc_ob\Telpo
[2026-05-02 15:19:17] [2026-05-02 15:19:17] Finished. Processed vaults: 1; skipped entries: 0.
[2026-05-02 15:19:17] Installer finished.
[2026-05-02 15:24:17] Running installer: C:\Users\18826\Documents\work_doc_ob\Telpo\scripts\obsidian-claudian-auto\Install-ClaudianToObsidianVaults.ps1
[2026-05-02 15:24:17] [2026-05-02 15:24:17] Already installed/enabled claudian for vault: C:\Users\18826\Documents\work_doc_ob\Telpo
[2026-05-02 15:24:17] [2026-05-02 15:24:17] Finished. Processed vaults: 1; skipped entries: 0.
[2026-05-02 15:24:17] Installer finished.
[2026-05-02 15:29:17] Running installer: C:\Users\18826\Documents\work_doc_ob\Telpo\scripts\obsidian-claudian-auto\Install-ClaudianToObsidianVaults.ps1
[2026-05-02 15:29:17] [2026-05-02 15:29:17] Already installed/enabled claudian for vault: C:\Users\18826\Documents\work_doc_ob\Telpo
[2026-05-02 15:29:17] [2026-05-02 15:29:17] Finished. Processed vaults: 1; skipped entries: 0.
[2026-05-02 15:29:17] Installer finished.
[2026-05-02 15:34:17] Running installer: C:\Users\18826\Documents\work_doc_ob\Telpo\scripts\obsidian-claudian-auto\Install-ClaudianToObsidianVaults.ps1
[2026-05-02 15:34:17] [2026-05-02 15:34:17] Already installed/enabled claudian for vault: C:\Users\18826\Documents\work_doc_ob\Telpo
[2026-05-02 15:34:17] [2026-05-02 15:34:17] Finished. Processed vaults: 1; skipped entries: 0.
[2026-05-02 15:34:17] Installer finished.
[2026-05-02 15:39:18] Running installer: C:\Users\18826\Documents\work_doc_ob\Telpo\scripts\obsidian-claudian-auto\Install-ClaudianToObsidianVaults.ps1
[2026-05-02 15:39:18] [2026-05-02 15:39:18] Already installed/enabled claudian for vault: C:\Users\18826\Documents\work_doc_ob\Telpo
[2026-05-02 15:39:18] [2026-05-02 15:39:18] Finished. Processed vaults: 1; skipped entries: 0.
[2026-05-02 15:39:18] Installer finished.
[2026-05-02 15:44:18] Running installer: C:\Users\18826\Documents\work_doc_ob\Telpo\scripts\obsidian-claudian-auto\Install-ClaudianToObsidianVaults.ps1
[2026-05-02 15:44:18] [2026-05-02 15:44:18] Already installed/enabled claudian for vault: C:\Users\18826\Documents\work_doc_ob\Telpo
[2026-05-02 15:44:18] [2026-05-02 15:44:18] Finished. Processed vaults: 1; skipped entries: 0.
[2026-05-02 15:44:18] Installer finished.
[2026-05-02 15:49:18] Running installer: C:\Users\18826\Documents\work_doc_ob\Telpo\scripts\obsidian-claudian-auto\Install-ClaudianToObsidianVaults.ps1
[2026-05-02 15:49:18] [2026-05-02 15:49:18] Already installed/enabled claudian for vault: C:\Users\18826\Documents\work_doc_ob\Telpo
[2026-05-02 15:49:18] [2026-05-02 15:49:18] Finished. Processed vaults: 1; skipped entries: 0.
[2026-05-02 15:49:18] Installer finished.
[2026-05-02 15:54:18] Running installer: C:\Users\18826\Documents\work_doc_ob\Telpo\scripts\obsidian-claudian-auto\Install-ClaudianToObsidianVaults.ps1
[2026-05-02 15:54:18] [2026-05-02 15:54:18] Already installed/enabled claudian for vault: C:\Users\18826\Documents\work_doc_ob\Telpo
[2026-05-02 15:54:18] [2026-05-02 15:54:18] Finished. Processed vaults: 1; skipped entries: 0.
[2026-05-02 15:54:18] Installer finished.
[2026-05-02 15:59:18] Running installer: C:\Users\18826\Documents\work_doc_ob\Telpo\scripts\obsidian-claudian-auto\Install-ClaudianToObsidianVaults.ps1
[2026-05-02 15:59:18] [2026-05-02 15:59:18] Already installed/enabled claudian for vault: C:\Users\18826\Documents\work_doc_ob\Telpo
[2026-05-02 15:59:18] [2026-05-02 15:59:18] Finished. Processed vaults: 1; skipped entries: 0.
[2026-05-02 15:59:18] Installer finished.
[2026-05-02 16:04:18] Running installer: C:\Users\18826\Documents\work_doc_ob\Telpo\scripts\obsidian-claudian-auto\Install-ClaudianToObsidianVaults.ps1
[2026-05-02 16:04:18] [2026-05-02 16:04:18] Already installed/enabled claudian for vault: C:\Users\18826\Documents\work_doc_ob\Telpo
[2026-05-02 16:04:18] [2026-05-02 16:04:18] Finished. Processed vaults: 1; skipped entries: 0.
[2026-05-02 16:04:18] Installer finished.
[2026-05-02 16:09:18] Running installer: C:\Users\18826\Documents\work_doc_ob\Telpo\scripts\obsidian-claudian-auto\Install-ClaudianToObsidianVaults.ps1
[2026-05-02 16:09:18] [2026-05-02 16:09:18] Already installed/enabled claudian for vault: C:\Users\18826\Documents\work_doc_ob\Telpo
[2026-05-02 16:09:18] [2026-05-02 16:09:18] Finished. Processed vaults: 1; skipped entries: 0.
[2026-05-02 16:09:18] Installer finished.
[2026-05-02 16:14:19] Running installer: C:\Users\18826\Documents\work_doc_ob\Telpo\scripts\obsidian-claudian-auto\Install-ClaudianToObsidianVaults.ps1
[2026-05-02 16:14:19] [2026-05-02 16:14:19] Already installed/enabled claudian for vault: C:\Users\18826\Documents\work_doc_ob\Telpo
[2026-05-02 16:14:19] [2026-05-02 16:14:19] Finished. Processed vaults: 1; skipped entries: 0.
[2026-05-02 16:14:19] Installer finished.
[2026-05-02 16:19:19] Running installer: C:\Users\18826\Documents\work_doc_ob\Telpo\scripts\obsidian-claudian-auto\Install-ClaudianToObsidianVaults.ps1
[2026-05-02 16:19:19] [2026-05-02 16:19:19] Already installed/enabled claudian for vault: C:\Users\18826\Documents\work_doc_ob\Telpo
[2026-05-02 16:19:19] [2026-05-02 16:19:19] Finished. Processed vaults: 1; skipped entries: 0.
[2026-05-02 16:19:19] Installer finished.
[2026-05-02 16:24:19] Running installer: C:\Users\18826\Documents\work_doc_ob\Telpo\scripts\obsidian-claudian-auto\Install-ClaudianToObsidianVaults.ps1
[2026-05-02 16:24:19] [2026-05-02 16:24:19] Already installed/enabled claudian for vault: C:\Users\18826\Documents\work_doc_ob\Telpo
[2026-05-02 16:24:19] [2026-05-02 16:24:19] Finished. Processed vaults: 1; skipped entries: 0.
[2026-05-02 16:24:19] Installer finished.
[2026-05-02 16:29:19] Running installer: C:\Users\18826\Documents\work_doc_ob\Telpo\scripts\obsidian-claudian-auto\Install-ClaudianToObsidianVaults.ps1
[2026-05-02 16:29:19] [2026-05-02 16:29:19] Already installed/enabled claudian for vault: C:\Users\18826\Documents\work_doc_ob\Telpo
[2026-05-02 16:29:19] [2026-05-02 16:29:19] Finished. Processed vaults: 1; skipped entries: 0.
[2026-05-02 16:29:19] Installer finished.
[2026-05-02 16:34:19] Running installer: C:\Users\18826\Documents\work_doc_ob\Telpo\scripts\obsidian-claudian-auto\Install-ClaudianToObsidianVaults.ps1
[2026-05-02 16:34:19] [2026-05-02 16:34:19] Already installed/enabled claudian for vault: C:\Users\18826\Documents\work_doc_ob\Telpo
[2026-05-02 16:34:19] [2026-05-02 16:34:19] Finished. Processed vaults: 1; skipped entries: 0.
[2026-05-02 16:34:19] Installer finished.
[2026-05-02 16:39:19] Running installer: C:\Users\18826\Documents\work_doc_ob\Telpo\scripts\obsidian-claudian-auto\Install-ClaudianToObsidianVaults.ps1
[2026-05-02 16:39:19] [2026-05-02 16:39:19] Already installed/enabled claudian for vault: C:\Users\18826\Documents\work_doc_ob\Telpo
[2026-05-02 16:39:19] [2026-05-02 16:39:19] Finished. Processed vaults: 1; skipped entries: 0.
[2026-05-02 16:39:19] Installer finished.
[2026-05-02 16:44:19] Running installer: C:\Users\18826\Documents\work_doc_ob\Telpo\scripts\obsidian-claudian-auto\Install-ClaudianToObsidianVaults.ps1
[2026-05-02 16:44:19] [2026-05-02 16:44:19] Already installed/enabled claudian for vault: C:\Users\18826\Documents\work_doc_ob\Telpo
[2026-05-02 16:44:19] [2026-05-02 16:44:19] Finished. Processed vaults: 1; skipped entries: 0.
[2026-05-02 16:44:19] Installer finished.
[2026-05-02 16:49:19] Running installer: C:\Users\18826\Documents\work_doc_ob\Telpo\scripts\obsidian-claudian-auto\Install-ClaudianToObsidianVaults.ps1
[2026-05-02 16:49:19] [2026-05-02 16:49:19] Already installed/enabled claudian for vault: C:\Users\18826\Documents\work_doc_ob\Telpo
[2026-05-02 16:49:19] [2026-05-02 16:49:19] Finished. Processed vaults: 1; skipped entries: 0.
[2026-05-02 16:49:19] Installer finished.
[2026-05-02 16:54:20] Running installer: C:\Users\18826\Documents\work_doc_ob\Telpo\scripts\obsidian-claudian-auto\Install-ClaudianToObsidianVaults.ps1
[2026-05-02 16:54:20] [2026-05-02 16:54:20] Already installed/enabled claudian for vault: C:\Users\18826\Documents\work_doc_ob\Telpo
[2026-05-02 16:54:20] [2026-05-02 16:54:20] Finished. Processed vaults: 1; skipped entries: 0.
[2026-05-02 16:54:20] Installer finished.
[2026-05-02 16:59:20] Running installer: C:\Users\18826\Documents\work_doc_ob\Telpo\scripts\obsidian-claudian-auto\Install-ClaudianToObsidianVaults.ps1
[2026-05-02 16:59:20] [2026-05-02 16:59:20] Already installed/enabled claudian for vault: C:\Users\18826\Documents\work_doc_ob\Telpo
[2026-05-02 16:59:20] [2026-05-02 16:59:20] Finished. Processed vaults: 1; skipped entries: 0.
[2026-05-02 16:59:20] Installer finished.
[2026-05-02 17:04:20] Running installer: C:\Users\18826\Documents\work_doc_ob\Telpo\scripts\obsidian-claudian-auto\Install-ClaudianToObsidianVaults.ps1
[2026-05-02 17:04:20] [2026-05-02 17:04:20] Already installed/enabled claudian for vault: C:\Users\18826\Documents\work_doc_ob\Telpo
[2026-05-02 17:04:20] [2026-05-02 17:04:20] Finished. Processed vaults: 1; skipped entries: 0.
[2026-05-02 17:04:20] Installer finished.
[2026-05-02 17:09:20] Running installer: C:\Users\18826\Documents\work_doc_ob\Telpo\scripts\obsidian-claudian-auto\Install-ClaudianToObsidianVaults.ps1
[2026-05-02 17:09:20] [2026-05-02 17:09:20] Already installed/enabled claudian for vault: C:\Users\18826\Documents\work_doc_ob\Telpo
[2026-05-02 17:09:20] [2026-05-02 17:09:20] Finished. Processed vaults: 1; skipped entries: 0.
[2026-05-02 17:09:20] Installer finished.
[2026-05-02 17:14:20] Running installer: C:\Users\18826\Documents\work_doc_ob\Telpo\scripts\obsidian-claudian-auto\Install-ClaudianToObsidianVaults.ps1
[2026-05-02 17:14:20] [2026-05-02 17:14:20] Already installed/enabled claudian for vault: C:\Users\18826\Documents\work_doc_ob\Telpo
[2026-05-02 17:14:20] [2026-05-02 17:14:20] Finished. Processed vaults: 1; skipped entries: 0.
[2026-05-02 17:14:20] Installer finished.
[2026-05-02 17:19:20] Running installer: C:\Users\18826\Documents\work_doc_ob\Telpo\scripts\obsidian-claudian-auto\Install-ClaudianToObsidianVaults.ps1
[2026-05-02 17:19:20] [2026-05-02 17:19:20] Already installed/enabled claudian for vault: C:\Users\18826\Documents\work_doc_ob\Telpo
[2026-05-02 17:19:20] [2026-05-02 17:19:20] Finished. Processed vaults: 1; skipped entries: 0.
[2026-05-02 17:19:20] Installer finished.
[2026-05-02 17:24:20] Running installer: C:\Users\18826\Documents\work_doc_ob\Telpo\scripts\obsidian-claudian-auto\Install-ClaudianToObsidianVaults.ps1
[2026-05-02 17:24:20] [2026-05-02 17:24:20] Already installed/enabled claudian for vault: C:\Users\18826\Documents\work_doc_ob\Telpo
[2026-05-02 17:24:20] [2026-05-02 17:24:20] Finished. Processed vaults: 1; skipped entries: 0.
[2026-05-02 17:24:20] Installer finished.
[2026-05-02 17:29:20] Running installer: C:\Users\18826\Documents\work_doc_ob\Telpo\scripts\obsidian-claudian-auto\Install-ClaudianToObsidianVaults.ps1
[2026-05-02 17:29:20] [2026-05-02 17:29:20] Already installed/enabled claudian for vault: C:\Users\18826\Documents\work_doc_ob\Telpo
[2026-05-02 17:29:20] [2026-05-02 17:29:20] Finished. Processed vaults: 1; skipped entries: 0.
[2026-05-02 17:29:20] Installer finished.
[2026-05-02 17:34:21] Running installer: C:\Users\18826\Documents\work_doc_ob\Telpo\scripts\obsidian-claudian-auto\Install-ClaudianToObsidianVaults.ps1
[2026-05-02 17:34:21] [2026-05-02 17:34:21] Already installed/enabled claudian for vault: C:\Users\18826\Documents\work_doc_ob\Telpo
[2026-05-02 17:34:21] [2026-05-02 17:34:21] Finished. Processed vaults: 1; skipped entries: 0.
[2026-05-02 17:34:21] Installer finished.
[2026-05-02 17:39:21] Running installer: C:\Users\18826\Documents\work_doc_ob\Telpo\scripts\obsidian-claudian-auto\Install-ClaudianToObsidianVaults.ps1
[2026-05-02 17:39:21] [2026-05-02 17:39:21] Already installed/enabled claudian for vault: C:\Users\18826\Documents\work_doc_ob\Telpo
[2026-05-02 17:39:21] [2026-05-02 17:39:21] Finished. Processed vaults: 1; skipped entries: 0.
[2026-05-02 17:39:21] Installer finished.
[2026-05-02 17:44:21] Running installer: C:\Users\18826\Documents\work_doc_ob\Telpo\scripts\obsidian-claudian-auto\Install-ClaudianToObsidianVaults.ps1
[2026-05-02 17:44:21] [2026-05-02 17:44:21] Already installed/enabled claudian for vault: C:\Users\18826\Documents\work_doc_ob\Telpo
[2026-05-02 17:44:21] [2026-05-02 17:44:21] Finished. Processed vaults: 1; skipped entries: 0.
[2026-05-02 17:44:21] Installer finished.
[2026-05-02 17:49:21] Running installer: C:\Users\18826\Documents\work_doc_ob\Telpo\scripts\obsidian-claudian-auto\Install-ClaudianToObsidianVaults.ps1
[2026-05-02 17:49:21] [2026-05-02 17:49:21] Already installed/enabled claudian for vault: C:\Users\18826\Documents\work_doc_ob\Telpo
[2026-05-02 17:49:21] [2026-05-02 17:49:21] Finished. Processed vaults: 1; skipped entries: 0.
[2026-05-02 17:49:21] Installer finished.
[2026-05-02 17:54:21] Running installer: C:\Users\18826\Documents\work_doc_ob\Telpo\scripts\obsidian-claudian-auto\Install-ClaudianToObsidianVaults.ps1
[2026-05-02 17:54:21] [2026-05-02 17:54:21] Already installed/enabled claudian for vault: C:\Users\18826\Documents\work_doc_ob\Telpo
[2026-05-02 17:54:21] [2026-05-02 17:54:21] Finished. Processed vaults: 1; skipped entries: 0.
[2026-05-02 17:54:21] Installer finished.
[2026-05-02 17:59:21] Running installer: C:\Users\18826\Documents\work_doc_ob\Telpo\scripts\obsidian-claudian-auto\Install-ClaudianToObsidianVaults.ps1
[2026-05-02 17:59:21] [2026-05-02 17:59:21] Already installed/enabled claudian for vault: C:\Users\18826\Documents\work_doc_ob\Telpo
[2026-05-02 17:59:21] [2026-05-02 17:59:21] Finished. Processed vaults: 1; skipped entries: 0.
[2026-05-02 17:59:21] Installer finished.
[2026-05-02 18:04:21] Running installer: C:\Users\18826\Documents\work_doc_ob\Telpo\scripts\obsidian-claudian-auto\Install-ClaudianToObsidianVaults.ps1
[2026-05-02 18:04:21] [2026-05-02 18:04:21] Already installed/enabled claudian for vault: C:\Users\18826\Documents\work_doc_ob\Telpo
[2026-05-02 18:04:21] [2026-05-02 18:04:21] Finished. Processed vaults: 1; skipped entries: 0.
[2026-05-02 18:04:21] Installer finished.
[2026-05-02 18:09:22] Running installer: C:\Users\18826\Documents\work_doc_ob\Telpo\scripts\obsidian-claudian-auto\Install-ClaudianToObsidianVaults.ps1
[2026-05-02 18:09:22] [2026-05-02 18:09:22] Already installed/enabled claudian for vault: C:\Users\18826\Documents\work_doc_ob\Telpo
[2026-05-02 18:09:22] [2026-05-02 18:09:22] Finished. Processed vaults: 1; skipped entries: 0.
[2026-05-02 18:09:22] Installer finished.
[2026-05-02 18:14:22] Running installer: C:\Users\18826\Documents\work_doc_ob\Telpo\scripts\obsidian-claudian-auto\Install-ClaudianToObsidianVaults.ps1
[2026-05-02 18:14:22] [2026-05-02 18:14:22] Already installed/enabled claudian for vault: C:\Users\18826\Documents\work_doc_ob\Telpo
[2026-05-02 18:14:22] [2026-05-02 18:14:22] Finished. Processed vaults: 1; skipped entries: 0.
[2026-05-02 18:14:22] Installer finished.
[2026-05-02 18:19:22] Running installer: C:\Users\18826\Documents\work_doc_ob\Telpo\scripts\obsidian-claudian-auto\Install-ClaudianToObsidianVaults.ps1
[2026-05-02 18:19:22] [2026-05-02 18:19:22] Already installed/enabled claudian for vault: C:\Users\18826\Documents\work_doc_ob\Telpo
[2026-05-02 18:19:22] [2026-05-02 18:19:22] Finished. Processed vaults: 1; skipped entries: 0.
[2026-05-02 18:19:22] Installer finished.
[2026-05-02 18:24:22] Running installer: C:\Users\18826\Documents\work_doc_ob\Telpo\scripts\obsidian-claudian-auto\Install-ClaudianToObsidianVaults.ps1
[2026-05-02 18:24:22] [2026-05-02 18:24:22] Already installed/enabled claudian for vault: C:\Users\18826\Documents\work_doc_ob\Telpo
[2026-05-02 18:24:22] [2026-05-02 18:24:22] Finished. Processed vaults: 1; skipped entries: 0.
[2026-05-02 18:24:22] Installer finished.
[2026-05-02 18:29:22] Running installer: C:\Users\18826\Documents\work_doc_ob\Telpo\scripts\obsidian-claudian-auto\Install-ClaudianToObsidianVaults.ps1
[2026-05-02 18:29:22] [2026-05-02 18:29:22] Already installed/enabled claudian for vault: C:\Users\18826\Documents\work_doc_ob\Telpo
[2026-05-02 18:29:22] [2026-05-02 18:29:22] Finished. Processed vaults: 1; skipped entries: 0.
[2026-05-02 18:29:22] Installer finished.
[2026-05-02 18:34:22] Running installer: C:\Users\18826\Documents\work_doc_ob\Telpo\scripts\obsidian-claudian-auto\Install-ClaudianToObsidianVaults.ps1
[2026-05-02 18:34:22] [2026-05-02 18:34:22] Already installed/enabled claudian for vault: C:\Users\18826\Documents\work_doc_ob\Telpo
[2026-05-02 18:34:22] [2026-05-02 18:34:22] Finished. Processed vaults: 1; skipped entries: 0.
[2026-05-02 18:34:22] Installer finished.
[2026-05-02 18:39:22] Running installer: C:\Users\18826\Documents\work_doc_ob\Telpo\scripts\obsidian-claudian-auto\Install-ClaudianToObsidianVaults.ps1
[2026-05-02 18:39:22] [2026-05-02 18:39:22] Already installed/enabled claudian for vault: C:\Users\18826\Documents\work_doc_ob\Telpo
[2026-05-02 18:39:22] [2026-05-02 18:39:22] Finished. Processed vaults: 1; skipped entries: 0.
[2026-05-02 18:39:22] Installer finished.
[2026-05-02 18:44:22] Running installer: C:\Users\18826\Documents\work_doc_ob\Telpo\scripts\obsidian-claudian-auto\Install-ClaudianToObsidianVaults.ps1
[2026-05-02 18:44:22] [2026-05-02 18:44:22] Already installed/enabled claudian for vault: C:\Users\18826\Documents\work_doc_ob\Telpo
[2026-05-02 18:44:22] [2026-05-02 18:44:22] Finished. Processed vaults: 1; skipped entries: 0.
[2026-05-02 18:44:22] Installer finished.
[2026-05-02 18:49:22] Running installer: C:\Users\18826\Documents\work_doc_ob\Telpo\scripts\obsidian-claudian-auto\Install-ClaudianToObsidianVaults.ps1
[2026-05-02 18:49:23] [2026-05-02 18:49:23] Already installed/enabled claudian for vault: C:\Users\18826\Documents\work_doc_ob\Telpo
[2026-05-02 18:49:23] [2026-05-02 18:49:23] Finished. Processed vaults: 1; skipped entries: 0.
[2026-05-02 18:49:23] Installer finished.
[2026-05-02 18:54:23] Running installer: C:\Users\18826\Documents\work_doc_ob\Telpo\scripts\obsidian-claudian-auto\Install-ClaudianToObsidianVaults.ps1
[2026-05-02 18:54:23] [2026-05-02 18:54:23] Already installed/enabled claudian for vault: C:\Users\18826\Documents\work_doc_ob\Telpo
[2026-05-02 18:54:23] [2026-05-02 18:54:23] Finished. Processed vaults: 1; skipped entries: 0.
[2026-05-02 18:54:23] Installer finished.
[2026-05-02 18:59:23] Running installer: C:\Users\18826\Documents\work_doc_ob\Telpo\scripts\obsidian-claudian-auto\Install-ClaudianToObsidianVaults.ps1
[2026-05-02 18:59:23] [2026-05-02 18:59:23] Plugins already installed/enabled for vault: C:\Users\18826\Documents\work_doc_ob\Telpo; installed=22; enabledTotal=24
[2026-05-02 18:59:23] [2026-05-02 18:59:23] Finished. Plugins=22; processed vaults=1; skipped entries=0.
[2026-05-02 18:59:23] Installer finished.
